date,rocket_name,launch_site,orbit,payload_mass,satellite_name,outcome
2019-12-11,PSLV,Satish Dhawan Space Centre,LEO,22.0,1HOPSAT-TD (1st-generation High Optical Performance Satellite),Success
2023-01-03,Falcon 9,Cape Canaveral,LEO,4.0,AAC AIS-Sat1 (Kelpie 1),Success
2017-06-23,PSLV,Satish Dhawan Space Centre,LEO,4.5,Aalto-1 ,Success
2016-04-25,Soyuz-2.1a,Guiana Space Center,LEO,1.0,AAt-4,Success
2014-02-06,Ariane 5 ECA,Guiana Space Center,GEO,6330.0,"ABS-2 (Koreasat-8, ST-3)",Success
2016-06-15,Falcon 9,Cape Canaveral,GEO,1800.0,ABS-2A,Success
2015-03-02,Falcon 9,Cape Canaveral,GEO,2000.0,ABS-3A ,Success
2004-03-13,Atlas 3,Cape Canaveral,GEO,4143.0,"ABS-4 (ABS-2i, MBSat, Mobile Broadcasting Satellite, Han Byul)",Success
1999-09-26,Proton,Baikonur Cosmodrome,GEO,2894.0,"ABS-6 (ABS-1, LMI-1, Lockheed Martin-Intersputnik-1)",Success
2021-03-22,Soyuz-2.1a,Baikonur Cosmodrome,LEO,9.0,Adelis-Sampson 1,Success
2021-03-22,Soyuz-2.1a,Baikonur Cosmodrome,LEO,9.0,Adelis-Sampson 2,Success
2021-03-22,Soyuz-2.1a,Baikonur Cosmodrome,LEO,9.0,Adelis-Sampson 3,Success
2023-04-15,Falcon 9,Vandenberg AFB,LEO,11.5,ADLER-2,Success
2020-12-11,Delta 4 Heavy,Cape Canaveral,GEO,5400.0,"Advanced Orion 10 (Mentor, NRO L-44, USA 311)",Success
1998-05-09,Titan IVA,Cape Canaveral,GEO,5200.0,"Advanced Orion 4 (Mentor, NROL 6, USA 139)",Success
2003-09-09,Titan IV,Cape Canaveral,GEO,5200.0,"Advanced Orion 5 (Mentor, NROL 19, USA 171)",Success
2009-01-18,Delta 4 Heavy,Cape Canaveral,GEO,5400.0,"Advanced Orion 6 (Mentor, NRO L-26, USA 202)",Success
2010-11-21,Delta 4 Heavy,Cape Canaveral,GEO,5000.0,"Advanced Orion 7 (Mentor, NRO L-32, USA 223)",Success
2012-06-29,Delta 4 Heavy,Cape Canaveral,GEO,5000.0,"Advanced Orion 8 (Mentor, NRO L-15, USA 237)",Success
2016-06-11,Delta 4 Heavy,Cape Canaveral,GEO,5000.0,"Advanced Orion 9 (Mentor, NRO L-37, USA 268)",Success
2013-09-18,Atlas 5,Cape Canaveral,GEO,6169.0,"AEHF-3 (Advanced Extremely High Frequency satellite-3, USA 246)",Success
2018-10-17,Atlas 5,Cape Canaveral,GEO,6169.0,"AEHF-4 (Advanced Extremely High Frequency satellite-4, USA 288)",Success
2019-08-08,Atlas 5,Cape Canaveral,GEO,6169.0,"AEHF-5 (Advanced Extremely High Frequency satellite-5, USA 29USA 2)",Success
2020-03-26,Atlas 5,Cape Canaveral,GEO,6169.0,"AEHF-6 (Advanced Extremely High Frequency satellite-6, USA 298)",Success
2012-05-03,Atlas 5,Cape Canaveral,GEO,6169.0,"AEHF-USA 2 (Advanced Extremely High Frequency satellite-USA 2, USA 235)",Failure
2012-09-13,Atlas 5,Vandenberg AFB,LEO,3.0,Aeneas,Success
2018-08-22,Vega,Guiana Space Center,LEO,1367.0,Aeolus,Success
2018-12-17,Electron,Rocket Lab Launch Complex 1,LEO,4.0,Aerocube 11A (TOMSat Eagle Scout),Success
2018-12-17,Electron,Rocket Lab Launch Complex 1,LEO,4.0,Aerocube 11B (TOMSat R3),Success
2018-07-16,Nanorack Deployer,Cygnus,LEO,4.0,Aerocube 12A,Success
2018-07-16,Nanorack Deployer,Cygnus,LEO,4.0,Aerocube 12B,Success
2020-01-31,Nanorack Deployer,Cygnus,LEO,,Aerocube 14A,Success
2020-01-31,Nanorack Deployer,Cygnus,LEO,,Aerocube 14B,Success
2020-01-31,Nanorack Deployer,Cygnus,LEO,,Aerocube 15A,Success
2015-10-08,Atlas 5,Vandenberg AFB,LEO,1.5,Aerocube 5C,Success
2014-06-19,Dnepr,Dombarovsky Air Base,LEO,5.0,Aerocube 6A,Success
2014-06-19,Dnepr,Dombarovsky Air Base,LEO,5.0,Aerocube 6B,Success
2015-10-08,Atlas 5,Vandenberg AFB,LEO,2.0,Aerocube 7A,Failure
2016-11-11,Atlas 5,Vandenberg AFB,LEO,5.0,Aerocube 8C,Failure
2016-11-11,Atlas 5,Vandenberg AFB,LEO,2.0,Aerocube 8D,Success
2008-12-20,Ariane 5,Guiana Space Center,GEO,3460.0,"Afghansat-1 (Eutelsat 48D [Eutelsat 48B, Eutelsat W2M])",Success
2021-04-29,Vega W18,Guiana Space Center,LEO,9.0,AII-Bravo,Success
2021-01-24,Falcon 9,Cape Canaveral,LEO,9.0,AII-Charlie,Success
2007-04-25,Pegasus XL,Vandenberg AFB,LEO,215.0,AIM (Aeronomy of Ice in Mesosphere),Success
2010-07-12,PSLV,Satish Dhawan Space Centre,LEO,6.0,AISSat-1 (Automatic Identification System Satellite-1),Success
2014-07-08,Soyuz-2.1b,Baikonur Cosmodrome,LEO,6.0,AISSat-2 (Automatic Identification System Satellite-2),Success
2018-12-03,Falcon 9,Vandenberg AFB,LEO,2.6,AISTechSat-2,Success
2019-04-01,PSLV,Satish Dhawan Space Centre,LEO,2.3,AISTechSat-3,Success
2018-01-25,Ariane 5,Guiana Space Center,GEO,3795.0,Al Yah-3,Success
2018-12-03,Falcon 9,Vandenberg AFB,LEO,4.0,Al-Farabi-2,Success
2017-12-10,Long March 3B,Xichang Satellite Launch Center,GEO,5225.0,Alcomsat (Algerian Communications Satellite),Success
2019-12-06,Electron,Rocket Lab Launch Complex 1,LEO,75.0,ALE-2 (Astro Live Experiences-2),Success
2022-04-01,Falcon 9,Cape Canaveral,LEO,1.0,Alfa Crux,Success
2013-12-06,Atlas 5,Vandenberg AFB,LEO,5.0,ALiCE  (AFIT LEO iMESA CNT E),Success
2016-09-26,PSLV,Satish Dhawan Space Centre,LEO,103.0,Alsat-1B,Success
2016-09-26,PSLV,Satish Dhawan Space Centre,LEO,10.0,Alsat-1N,Success
2010-07-12,PSLV,Satish Dhawan Space Centre,LEO,130.0,Alsat-2A (Algeria Satellite 2A),Success
2016-09-26,PSLV,Satish Dhawan Space Centre,LEO,117.0,Alsat-2B,Success
2009-10-01,Ariane 5,Guiana Space Center,GEO,5465.0,Amazonas-2,Success
2013-02-07,Ariane 5 ECA,Guiana Space Center,GEO,6265.0,Amazonas-3,Success
2014-03-22,Ariane 5 ECA,Guiana Space Center,GEO,2938.0,Amazonas-4A,Success
2017-09-12,Proton,Baikonur Cosmodrome,GEO,5900.0,Amazonas-5,Failure
2023-02-07,Falcon 9,Cape Canaveral,GEO,4000.0,Amazonas-Nexus,Success
2021-02-28,PSLV,Satish Dhawan Space Centre,LEO,637.0,Amazonia-1 (SSR-1),Success
2004-05-19,Atlas 2AS,Cape Canaveral,GEO,2340.0,"AMC-11 (Americom-11, GE 11)",Success
2004-10-14,Proton M,Baikonur Cosmodrome,GEO,4200.0,AMC-15 (Americom-15),Success
2006-12-08,Ariane 5,Guiana Space Center,GEO,2081.0,AMC-18 (Americom 18),Success
2008-08-14,Ariane 5 ECA,Guiana Space Center,GEO,2500.0,AMC-21 (Americom 21),Success
2000-10-22,Proton K,Baikonur Cosmodrome,GEO,3901.0,"AMC-6 (Americom-6, GE-6)",Success
2019-07-05,Soyuz-2.1b,Vostochny Cosmodrome,LEO,4.0,AmGU-1 (AmurSat-1),Success
2019-08-06,Falcon 9,Cape Canaveral,GEO,6500.0,Amos 17,Success
2008-04-28,Zenit 3SLB,Baikonur Cosmodrome,GEO,,Amos 3,Success
2013-08-31,Zenit 2SB,Baikonur Cosmodrome,GEO,,Amos 4,Success
1974-11-15,Delta 2310,Vandenberg AFB,LEO,29.0,Amsat-Oscar 7 (AO-7),Success
2020-07-20,Falcon 9,Cape Canaveral,GEO,,"ANASIS-II (Army, Navy Air Force Satellite Information System 2, KMilSatCom 1)",Success
2020-06-13,Electron,Rocket Lab Launch Complex 1,LEO,9.0,ANDESITE Mule (Ad-Hoc Network Demonstration for Extended Satellite-Based Inquiry and Other Team Endeavors),Failure
2019-12-18,Soyuz,Guiana Space Center,LEO,18.0,ANGELS (Argos Neo on a Generic Economical and Light Satellite),Success
2022-10-12,Proton,Baikonur Cosmodrome,LEO,2150.0,Angosat-2,Success
2000-11-21,Ariane 44L,Guiana Space Center,GEO,4710.0,Anik F1 ,Success
2005-09-09,Proton M,Baikonur Cosmodrome,GEO,4500.0,Anik F1R,Failure
2004-07-18,Ariane 5,Guiana Space Center,GEO,5910.0,Anik F2 ,Failure
2007-04-09,Proton M,Baikonur Cosmodrome,GEO,4715.0,Anik F3,Success
2013-04-15,Proton M,Baikonur Cosmodrome,GEO,4905.0,Anik G1,Success
2004-06-29,Dnepr,Baikonur Cosmodrome,LEO,12.0,AprizeSat 1 (LatinSat-C),Success
2014-06-19,Dnepr,Dombarovsky Air Base,LEO,12.0,AprizeSat 10 (exactView-13),Success
2004-06-29,Dnepr,Baikonur Cosmodrome,LEO,12.0,AprizeSat 2 (LatinSat-D),Success
2009-07-29,Dnepr,Baikonur Cosmodrome,LEO,12.0,AprizeSat 3 ,Failure
2009-07-29,Dnepr,Baikonur Cosmodrome,LEO,12.0,AprizeSat 4 ,Success
2011-08-17,Dnepr,Dombarovsky Air Base,LEO,12.0,AprizeSat 5,Failure
2013-11-21,Dnepr,Dombarovsky Air Base,LEO,12.0,AprizeSat 7,Success
2013-11-21,Dnepr,Dombarovsky Air Base,LEO,12.0,AprizeSat 8 (exactView-12),Success
2014-06-19,Dnepr,Dombarovsky Air Base,LEO,12.0,AprizeSat 9 (exactView-11),Success
2018-05-03,Long March 3B,Xichang Satellite Launch Center,GEO,,Apstar 6C,Success
2020-07-09,Long March 3B,Xichang Satellite Launch Center,GEO,5550.0,Apstar 6D,Success
2023-01-12,Long March 3B,Xichang Satellite Launch Center,GEO,4300.0,Apstar 6E,Success
2012-03-31,Long March 3B,Xichang Satellite Launch Center,GEO,5054.0,Apstar 7,Success
2015-10-16,Long March 3B,Xichang Satellite Launch Center,GEO,5200.0,Apstar 9,Success
2011-09-21,Ariane 5 ECA,Guiana Space Center,GEO,4630.0,Arabsat 5C,Success
2019-04-11,Falcon Heavy,Cape Canaveral,GEO,6465.0,Arabsat 6A,Success
2021-01-24,Falcon 9/Sherpa FX,Cape Canaveral,LEO,1.0,ARCE 1A (Articulated Reconnaissance and Communications Expedition-1),Success
2021-01-24,Falcon 9/Sherpa FX,Cape Canaveral,LEO,1.0,ARCE 1B (Articulated Reconnaissance and Communications Expedition-1),Success
2021-01-24,Falcon 9/Sherpa FX,Cape Canaveral,LEO,1.0,ARCE 1C (Articulated Reconnaissance and Communications Expedition-1),Success
2022-04-01,Falcon 9,Cape Canaveral,LEO,10.0,ARCSAT ,Success
2021-11-08,H2A,Uchinoura Space Center,LEO,1.0,ARICA,Success
2021-02-28,Soyuz-2.1b,Baikonur Cosmodrome,Elliptical,2200.0,Arktika-M1,Success
2018-01-11,PSLV,Satish Dhawan Space Centre,LEO,10.0,Arkyd-6A,Success
2014-10-16,Ariane 5 ECA,Guiana Space Center,GEO,3000.0,ArSat 1,Success
2015-09-30,Ariane 5 ECA,Guiana Space Center,GEO,2977.0,ArSat 2,Success
2021-06-30,Falcon 9,Cape Canaveral,LEO,20.0,Arthur,Failure
2021-01-24,Falcon 9,Cape Canaveral,LEO,5.0,ASELSAT,Success
2009-08-11,Breeze M,Baikonur Cosmodrome,GEO,3760.0,AsiaSat-5,Success
2014-09-07,Falcon 9,Cape Canaveral,GEO,3700.0,AsiaSat-6 (Thaicom-7),Success
2011-11-25,Proton M,Baikonur Cosmodrome,GEO,3813.0,AsiaSat-7,Success
2014-08-05,Falcon 9,Cape Canaveral,GEO,4500.0,AsiaSat-8,Failure
2017-09-28,Proton,Baikonur Cosmodrome,GEO,6140.0,AsiaSat-9,Success
2000-03-21,Ariane 5G,Guiana Space Center,GEO,2775.0,AsiaStar ,Failure
2014-11-06,Dnepr,Dombarovsky Air Base,LEO,500.0,ASNARO 1 (Advanced Satellite with New system Architecture for Observation),Success
2018-01-17,Epsilon,Uchinoura Space Center,LEO,570.0,ASNARO 2 (Advanced Satellite with New system Architecture for Observation),Success
2021-11-08,H2A,Uchinoura Space Center,LEO,4.0,ASTERISC (Asutarisuku),Success
1997-12-02,Proton K,Baikonur Cosmodrome,GEO,3379.0,Astra 1G ,Success
2006-04-20,Atlas 5,Cape Canaveral,GEO,4332.0,Astra 1KR,Success
2007-05-04,Ariane 5 ECA,Guiana Space Center,GEO,4500.0,Astra 1L,Success
2008-11-05,Proton M,Baikonur Cosmodrome,GEO,5345.0,Astra 1M,Success
2011-08-06,Ariane 5 ECA,Guiana Space Center,GEO,5350.0,Astra 1N,Success
1998-08-30,Proton K,Baikonur Cosmodrome,GEO,3635.0,Astra 2A ,Failure
2001-06-16,Proton K,Baikonur Cosmodrome,GEO,3643.0,Astra 2C ,Failure
2000-12-19,Ariane 5G,Guiana Space Center,GEO,1420.0,Astra 2D,Success
2013-09-29,Proton M,Baikonur Cosmodrome,GEO,6052.0,Astra 2E (Eutelsat 28E),Success
2012-09-28,Ariane 5 ECA,Guiana Space Center,GEO,6000.0,Astra 2F (Eutelsat 28F),Success
2014-12-27,Proton M,Baikonur Cosmodrome,GEO,6000.0,Astra 2G (Eutelsat 28G),Success
2002-03-29,Ariane 44L,Guiana Space Center,GEO,1500.0,Astra 3A ,Success
2010-05-21,Ariane 5 ECA,Guiana Space Center,GEO,5471.0,Astra 3B,Success
2014-03-22,Ariane 5 ECA,Guiana Space Center,GEO,5724.0,Astra 5B,Failure
2018-01-11,PSLV,Satish Dhawan Space Centre,LEO,,Astranis Demosat-2,Success
2021-01-24,Falcon 9/Sherpa FX,Cape Canaveral,LEO,4.0,Astrocast-0101,Success
2021-01-24,Falcon 9/Sherpa FX,Cape Canaveral,LEO,4.0,Astrocast-0102 ,Success
2021-01-24,Falcon 9/Sherpa FX,Cape Canaveral,LEO,4.0,Astrocast-0103 ,Success
2021-01-24,Falcon 9/Sherpa FX,Cape Canaveral,LEO,4.0,Astrocast-0104 ,Failure
2021-01-24,Falcon 9/Sherpa FX,Cape Canaveral,LEO,4.0,Astrocast-0105 ,Success
2021-06-30,Falcon 9,Cape Canaveral,LEO,4.0,Astrocast-0201 ,Success
2021-06-30,Falcon 9,Cape Canaveral,LEO,4.0,Astrocast-0202   ,Success
2021-06-30,Falcon 9,Cape Canaveral,LEO,4.0,Astrocast-0203,Success
2021-06-30,Falcon 9,Cape Canaveral,LEO,4.0,Astrocast-0204 ,Failure
2021-06-30,Falcon 9,Cape Canaveral,LEO,4.0,Astrocast-0205 ,Success
2015-09-28,PSLV C-30,Satish Dhawan Space Centre,LEO,230.0,Astrosat,Success
2019-06-20,Ariane 5,Guiana Space Center,GEO,6350.0,AT&T T16,Success
2020-09-02,Vega,Guiana Space Center,LEO,138.0,Athena,Success
2014-02-06,Ariane 5 ECA,Guiana Space Center,GEO,3080.0,Athena-Fidus  (Access on THeatres for European Nations Allied forces - French Italian Dual Use Satellite),Success
2015-12-16,PSLV-C29,Satish Dhawan Space Centre,LEO,6.0,Athenoxat-1 (Athene Noctua Experimental Satellite) ,Success
2013-02-07,Ariane 5 ECA,Guiana Space Center,GEO,3250.0,Azerspace 1/Africasat-1a,Success
2018-09-25,Ariane 5 ECA,Guiana Space Center,GEO,3500.0,Azerspace 2/Intelsat-38,Success
2006-11-08,Proton M,Baikonur Cosmodrome,GEO,3304.0,Badr 4 (Arabsat 4B),Success
2010-06-03,Proton,Baikonur Cosmodrome,GEO,5420.0,Badr 5 (Arabsat 5B),Success
2010-06-26,Ariane 5 ECA,Guiana Space Center,GEO,4940.0,Badr 5A (Arabsat 5A),Success
2008-07-07,Ariane 5 ECA,Guiana Space Center,GEO,3400.0,Badr 6 (Arabsat 4AR),Success
2015-11-10,Ariane 5,Guiana Space Center,GEO,5500.0,Badr 7 (Arabsat 6B),Success
2018-05-11,Falcon 9,Cape Canaveral,GEO,3500.0,Bangabandhu 1 ,Success
2021-12-06,Ceres 1,Jiuquan Satellite Launch Center,LEO,20.0,Baoyun,Success
2015-02-27,Soyuz-2.1b,Plesetsk Cosmodrome,LEO,4000.0,BARS-M (Cosmos 2503),Failure
2016-03-24,Soyuz-2.1a,Plesetsk Cosmodrome,LEO,4000.0,BARS-M (Cosmos 2515),Failure
2022-05-19,Soyuz-2.1a,Plesetsk Cosmodrome,LEO,3700.0,BARS-M3 (Cosmos 2556),Success
2023-03-23,Soyuz-2.1a,Plesetsk Cosmodrome,LEO,3700.0,BARS-M4 (Cosmos 2567),Success
2023-04-02,Falcon 9,Vandenberg AFB,LEO,300.0,BB-1,Success
2023-04-02,Falcon 9,Vandenberg AFB,LEO,300.0,BB-2,Success
2022-04-01,Falcon 9,Cape Canaveral,LEO,1.0,BDSAT (CZE-BDSAT),Success
2023-01-03,Falcon 9,Cape Canaveral,LEO,2.0,BDSAT-2,Success
2021-03-22,Soyuz-2.1a,Baikonur Cosmodrome,LEO,1.0,Beesat-5 (Berlin Experimental and Educational Satellite-5),Success
2021-03-22,Soyuz-2.1a,Baikonur Cosmodrome,LEO,1.0,Beesat-6 (Berlin Experimental and Educational Satellite-6),Success
2021-03-22,Soyuz-2.1a,Baikonur Cosmodrome,LEO,1.0,Beesat-7 (Berlin Experimental and Educational Satellite-7),Success
2021-03-22,Soyuz-2.1a,Baikonur Cosmodrome,LEO,1.0,Beesat-8 (Berlin Experimental and Educational Satellite-8),Success
2019-07-05,Soyuz-2.1b,Vostochny Cosmodrome,LEO,1.0,"Beesat-9 (Berlin Experimental and Educational Satellite-9, Tubsat-17)",Success
2012-04-28,Long March 3B,Xichang Satellite Launch Center,MEO,2200.0,Beidou 2-12 (Compass M3),Success
2012-04-28,Long March 3B,Xichang Satellite Launch Center,MEO,2200.0,Beidou 2-13 (Compass M4),Failure
2012-09-18,Long March 3B,Xichang Satellite Launch Center,MEO,3800.0,Beidou 2-15 (Compass M6),Success
2012-10-25,Long March 3C,Xichang Satellite Launch Center,GEO,3800.0,Beidou 2-16 (Compass G-6),Success
2016-03-30,Long March 3A,Xichang Satellite Launch Center,GEO,4200.0,Beidou 2-17 (IGSO-6),Success
2016-06-12,Long March 3C,Xichang Satellite Launch Center,GEO,3800.0,Beidou 2-18 (Compass G-7),Success
2015-03-30,Long March 3C,Xichang Satellite Launch Center,GEO,4200.0,Beidou 3I-1S,Success
2015-09-29,Long March 3B,Xichang Satellite Launch Center,GEO,4200.0,Beidou 3I-2S,Success
2015-07-25,Long March 3B,Xichang Satellite Launch Center,MEO,800.0,Beidou 3M-1S,Failure
2015-07-25,Long March 3B,Xichang Satellite Launch Center,MEO,800.0,Beidou 3M-2S,Success
2017-11-05,Long March 3B,Xichang Satellite Launch Center,MEO,800.0,Beidou 3M1 ,Success
2019-09-22,Long March 3B,Xichang Satellite Launch Center,MEO,800.0,Beidou 3M1 (Beidou 23),Success
2019-09-22,Long March 3B,Xichang Satellite Launch Center,MEO,800.0,Beidou 3M1 (Beidou 24),Success
2017-11-05,Long March 3B,Xichang Satellite Launch Center,MEO,800.0,Beidou 3M1 (Beidou 25),Success
2018-01-11,Long March 3B,Xichang Satellite Launch Center,MEO,800.0,Beidou DW 26,Success
2018-01-11,Long March 3B,Xichang Satellite Launch Center,MEO,800.0,Beidou DW 27,Success
2018-02-12,Long March 3B,Xichang Satellite Launch Center,MEO,800.0,Beidou DW 28,Success
2018-02-12,Long March 3B,Xichang Satellite Launch Center,MEO,800.0,Beidou DW 29,Success
2018-03-29,Long March 3B,Xichang Satellite Launch Center,MEO,800.0,Beidou DW 30,Success
2018-03-29,Long March 3B,Xichang Satellite Launch Center,MEO,800.0,Beidou DW 31,Success
2018-07-09,Long March 3A,Xichang Satellite Launch Center,GEO,800.0,Beidou DW 32,Success
2018-07-29,Long March 3B,Xichang Satellite Launch Center,MEO,800.0,Beidou DW 33,Success
2018-07-29,Long March 3B,Xichang Satellite Launch Center,MEO,800.0,Beidou DW 34,Success
2018-08-24,Long March 3B,Xichang Satellite Launch Center,MEO,800.0,Beidou DW 35,Failure
2018-08-24,Long March 3B,Xichang Satellite Launch Center,MEO,800.0,Beidou DW 36,Success
2018-09-19,Long March 3B,Xichang Satellite Launch Center,MEO,800.0,Beidou DW 37,Success
2018-09-19,Long March 3B,Xichang Satellite Launch Center,MEO,800.0,Beidou DW 38,Success
2018-10-15,Long March 3B,Xichang Satellite Launch Center,MEO,800.0,Beidou DW 39,Success
2018-10-15,Long March 3B,Xichang Satellite Launch Center,MEO,800.0,Beidou DW 40,Success
2018-11-01,Long March 3B,Xichang Satellite Launch Center,GEO,800.0,Beidou DW 41,Success
2018-11-18,Long March 3B,Xichang Satellite Launch Center,MEO,800.0,Beidou DW 42,Success
2018-11-18,Long March 3B,Xichang Satellite Launch Center,MEO,800.0,Beidou DW 43,Success
2019-04-20,Long March 3B,Xichang Satellite Launch Center,GEO,800.0,Beidou DW 44,Failure
2019-05-17,Long March 3C,Xichang Satellite Launch Center,GEO,800.0,Beidou DW 45,Success
2019-06-24,Long March 3B,Xichang Satellite Launch Center,GEO,800.0,Beidou DW 46,Success
2019-11-05,Long March 3B,Xichang Satellite Launch Center,GEO,4200.0,Beidou DW 49 ,Success
2019-11-23,Long March 3B,Xichang Satellite Launch Center,MEO,800.0,Beidou DW 50,Success
2019-11-23,Long March 3B,Xichang Satellite Launch Center,MEO,800.0,Beidou DW 51,Failure
2019-12-16,Long March 3B,Xichang Satellite Launch Center,MEO,800.0,Beidou DW 52,Success
2019-12-16,Long March 3B,Xichang Satellite Launch Center,MEO,800.0,Beidou DW 53,Success
2020-06-23,Long March 3B,Xichang Satellite Launch Center,GEO,800.0,Beidou DW 55,Failure
2020-03-09,Long March 3B,Xichang Satellite Launch Center,GEO,2200.0,Beidou G3 (Compass G-3),Success
2010-10-31,Long March 3C,Xichang Satellite Launch Center,GEO,6000.0,Beidou G4 (Compass G-4),Success
2012-02-24,Long March 3A,Xichang Satellite Launch Center,GEO,2300.0,Beidou G5 (Compass G-11),Success
2010-07-31,Long March 3A,Xichang Satellite Launch Center,GEO,4200.0,Beidou IGSO-1 (Compass G-5),Success
2010-12-17,Long March 3A,Xichang Satellite Launch Center,GEO,4200.0,Beidou IGSO-2 (Compass G-7),Success
2011-04-09,Long March 3A,Xichang Satellite Launch Center,GEO,4200.0,Beidou IGSO-3 (Compass G-8),Failure
2011-07-26,Long March 3A,Xichang Satellite Launch Center,GEO,4200.0,Beidou IGSO-4 (Compass G-9),Success
2011-12-01,Long March 3A,Xichang Satellite Launch Center,GEO,4200.0,Beidou IGSO-5 (Compass G-10),Success
2021-06-11,Long March 2D,Taiyuan Launch Center,LEO,,Beijing-3,Success
2005-10-27,Kosmos 3M,Plesetsk Cosmodrome,LEO,166.0,"BeijingGalaxy-1 (Beijing 1 [Tsinghua], Tsinghau-2, China DMC+4)",Success
2023-01-15,Long March 2D,Taiyuan Launch Center,LEO,50.0,Beiyou-1,Success
2016-01-15,Long March 3B,Xichang Satellite Launch Center,GEO,5223.0,Belintersat-1,Failure
2001-10-22,PSLV C3,Satish Dhawan Space Centre,LEO,92.0,Bird 2 (Bispectral InfraRed Detector 2),Success
2023-01-03,Falcon 9,Cape Canaveral,LEO,10.0,Birkeland (MilSpace 2-1),Success
2016-06-22,PSLV XL,Satish Dhawan Space Centre,LEO,130.0,BIROS (Bispectral Infrared Optical System),Success
2015-10-08,Atlas 5,Cape Canaveral,LEO,1.0,BisonSat (Nwist Qwiqway),Success
2012-07-22,Soyuz-Fregat,Baikonur Cosmodrome,LEO,400.0,BKA 2 (BelKA 2),Success
2018-11-29,PSLV,Satish Dhawan Space Centre,LEO,56.0,BlackSky Global 1,Success
2021-11-18,Electron,Rocket Lab Launch Complex 1,LEO,55.0,BlackSky Global 14,Success
2021-11-18,Electron,Rocket Lab Launch Complex 1,LEO,55.0,BlackSky Global 15,Success
2021-12-09,Electron,Rocket Lab Launch Complex 1,LEO,55.0,BlackSky Global 16,Success
2021-12-09,Electron,Rocket Lab Launch Complex 1,LEO,55.0,BlackSky Global 17,Success
2022-04-02,Electron,Rocket Lab Launch Complex 1,LEO,55.0,BlackSky Global 18,Success
2023-03-24,Electron,Rocket Lab Launch Complex 1,LEO,55.0,BlackSky Global 19,Success
2018-12-03,Falcon 9,Vandenberg AFB,LEO,55.0,BlackSky Global 2,Success
2022-04-02,Electron,Rocket Lab Launch Complex 1,LEO,55.0,BlackSky Global 20,Success
2019-06-29,Electron,Rocket Lab Launch Complex 1,LEO,56.0,BlackSky Global 3,Success
2019-08-19,Electron,Rocket Lab Launch Complex 1,LEO,56.0,BlackSky Global 4,Success
2020-08-07,Falcon 9,Cape Canaveral,LEO,56.0,BlackSky Global 7,Success
2020-08-07,Falcon 9,Cape Canaveral,LEO,56.0,BlackSky Global 8,Success
2021-03-22,Electron,Rocket Lab Launch Complex 1,LEO,56.0,BlackSky Global 9,Success
2016-09-26,PSLV,Satish Dhawan Space Centre,LEO,44.0,BlackSky Pathfinder 1,Success
2017-08-16,Proton,Baikonur Cosmodrome,GEO,3000.0,Blagovest-11L (Cosmos 2520),Success
2018-04-18,Proton,Baikonur Cosmodrome,GEO,3000.0,Blagovest-12L (Cosmos 2526),Success
2018-12-20,Proton,Baikonur Cosmodrome,GEO,3000.0,Blagovest-13L (Cosmos 2533),Failure
2019-08-05,Proton,Baikonur Cosmodrome,GEO,3000.0,Blagovest-14L (Cosmos 2539),Failure
2019-04-01,PSLV,Satish Dhawan Space Centre,LEO,10.0,Bluewalker 1,Success
2022-09-11,Falcon 9,Cape Canaveral,LEO,1500.0,Bluewalker 3,Success
2000-08-17,Ariane 44LP,Guiana Space Center,GEO,2495.0,Brazilsat B-4 (Brasilsat B-4),Success
2021-06-30,LauncherOne,Virgin Orbit,LEO,10.0,Brik-II,Success
2018-12-03,Falcon 9,Vandenberg AFB,LEO,4.0,BRIO ,Success
2016-06-19,Ariane 5 ECA,Guiana Space Center,GEO,3540.0,BRISat,Success
2014-06-19,Dnepr,Dombarovsky Air Base,LEO,10.0,BRITE-CA-1 (BRITE Toronto),Success
2014-08-19,Long March 2B,Taiyuan Launch Center,LEO,10.0,"BRITE-PL-2 (BRIght-star Target Explorer - Poland, Hevelius)",Success
2019-08-19,Electron,Rocket Lab Launch Complex 1,LEO,8.0,BRO-1,Success
2020-11-20,Electron,Rocket Lab Launch Complex 1,LEO,8.0,BRO-2,Success
2020-11-20,Electron,Rocket Lab Launch Complex 1,LEO,8.0,BRO-3,Success
2021-08-17,Vega,Guiana Space Center,LEO,8.0,BRO-4,Failure
2022-05-02,Electron,Rocket Lab Launch Complex 1,LEO,8.0,BRO-6,Success
2022-04-01,Falcon 9,Cape Canaveral,LEO,10.0,BRO-7,Success
2023-01-03,Falcon 9,Cape Canaveral,LEO,10.0,BRO-8,Success
2023-04-15,Falcon 9,Vandenberg AFB,LEO,10.0,BRO-9,Success
2023-04-15,Falcon 9,Vandeberg AFB,LEO,10.0,Brokkr-1 (OrbAstro-AF-1)  ,Success
2007-08-14,Ariane 5 ECA,Guiana Space Center,GEO,1980.0,BSAT-3A,Success
2010-10-28,Ariane 5 ECA,Guiana Space Center,GEO,2060.0,BSAT-3B,Success
2011-08-06,Ariane 5 ECA,Guiana Space Center,GEO,2910.0,BSAT-3C/JCSat 110-R,Success
2017-09-29,Ariane 5,Guiana Space Center,GEO,3520.0,BSAT-4A,Success
2020-08-15,Ariane 5,Guiana Space Center,GEO,3520.0,BSAT-4B,Success
2017-11-18,Delta 2,Vandenberg AFB,LEO,4.0,Buccaneer RMM,Success
2019-06-05,Long March 11,Yellow Sea Launch Platform,LEO,,Bufeng-1A,Success
2019-06-05,Long March 11,Yellow Sea Launch Platform,LEO,,Bufeng-1B,Success
2014-06-19,Dnepr,Dombarovsky Air Base,LEO,25.0,Bugsat-1 (Tita),Success
2017-06-23,Falcon 9,Cape Canaveral,GEO,3669.0,BulgariaSat-1,Success
2021-01-17,LauncherOne,FANTM-RAiL [Xtenti],LEO,4.0,CACTUS-1 (Coordinated Applied Capitol Technology University Satellite 1),Failure
2006-04-28,Delta 2,Vandenberg AFB,LEO,587.0,Calipso (Cloud-Aerosol Lidar and Infrared Pathfinder Satellite Observation),Success
2008-04-28,PSLV C9,Satish Dhawan Space Centre,LEO,7.0,CanX-2 (Canadian Advanced Nanospace experiment),Success
2014-06-30,PSLV-CA,Satish Dhawan Space Centre,LEO,15.0,CanX-4,Success
2014-06-30,PSLV-CA,Satish Dhawan Space Centre,LEO,15.0,CanX-5,Success
2016-09-26,PSLV,Satish Dhawan Space Centre,LEO,15.0,CanX-7,Success
2021-01-17,LauncherOne,FANTM-RAiL [Xtenti],LEO,1.0,CAPE-3 (Cajun Advanced Picosatellite Experiment-3),Failure
2023-03-16,Electron,Mid-Atlantic Regional Spaceport/Wallops Island,LEO,112.0,Capella-10 (Whitney 8),Success
2021-05-06,Falcon 9,Cape Canaveral,LEO,100.0,Capella-6 (Whitney 4),Success
2022-01-13,Falcon 9,Cape Canaveral,LEO,112.0,Capella-7 (Whitney 5),Success
2022-01-13,Falcon 9,Cape Canaveral,LEO,112.0,Capella-8 (Whitney 6),Success
2023-03-16,Electron,Mid-Atlantic Regional Spaceport/Wallops Island,LEO,112.0,Capella-9 (Whitney 7),Success
2005-05-05,PSLV C6,Satish Dhawan Space Centre,LEO,1560.0,CartoSat 1 (IRS P5),Success
2007-01-10,PSLV C7,Satish Dhawan Space Centre,LEO,680.0,"CartoSat 2 (IRS P7, CartoSat 2AT)",Success
2008-04-28,PSLV C9,Satish Dhawan Space Centre,LEO,680.0,CartoSat 2A,Success
2010-07-12,PSLV,Satish Dhawan Space Centre,LEO,694.0,CartoSat 2B,Success
2016-06-22,PSLV XL,Satish Dhawan Space Centre,LEO,727.0,CartoSat 2C,Success
2017-02-15,PSLV XL,Satish Dhawan Space Centre,LEO,714.0,CartoSat 2D,Success
2017-06-22,PSLV,Satish Dhawan Space Centre,LEO,712.0,CartoSat 2E,Success
2018-01-11,PSLV,Satish Dhawan Space Centre,LEO,712.0,CartoSat 2F,Success
2019-11-27,PSLV,Satish Dhawan Space Centre,LEO,1625.0,CartoSat 3,Failure
2021-03-22,Soyuz-2.1a,Baikonur Cosmodrome,LEO,500.0,CAS500-1,Success
2013-09-29,Falcon 9,Vandenberg AFB,LEO,490.0,Cassiope (CAScade SmallSat and Ionospheric Polar Explorer),Success
2018-04-14,Atlas 5,Cape Canaveral,GEO,,"CBAS-1 (USA 283, Continuous Broadcast Augmenting SATCOM-1)",Success
2023-01-16,Falcon Heavy,Cape Canaveral,GEO,3200.0,"CBAS-2 (USA 342, Continuous Broadcast Augmenting SATCOM-2, USSF 67)",Success
2014-12-07,Long March 4B,Taiyuan Launch Center,LEO,1980.0,CBERS 4 (China-Brazil Earth Resources Satellite 4),Success
2019-12-21,Long March 4B,Taiyuan Launch Center,LEO,1980.0,CBERS 4A (China-Brazil Earth Resources Satellite 4A),Success
2015-07-10,PSLV,Satish Dhawan Space Centre,LEO,91.0,CBNT-1 (Carbonite 1),Success
2018-01-11,PSLV,Satish Dhawan Space Centre,LEO,,CBNT-2 (Carbonite 2),Success
2017-06-22,PSLV,Satish Dhawan Space Centre,LEO,3.0,CE-SAT-1 (Canon Electric Satellite 1),Failure
2020-10-28,Electron,Rocket Lab Launch Complex 1,LEO,36.0,CE-SAT-2B (Canon Electric Satellite 2B),Success
2016-11-11,Atlas 5,Vandenberg AFB,LEO,3.0,CELTEE-1 (CubeSat Enhanced Locator Transponder Evaluation Experiment-1),Failure
2018-11-29,PSLV,Satish Dhawan Space Centre,LEO,4.0,Centauri-1,Success
2018-12-03,Falcon 9,Vandenberg AFB,LEO,4.0,Centauri-2,Success
2018-09-29,Kuaizhou,Jiuquan Satellite Launch Center,LEO,100.0,Centispace-1-S1,Success
2018-12-16,Electron,Rocket Lab Launch Complex 1,LEO,4.0,CeReS (Compact Radiation belt Explorer),Success
2021-11-16,Vega,Guiana Space Center,LEO,400.0,CERES 1 (CapacitÉ de Renseignement Électromagnétique Spatiale),Success
2021-11-16,Vega,Guiana Space Center,LEO,400.0,CERES 2 (CapacitÉ de Renseignement Électromagnétique Spatiale),Success
2021-11-16,Vega,Guiana Space Center,LEO,400.0,CERES 3 (CapacitÉ de Renseignement Électromagnétique Spatiale),Success
2021-09-27,Atlas 5,Vandenberg AFB,LEO,10.0,Cesium Satellite 1,Success
2021-09-27,Atlas 5,Vandenberg AFB,LEO,10.0,Cesium Satellite 2,Success
2018-10-28,Long March 2C,Jiuquan Satellite Launch Center,LEO,700.0,CFOSat (China-France Oceanography Satellite),Failure
2021-03-22,Soyuz-2.1a,Baikonur Cosmodrome,LEO,3.0,Challenge One,Success
1999-07-23,Space Shuttle (STS 93),Cape Canaveral,Elliptical,4742.0,Chandra X-Ray Observatory (CXO),Success
2018-10-29,Long March 2C,Jiuquan Satellite Launch Center,LEO,8.0,Changshagaoxin (TY 4-01) ,Success
2016-12-21,Long March 2D,Jiuquan Satellite Launch Center,LEO,50.0,Chao Fenbianlu Duo Guangpu Chengxiang Weixing (Ultra-resolution multispectral imaging satellite),Success
2022-02-27,Long March 8,Wenchang Space Center,LEO,325.0,Chaohu-1,Failure
2021-10-14,Long March 2D,Taiyuan Launch Center,LEO,500.0,"CHASE (Chinese Hydrogen Alpha Solar Explorer, Xihe)",Success
2023-04-02,Falcon 9,Vandenberg AFB,LEO,150.0,Checkmate 1,Success
2023-04-02,Falcon 9,Vandenberg AFB,LEO,150.0,Checkmate 2,Success
2023-04-02,Falcon 9,Vandenberg AFB,LEO,150.0,Checkmate 3,Success
2023-04-02,Falcon 9,Vandenberg AFB,LEO,150.0,Checkmate 4,Success
2023-04-02,Falcon 9,Vandenberg AFB,LEO,150.0,Checkmate 5,Success
2023-04-02,Falcon 9,Vandenberg AFB,LEO,150.0,Checkmate 6,Success
2023-04-02,Falcon 9,Vandenberg AFB,LEO,150.0,Checkmate 7,Success
2023-04-02,Falcon 9,Vandenberg AFB,LEO,150.0,Checkmate 8,Success
2019-12-18,Soyuz,Guiana Space Center,LEO,273.0,CHEOPS (CHaracterising ExOPlanet Satellite),Success
2023-01-03,Falcon 9,Cape Canaveral,LEO,270.0,Chimera LEO-1,Success
2018-12-16,Electron,Rocket Lab Launch Complex 1,LEO,4.0,CHOMPTT (CubeSat Handling Of Multisystem Precision Time Transfer),Success
2003-10-21,Long March 3B,Taiyuan Launch Center,LEO,100.0,"Chuangxin 1-1 (Innovation 1-1, Chuang Xin 1, CX-1-1)",Success
2008-11-05,Long March 2D,Jiuquan Satellite Launch Center,LEO,100.8,Chuangxin 1-2 (Innovation 1-2),Success
2011-11-20,Long March 2D,Jiuquan Satellite Launch Center,LEO,100.0,Chuangxin 1-3 (Innovation 1-3),Success
2014-09-04,Long March 2D,Jiuquan Satellite Launch Center,LEO,100.0,Chuangxin 1-4 (Innovation 1-4),Success
2022-08-23,Kuaizhou-1A,Xichang Satellite Launch Center,LEO,100.0,Chuangxin-16A,Success
2022-08-23,Kuaizhou-1A,Xichang Satellite Launch Center,LEO,100.0,Chuangxin-16B,Success
2013-07-19,Long March 2C,Taiyuan Launch Center,LEO,200.0,Chuangxin-3,Success
2018-11-10,Electron,Rocket Lab Launch Complex 1,LEO,10.0,Cicero-10 (Community Initiative for Cellular Earth Remote Observation-10),Success
2017-07-14,Soyuz-2.1a,Baikonur Cosmodrome,LEO,10.0,Cicero-2,Success
2022-05-25,Falcon 9,Cape Canaveral,LEO,,Cicero-2 OP1,Success
2022-05-25,Falcon 9,Cape Canaveral,LEO,10.0,Cicero-2 OP2,Success
2017-07-14,Soyuz-2.1a,Baikonur Cosmodrome,LEO,10.0,Cicero-3,Success
2017-06-23,PSLV,Satish Dhawan Space Centre,LEO,10.0,Cicero-6 (Community Initiative for Cellular Earth Remote Observation-6),Success
2018-01-11,PSLV,Satish Dhawan Space Centre,LEO,10.0,Cicero-7 (Community Initiative for Cellular Earth Remote Observation-7),Success
2008-12-10,Proton M,Baikonur Cosmodrome,GEO,,Ciel-2,Success
2012-09-13,Atlas 5,Vandenberg AFB,LEO,3.15,"CINEMA-1 (Cubesat for Ion, Neutral, Electron, Magnetic fields)",Success
2023-04-15,Falcon 9,Vandenberg AFB,LEO,5.0,CIRBE (Colorado Inner Radiation Belt Experiment),Success
2020-01-31,SEOPS Slingshot Deployer,Cygnus,LEO,9.0,CIRiS (Compact Radiometer in Space),Success
2014-09-16,Atlas 5,Cape Canaveral,GEO,,CLIO (USA 257),Success
2006-04-28,Delta 2,Vandenberg AFB,LEO,848.0,Cloudsat,Success
2020-12-17,PSLV-XL,Satish Dhawan Space Centre,GEO,1500.0,CMS-1 (GSAT 12R),Success
2021-06-30,LauncherOne,Virgin Orbit,LEO,5.0,CNCE-1,Success
2021-06-30,LauncherOne,Virgin Orbit,LEO,5.0,CNCE-3,Success
2017-06-23,PSLV,Satish Dhawan Space Centre,LEO,4.5,Compass-2 (QB50-DE04),Success
2010-06-26,Ariane 5 ECA,Guiana Space Center,GEO,2460.0,"COMS-1 (Communication, Ocean and Meteorological Satellite; Cheollian)",Success
2009-10-01,Ariane 5,Guiana Space Center,GEO,2440.0,COMSATBw-1 (COmmunications SATellite für BundesWehr),Success
2010-05-21,Ariane 5,Guiana Space Center,GEO,2440.0,COMSATBw-2 (COmmunications SATellite für BundesWehr),Failure
2023-01-03,Falcon 9,Cape Canaveral,LEO,10.0,Connecta T1-2 ,Success
2023-04-15,Falcon 9,Vandenberg AFB,LEO,10.0,Connecta T2-1,Success
2003-01-06,Titan 2,Vandenberg AFB,LEO,817.0,Coriolis (Windsat),Success
2017-07-12,Soyuz-2,Baikonur Cosmodrome,LEO,10.0,CORVUS BC1 (Landmapper),Success
2017-07-12,Soyuz-2,Baikonur Cosmodrome,LEO,10.0,CORVUS BC2 (Landmapper),Success
2018-01-12,PSLV,Satish Dhawan Space Centre,LEO,10.0,CORVUS BC3 (Landmapper),Failure
2018-12-03,Falcon 9,Vandenberg AFB,LEO,10.0,CORVUS BC4 (Landmapper),Success
2020-11-20,Electron,Rocket Lab Launch Complex 1,LEO,10.0,CORVUS BC5 (Landmapper),Success
2019-06-25,Falcon Heavy,Cape Canaveral,LEO,280.0,"COSMIC 2-1 (COSMIC FM-1, Formosat 7A)",Success
2019-06-25,Falcon Heavy,Cape Canaveral,LEO,280.0,"COSMIC 2-2 (COSMIC FM-2, Formosat 7B)",Success
2019-06-25,Falcon Heavy,Cape Canaveral,LEO,280.0,"COSMIC 2-3 (COSMIC FM-3, Formosat 7C)",Success
2019-06-25,Falcon Heavy,Cape Canaveral,LEO,280.0,"COSMIC 2-4 (COSMIC FM-4, Formosat 7D)",Success
2019-06-25,Falcon Heavy,Cape Canaveral,LEO,280.0,"COSMIC 2-5 (COSMIC FM-5, Formosat 7E)",Success
2019-06-25,Falcon Heavy,Cape Canaveral,LEO,280.0,"COSMIC 2-6 (COSMIC FM-6, Formosat 7F)",Failure
2006-04-15,Minotaur-1,Vandenberg AFB,LEO,70.0,"COSMIC-A (Formosat-3A, Constellation Observing System for Meteorology, Ionosphere and Climate)",Success
2006-04-15,Minotaur-1,Vandenberg AFB,LEO,70.0,"COSMIC-B (Formosat-3B, Constellation Observing System for Meteorology, Ionosphere and Climate)",Success
2006-04-15,Minotaur-1,Vandenberg AFB,LEO,70.0,"COSMIC-D (Formosat-3D, Constellation Observing System for Meteorology, Ionosphere and Climate)",Success
2006-04-15,Minotaur-1,Vandenberg AFB,LEO,70.0,"COSMIC-E (Formosat-3E, Constellation Observing System for Meteorology, Ionosphere and Climate)",Success
2006-04-15,Minotaur-1,Vandenberg AFB,LEO,70.0,"COSMIC-F (Formosat-3F, Constellation Observing System for Meteorology, Ionosphere and Climate)",Success
2007-06-08,Delta 7000,Vandenberg AFB,LEO,1700.0,COSMO-Skymed 1 (Constellation of small Satellites for Mediterranean basin Observation),Success
2007-12-09,Delta 2,Vandenberg AFB,LEO,1700.0,COSMO-Skymed 2 (Constellation of small Satellites for Mediterranean basin Observation),Success
2008-10-25,Delta 7420,Vandenberg AFB,LEO,1700.0,COSMO-Skymed 3 (Constellation of small Satellites for Mediterranean basin Observation),Success
2010-11-06,Delta 2,Vandenberg AFB,LEO,1700.0,COSMO-Skymed 4 (Constellation of small Satellites for Mediterranean basin Observation),Failure
2022-01-31,Falcon 9,Cape Canaveral,LEO,1800.0,COSMO-Skymed FM2,Success
2015-03-31,Rokot,Plesetsk Cosmodrome,LEO,,Cosmos 2504,Success
2019-07-10,Soyuz-2.1v,Plesetsk Cosmodrome,LEO,,Cosmos 2535,Success
2019-07-10,Soyuz-2.1v,Plesetsk Cosmodrome,LEO,,Cosmos 2536,Success
2019-11-25,Soyuz-2.1v,Plesetsk Cosmodrome,LEO,,Cosmos 2542,Success
2019-11-25,Soyuz-2.1v,Plesetsk Cosmodrome,LEO,,Cosmos 2543,Failure
2023-03-29,Soyuz-2.1v,Plesetsk Cosmodrome,LEO,,Cosmos 2568,Failure
2019-07-10,Soyuz-2.1v,Plesetsk Cosmodrome,LEO,,Cosmos 3537,Success
2019-07-10,Soyuz-2.1v,Plesetsk Cosmodrome,LEO,,Cosmos 3538,Success
2015-01-31,Delta 2,Vandenberg AFB,LEO,4.0,CP-10 (Exocube),Failure
2010-04-08,Dnepr,Baikonur Cosmodrome,LEO,720.0,Cryosat-2 ,Success
2019-12-18,Soyuz,Guiana Space Center,LEO,2205.0,CSG-1 (COSMO-SkyMed Second Generation),Success
2018-12-03,Falcon 9,Vandenberg AFB,LEO,6.0,CSIM-FD (Compact Spectral Irradiance Monitor - Flight Demonstration),Success
2018-12-19,Soyuz,Guiana Space Center,LEO,3565.0,CSO-1 (Optical Space Component-1),Failure
2020-12-28,Soyuz,Guiana Space Center,LEO,3565.0,CSO-2 (Optical Space Component-2),Success
2013-11-21,Dnepr,Dombarovsky Air Base,LEO,2.0,"Cubebug 2 (Manolito, LO-74)",Success
2018-12-16,Electron,Rocket Lab Launch Complex 1,LEO,3.0,CubeSail T,Failure
2003-06-30,Dnepr,Plesetsk Cosmodrome,LEO,,"Cubesat XI-IV (Oscar 57, CO-57)",Success
2021-09-27,Atlas 5,Vandenberg AFB,LEO,10.0,CuPID (Cusp Plasma Imaging Detector),Success
2021-09-27,Atlas 5,Vandenberg AFB,LEO,10.0,CUTE (Colorado Ultraviolet Transit Experiment),Success
2016-12-15,Pegasus,Orbital ATK L-1011,LEO,29.0,CYGNSS FM01 (Cyclone Global Navigation Satellite System),Success
2016-12-15,Pegasus,Orbital ATK L-1011,LEO,29.0,CYGNSS FM02 (Cyclone Global Navigation Satellite System),Success
2016-12-15,Pegasus,Orbital ATK L-1011,LEO,29.0,CYGNSS FM03 (Cyclone Global Navigation Satellite System),Success
2016-12-15,Pegasus,Orbital ATK L-1011,LEO,29.0,CYGNSS FM04 (Cyclone Global Navigation Satellite System),Success
2016-12-15,Pegasus,Orbital ATK L-1011,LEO,29.0,CYGNSS FM05 (Cyclone Global Navigation Satellite System),Success
2016-12-15,Pegasus,Orbital ATK L-1011,LEO,29.0,CYGNSS FM06 (Cyclone Global Navigation Satellite System),Success
2016-12-15,Pegasus,Orbital ATK L-1011,LEO,29.0,CYGNSS FM07 (Cyclone Global Navigation Satellite System),Success
2016-12-15,Pegasus,Orbital ATK L-1011,LEO,29.0,CYGNSS FM08 (Cyclone Global Navigation Satellite System),Success
2018-12-27,Soyuz-2.1a,Vostochny Cosmodrome,LEO,4.0,D-Star ONE Sparrow,Success
2021-06-30,Falcon 9,Cape Canaveral,LEO,9.0,D2/AtlaCom-1 ,Success
2014-05-24,H2A,Tanegashima Space Center,LEO,2120.0,"Daichi-2 (Advanced Land Observing Satellite-2, ALOS 2 2)",Success
2015-12-17,Long March 2D,Jiuquan Satellite Launch Center,LEO,1850.0,DAMPE (Dark Matter Particle Explorer),Success
2018-12-16,Electron,Rocket Lab Launch Complex 1,LEO,4.0,DaVinci,Success
2022-02-27,Long March 8,Wenchang Space Center,LEO,20.0,"Dayun (Starera 17, Xingshidai 17) ",Failure
2015-09-19,Long March 6,Taiyuan Launch Center,LEO,3.0,"DCBB (Kaituo-1B, CAS-3G)",Success
2009-07-29,Dnepr,Baikonur Cosmodrome,LEO,90.0,Deimos 1,Success
2014-06-19,Dnepr,Dombarovsky Air Base,LEO,310.0,Deimos 2 ,Success
2020-09-28,Soyuz-2.1b,Plesetsk Cosmodrome,LEO,5.0,Dekart (Descartes),Failure
2008-04-28,PSLV C9,Satish Dhawan Space Centre,LEO,6.5,Delfi-C3 (DO-64),Success
2020-07-13,Nanorack Deployer,International Space Station,LEO,9.0,DeMi (Deformable Mirror),Success
2023-04-15,Falcon 9,Vandenberg AFB,LEO,10.0,DEWASAT-2,Success
2021-02-20,Cygnus,Antares,LEO,4.0,DhabiSat-1,Success
2017-08-26,Minotaur 4,Cape Canaveral,LEO,8.0,DHFR (DARPA High Frequency Receiver),Success
2017-06-23,PSLV,Satish Dhawan Space Centre,LEO,6.0,Diamond Blue (3 Diamonds 1),Success
2017-06-23,PSLV,Satish Dhawan Space Centre,LEO,6.0,Diamond Green (3 Diamonds 2),Success
2017-06-23,PSLV,Satish Dhawan Space Centre,LEO,6.0,Diamond Red (3 Diamonds 3),Success
2017-02-15,PSLV XL,Satish Dhawan Space Centre,LEO,10.0,Dido-2,Success
2020-09-02,Vega,Guiana Space Center,LEO,6.0,Dido-3,Success
2007-07-07,Proton M,Baikonur Cosmodrome,GEO,5900.0,DirecTV-10,Success
2008-03-19,Zenit 3SL,Sea Launch Odyssey,GEO,5900.0,DirecTV-11,Success
2009-12-29,Breeze M,Baikonur Cosmodrome,GEO,5900.0,DirecTV-12,Success
2014-12-06,Ariane 5 ECA,Guiana Space Center,GEO,5900.0,DirecTV-14,Success
2015-05-27,Ariane 5 ECA,Guiana Space Center,GEO,5500.0,DirecTV-15,Success
2002-05-07,Proton K,Baikonur Cosmodrome,GEO,4300.0,DirecTV-5 (Tempo 1),Success
2005-05-22,Proton M/Breeze M,Baikonur Cosmodrome,GEO,3800.0,DirecTV-8,Success
2006-10-13,Ariane 5 ECA,Guiana Space Center,GEO,5500.0,DirecTV-9S,Success
2023-04-15,Falcon 9,Vandenberg AFB,LEO,1.0,DISCO-1 (Danish Student Cubesat Programme),Success
2018-10-29,H2A,Tanegashima Space Center,LEO,56.0,Diwata-2B,Success
1999-05-26,PSLV C2,Satish Dhawan Space Centre,LEO,45.0,DLR Tubsat ,Success
2015-07-10,PSLV,Satish Dhawan Space Centre,LEO,447.0,DMC 3-1 (Disaster Monitoring Constellation),Success
2015-07-10,PSLV,Satish Dhawan Space Centre,LEO,447.0,DMC 3-2 (Disaster Monitoring Constellation),Success
2015-07-10,PSLV,Satish Dhawan Space Centre,LEO,447.0,DMC 3-3 (Disaster Monitoring Constellation),Success
2021-03-22,Soyuz-2.1b,Baikonur Cosmodrome,LEO,15.0,DMSat-1 (Dubai Municipality Satellite),Success
1997-04-04,Titan 2,Vandenberg AFB,LEO,1134.0,"DMSP 5D-2 F14 (Defense Meteorological Satellites Program, USA 131)",Success
1999-12-12,Titan 2,Vandenberg AFB,LEO,1152.0,"DMSP 5D-3 F15 (Defense Meteorological Satellites Program, USA 147)",Success
2003-10-18,Titan 2,Vandenberg AFB,LEO,1154.0,"DMSP 5D-3 F16 (Defense Meteorological Satellites Program, USA 172)",Success
2006-11-04,Delta 4,Vandenberg AFB,LEO,1154.0,"DMSP 5D-3 F17 (Defense Meteorological Satellites Program, USA 173)",Success
2009-10-18,Atlas 5,Vandenberg AFB,LEO,1155.0,"DMSP 5D-3 F18 (Defense Meteorological Satellites Program, USA 210)",Success
2022-01-13,Falcon 9,Cape Canaveral,LEO,5.0,Dodona,Success
2019-07-05,Soyuz,Vostochny Cosmodrome,LEO,17.5,DoT-1 (Demonstration of Technology 1),Success
2018-12-27,Soyuz-2.1a,Vostochny Cosmodrome,LEO,4.0,Dove 3k-10 (0 Flock 3K-10 106d),Success
2018-12-27,Soyuz-2.1a,Vostochny Cosmodrome,LEO,4.0,Dove 3k-4 (0 Flock 3K-4 1063),Success
2018-12-27,Soyuz-2.1a,Vostochny Cosmodrome,LEO,4.0,Dove 3k-5 (0 Flock 3K-5 1067),Success
2018-12-27,Soyuz-2.1a,Vostochny Cosmodrome,LEO,4.0,Dove 3k-7 (0 Flock 3K-7 106a),Success
2018-12-27,Soyuz-2.1a,Vostochny Cosmodrome,LEO,4.0,Dove 3k-9 (0 Flock 3K-9 1065),Success
2017-10-31,Minotaur-C,Vandenberg AFB,LEO,4.0,Dove 3m-4 (0 Flock 3M-4 0F4C),Failure
2017-02-14,PSLV,Satish Dhawan Space Centre,LEO,4.0,Dove 3p-11 (0 Flock 3P-11 101F),Success
2017-02-14,PSLV,Satish Dhawan Space Centre,LEO,4.0,Dove 3p-12 (0 Flock 3P-12 1010),Success
2017-02-14,PSLV,Satish Dhawan Space Centre,LEO,4.0,Dove 3p-2 (0 Flock 3P-2 1001),Success
2017-02-14,PSLV,Satish Dhawan Space Centre,LEO,4.0,Dove 3p-23 (0 Flock 3P-23 1025),Success
2017-02-14,PSLV,Satish Dhawan Space Centre,LEO,4.0,Dove 3p-3 (0 Flock 3P-3 1002),Success
2017-02-14,PSLV,Satish Dhawan Space Centre,LEO,4.0,Dove 3p-32 (0 Flock 3P-32 1035),Failure
2017-02-14,PSLV,Satish Dhawan Space Centre,LEO,4.0,Dove 3p-33 (0 Flock 3P-33 103C),Success
2017-02-14,PSLV,Satish Dhawan Space Centre,LEO,4.0,Dove 3p-34 (0 Flock 3P-34 103B),Success
2017-02-14,PSLV,Satish Dhawan Space Centre,LEO,4.0,Dove 3p-4 (0 Flock 3P-4 1003),Success
2017-02-14,PSLV,Satish Dhawan Space Centre,LEO,4.0,Dove 3p-46 (0 Flock 3P-46 1011),Failure
2017-02-14,PSLV,Satish Dhawan Space Centre,LEO,4.0,Dove 3p-49 (0 Flock 3P-49 1038),Success
2017-02-14,PSLV,Satish Dhawan Space Centre,LEO,4.0,Dove 3p-50 (0 Flock 3P-50 1034),Success
2017-02-14,PSLV,Satish Dhawan Space Centre,LEO,4.0,Dove 3p-54 (0 Flock 3P-54 1005),Success
2017-02-14,PSLV,Satish Dhawan Space Centre,LEO,4.0,Dove 3p-55 (0 Flock 3P-55 1008),Success
2017-02-14,PSLV,Satish Dhawan Space Centre,LEO,4.0,Dove 3p-57 (0 Flock 3P-57 1014),Success
2017-02-14,PSLV,Satish Dhawan Space Centre,LEO,4.0,Dove 3p-58 (0 Flock 3P-58 1009),Success
2017-02-14,PSLV,Satish Dhawan Space Centre,LEO,4.0,Dove 3p-61 (0 Flock 3P-61 1012),Success
2017-02-14,PSLV,Satish Dhawan Space Centre,LEO,4.0,Dove 3p-64 (0 Flock 3P-64 100A),Success
2017-02-14,PSLV,Satish Dhawan Space Centre,LEO,4.0,Dove 3p-65 (0 Flock 3P-65 1040),Success
2017-02-14,PSLV,Satish Dhawan Space Centre,LEO,4.0,Dove 3p-66 (0 Flock 3P-66 1013),Success
2017-02-14,PSLV,Satish Dhawan Space Centre,LEO,4.0,Dove 3p-74 (0 Flock 3P-74 0F22),Success
2017-02-14,PSLV,Satish Dhawan Space Centre,LEO,4.0,Dove 3p-76 (0 Flock 3P-76 0F17),Success
2017-02-14,PSLV,Satish Dhawan Space Centre,LEO,4.0,Dove 3p-80 (0 Flock 3P-80 0F4E),Success
2018-10-29,PSLV,Satish Dhawan Space Centre,LEO,4.0,Dove 3r-1 (0 Flock 3R-1 105A),Success
2018-11-29,PSLV,Satish Dhawan Space Centre,LEO,4.0,Dove 3r-11 (0 Flock 3R-11 1064),Success
2018-11-29,PSLV,Satish Dhawan Space Centre,LEO,4.0,Dove 3r-12 (0 Flock 3R-12 1066),Success
2018-10-29,PSLV,Satish Dhawan Space Centre,LEO,4.0,Dove 3r-4 (0 Flock 3R-4 105E),Failure
2018-11-29,PSLV,Satish Dhawan Space Centre,LEO,4.0,Dove 3r-6 (0 Flock 3R-6 1057),Success
2018-10-29,PSLV,Satish Dhawan Space Centre,LEO,4.0,Dove 3r-7 (0 Flock 3R-7 1058),Success
2018-10-29,PSLV,Satish Dhawan Space Centre,LEO,4.0,Dove 3r-9 (0 Flock 3R-9 1061),Success
2018-12-03,Falcon 9,Vandenberg AFB,LEO,4.0,Dove 3s-1 (0 Flock 3S-1 105C),Failure
2019-04-01,PSLV,Satish Dhawan Space Centre,LEO,4.0,Dove 4a-17 (0 Flock 4a-17 2212),Success
2019-04-01,PSLV,Satish Dhawan Space Centre,LEO,4.0,Dove 4a-19 (0 Flock 4a-19 2235),Success
2019-04-01,PSLV,Satish Dhawan Space Centre,LEO,4.0,Dove 4a-2 (0 Flock 4a-2 2201),Failure
2019-04-01,PSLV,Satish Dhawan Space Centre,LEO,4.0,Dove 4a-5 (0 Flock 4a-5 2227),Failure
2019-04-01,PSLV,Satish Dhawan Space Centre,LEO,4.0,Dove 4a-9 (0 Flock 4a-9 2224),Success
2020-10-28,Electron,Rocket Lab Launch Complex 1,LEO,4.0,Dove 4e’-1 (0 Flock 4e'-1 225A),Success
2020-10-28,Electron,Rocket Lab Launch Complex 1,LEO,4.0,Dove 4e’-2 (0 Flock 4e'-2 2279),Success
2020-10-28,Electron,Rocket Lab Launch Complex 1,LEO,4.0,Dove 4e’-3 (0 Flock 4e'-3 2251),Success
2020-10-28,Electron,Rocket Lab Launch Complex 1,LEO,4.0,Dove 4e’-4 (0 Flock 43'-4 227E),Success
2020-10-28,Electron,Rocket Lab Launch Complex 1,LEO,4.0,Dove 4e’-5 (0 Flock 4e'-5 2276),Failure
2020-10-28,Electron,Rocket Lab Launch Complex 1,LEO,4.0,Dove 4e’-6 (0 Flock 4e'-6 2280),Success
2020-10-28,Electron,Rocket Lab Launch Complex 1,LEO,4.0,Dove 4e’-7 (0 Flock 4e'-7 2262),Success
2020-10-28,Electron,Rocket Lab Launch Complex 1,LEO,4.0,Dove 4e’-8 (0 Flock 4e'-8 2264),Success
2020-10-28,Electron,Rocket Lab Launch Complex 1,LEO,4.0,Dove 4e’-9 (0 Flock 4e'-9 2441),Success
2019-11-27,PSLV,Satish Dhawan Space Centre,LEO,4.0,Dove 4p-1 (0 Flock 4p-1 2277),Success
2019-11-27,PSLV,Satish Dhawan Space Centre,LEO,4.0,Dove 4p-10 (0 Flock 4p-10 2233),Success
2019-11-27,PSLV,Satish Dhawan Space Centre,LEO,4.0,Dove 4p-11 (0 Flock 4p-11 2231),Success
2019-11-27,PSLV,Satish Dhawan Space Centre,LEO,4.0,Dove 4p-3 (0 Flock 4p-3 2304 ),Success
2019-11-27,PSLV,Satish Dhawan Space Centre,LEO,4.0,Dove 4p-4 (0 Flock 4p-4 2310),Success
2019-11-27,PSLV,Satish Dhawan Space Centre,LEO,4.0,Dove 4p-5 (0 Flock 4p-5 2259),Success
2019-11-27,PSLV,Satish Dhawan Space Centre,LEO,4.0,Dove 4p-7 (0 Flock 4p-7 222F),Success
2021-01-24,Falcon 9,Cape Canaveral,LEO,4.0,Dove 4s-1 (0 Flock 4s-1 2436),Success
2021-01-24,Falcon 9,Cape Canaveral,LEO,4.0,Dove 4s-10 (0 Flock 4s-10 2449),Success
2021-01-24,Falcon 9,Cape Canaveral,LEO,4.0,Dove 4s-11 (0 Flock 4s-11 2445),Success
2021-01-24,Falcon 9,Cape Canaveral,LEO,4.0,Dove 4s-12 (0 Flock 4s-12 241A),Success
2021-01-24,Falcon 9,Cape Canaveral,LEO,4.0,Dove 4s-13 (0 Flock 4s-13 2453),Success
2021-01-24,Falcon 9,Cape Canaveral,LEO,4.0,Dove 4s-14 (0 Flock 4s-14 241F),Success
2021-01-24,Falcon 9,Cape Canaveral,LEO,4.0,Dove 4s-15 (0 Flock 4s-15 242F),Success
2021-01-24,Falcon 9,Cape Canaveral,LEO,4.0,Dove 4s-16 (0 Flock 4s-16 2434),Success
2021-01-24,Falcon 9,Cape Canaveral,LEO,4.0,Dove 4s-17 (0 Flock 4s-17 2432),Success
2021-01-24,Falcon 9,Cape Canaveral,LEO,4.0,Dove 4s-18 (0 Flock 4s-18 2421),Success
2021-01-24,Falcon 9,Cape Canaveral,LEO,4.0,Dove 4s-19 (0 Flock 4s-19 242D),Success
2021-01-24,Falcon 9,Cape Canaveral,LEO,4.0,Dove 4s-2 (0 Flock 4s-2 2428),Success
2021-01-24,Falcon 9,Cape Canaveral,LEO,4.0,Dove 4s-20 (0 Flock 4s-20 2439),Success
2021-01-24,Falcon 9,Cape Canaveral,LEO,4.0,Dove 4s-21 (0 Flock 4s-21 245C),Success
2021-01-24,Falcon 9,Cape Canaveral,LEO,4.0,Dove 4s-22 (0 Flock 4s-22 421E),Success
2021-01-24,Falcon 9,Cape Canaveral,LEO,4.0,Dove 4s-23 (0 Flock 4s-23 245D),Success
2021-01-24,Falcon 9,Cape Canaveral,LEO,4.0,Dove 4s-24 (0 Flock 4s-24 2431),Success
2021-01-24,Falcon 9,Cape Canaveral,LEO,4.0,Dove 4s-25 (0 Flock 4s-25 2448),Success
2021-01-24,Falcon 9,Cape Canaveral,LEO,4.0,Dove 4s-27 (0 Flock 4s-27 2457),Success
2021-01-24,Falcon 9,Cape Canaveral,LEO,4.0,Dove 4s-28 (0 Flock 4s-28 2460),Success
2021-01-24,Falcon 9,Cape Canaveral,LEO,4.0,Dove 4s-3 (0 Flock 4s-3 2433),Success
2021-01-24,Falcon 9,Cape Canaveral,LEO,4.0,Dove 4s-30 (0 Flock 4s-30 2459),Success
2021-01-24,Falcon 9,Cape Canaveral,LEO,4.0,Dove 4s-31 (0 Flock 4s-31 241B) ,Success
2021-01-24,Falcon 9,Cape Canaveral,LEO,4.0,Dove 4s-33 (0 Flock 4s-33 2420),Success
2021-01-24,Falcon 9,Cape Canaveral,LEO,4.0,Dove 4s-34 (0 Flock 4s-34 2464),Success
2021-01-24,Falcon 9,Cape Canaveral,LEO,4.0,Dove 4s-35 (0 Flock 4s-35 242A),Success
2021-01-24,Falcon 9,Cape Canaveral,LEO,4.0,Dove 4s-36 (0 Flock 4s-36 241D),Success
2021-01-24,Falcon 9,Cape Canaveral,LEO,4.0,Dove 4s-37 (0 Flock 4s-37 2429) ,Success
2021-01-24,Falcon 9,Cape Canaveral,LEO,4.0,Dove 4s-39 (0 Flock 4s-39 2458),Success
2021-01-24,Falcon 9,Cape Canaveral,LEO,4.0,Dove 4s-4 (0 Flock 4s-4 242B),Success
2021-01-24,Falcon 9,Cape Canaveral,LEO,4.0,Dove 4s-41 (0 Flock 4s-41 2427),Success
2021-01-24,Falcon 9,Cape Canaveral,LEO,4.0,Dove 4s-42 (0 Flock 4s-42 2430),Success
2021-01-24,Falcon 9,Cape Canaveral,LEO,4.0,Dove 4s-43 (0 Flock 4s-43 2435),Success
2021-01-24,Falcon 9,Cape Canaveral,LEO,4.0,Dove 4s-44 (0 Flock 4s-44 2440),Success
2021-01-24,Falcon 9,Cape Canaveral,LEO,4.0,Dove 4s-45 (0 Flock 4s-45 2442),Failure
2021-01-24,Falcon 9,Cape Canaveral,LEO,4.0,Dove 4s-46 (0 Flock 4s-46 2444),Success
2021-01-24,Falcon 9,Cape Canaveral,LEO,4.0,Dove 4s-47 (0 Flock 4s-47 2456),Failure
2021-01-24,Falcon 9,Cape Canaveral,LEO,4.0,Dove 4s-48 (0 Flock 4s-48 2465),Success
2021-01-24,Falcon 9,Cape Canaveral,LEO,4.0,Dove 4s-5 (0 Flock 4s-5 2423),Success
2021-01-24,Falcon 9,Cape Canaveral,LEO,4.0,Dove 4s-6 (0 Flock 4s-6 2455),Success
2021-01-24,Falcon 9,Cape Canaveral,LEO,4.0,Dove 4s-7 (0 Flock 4s-7 2451),Success
2021-01-24,Falcon 9,Cape Canaveral,LEO,4.0,Dove 4s-8 (0 Flock 4s-8 2450),Success
2021-01-24,Falcon 9,Cape Canaveral,LEO,4.0,Dove 4s-9 (0 Flock 4s-9 2447),Failure
2020-09-02,Vega,Guiana Space Center,LEO,4.0,Dove 4v-1 (0 Flock 4v-1 227C),Success
2020-09-02,Vega,Guiana Space Center,LEO,4.0,Dove 4v-10 (0 Flock 4v-10 2254),Success
2020-09-02,Vega,Guiana Space Center,LEO,4.0,Dove 4v-11 (0 Flock 4v-11 2424),Success
2020-09-02,Vega,Guiana Space Center,LEO,4.0,Dove 4v-13 (0 Flock 4v-13 241C),Success
2020-09-02,Vega,Guiana Space Center,LEO,4.0,Dove 4v-14 (0 Flock 4v-14 227A),Success
2020-09-25,ION SCV Dispenser,Guiana Space Center,LEO,4.0,Dove 4v-15 (0 Flock 4v15 2402),Success
2020-09-25,ION SCV Dispenser,Guiana Space Center,LEO,4.0,Dove 4v-16 (0 Flock 4v16 2403),Success
2020-10-02,ION SCV Dispenser,Guiana Space Center,LEO,4.0,Dove 4v-17 (0 Flock 4v17 2426),Success
2020-10-03,ION SCV Dispenser,Guiana Space Center,LEO,4.0,Dove 4v-18 (0 Flock 4v18 2413),Success
2020-10-03,ION SCV Dispenser,Guiana Space Center,LEO,4.0,Dove 4v-19 (0 Flock 4v19 2414),Success
2020-10-03,ION SCV Dispenser,Guiana Space Center,LEO,4.0,Dove 4v-20 (0 Flock 4v20 2406),Success
2020-10-03,ION SCV Dispenser,Guiana Space Center,LEO,4.0,Dove 4v-22 (0 Flock 4v22 240a),Success
2020-10-03,ION SCV Dispenser,Guiana Space Center,LEO,4.0,Dove 4v-23 (0 Flock 4v23 2401),Success
2020-10-03,ION SCV Dispenser,Guiana Space Center,LEO,4.0,Dove 4v-24 (0 Flock 4v24 2405),Success
2020-10-03,ION SCV Dispenser,Guiana Space Center,LEO,4.0,Dove 4v-25 (0 Flock 4v25 240C),Success
2020-10-03,ION SCV Dispenser,Guiana Space Center,LEO,4.0,Dove 4v-26 (0 Flock 4v26 2407),Success
2020-09-02,Vega,Guiana Space Center,LEO,4.0,Dove 4v-4 (0 Flock 4v-4 2274),Failure
2020-09-02,Vega,Guiana Space Center,LEO,4.0,Dove 4v-5 (0 Flock 4v-5 240F),Success
2020-09-02,Vega,Guiana Space Center,LEO,4.0,Dove 4v-6 (0 Flock 4v-6 225B),Success
2020-09-02,Vega,Guiana Space Center,LEO,4.0,Dove 4v-7 (0 Flock 4v-7 227B),Success
2020-09-02,Vega,Guiana Space Center,LEO,4.0,Dove 4v-8 (0 Flock 4v-8 2416),Failure
2022-01-13,Falcon 9,Cape Canaveral,LEO,6.0,Dove 4x-1 (0 Flock 4x-1 2473),Success
2022-01-13,Falcon 9,Cape Canaveral,LEO,6.0,Dove 4x-10 (0 Flock 4x-10 249a),Success
2022-01-13,Falcon 9,Cape Canaveral,LEO,6.0,Dove 4x-11 (0 Flock 4x-11 249b),Success
2022-01-13,Falcon 9,Cape Canaveral,LEO,6.0,Dove 4x-12 (0 Flock 4x-12 2498),Success
2022-01-13,Falcon 9,Cape Canaveral,LEO,6.0,Dove 4x-13 (0 Flock 4x-13 249c),Success
2022-01-13,Falcon 9,Cape Canaveral,LEO,6.0,Dove 4x-14 (0 Flock 4x-14 2489),Success
2022-01-13,Falcon 9,Cape Canaveral,LEO,6.0,Dove 4x-15 (0 Flock 4x-15 2492),Success
2022-01-13,Falcon 9,Cape Canaveral,LEO,6.0,Dove 4x-16 (0 Flock 4x-16 2484),Success
2022-01-13,Falcon 9,Cape Canaveral,LEO,6.0,Dove 4x-17 (0 Flock 4x-17 247a),Failure
2022-01-13,Falcon 9,Cape Canaveral,LEO,6.0,Dove 4x-18 (0 Flock 4x-18 249d),Failure
2022-01-13,Falcon 9,Cape Canaveral,LEO,6.0,Dove 4x-19 (0 Flock 4x-19 247e),Success
2022-01-13,Falcon 9,Cape Canaveral,LEO,6.0,Dove 4x-2 (0 Flock 4x-2 2477),Success
2022-01-13,Falcon 9,Cape Canaveral,LEO,6.0,Dove 4x-20 (0 Flock 4x-20 2495),Success
2022-01-13,Falcon 9,Cape Canaveral,LEO,6.0,Dove 4x-21 (0 Flock 4x-21 2485),Success
2022-01-13,Falcon 9,Cape Canaveral,LEO,6.0,Dove 4x-22 (0 Flock 4x-22 2479),Success
2022-01-13,Falcon 9,Cape Canaveral,LEO,6.0,Dove 4x-24 (0 Flock 4x-24 248b),Success
2022-01-13,Falcon 9,Cape Canaveral,LEO,6.0,Dove 4x-25 (0 Flock 4x-25 24a3),Success
2022-01-13,Falcon 9,Cape Canaveral,LEO,6.0,Dove 4x-26 (0 Flock 4x-26 2490),Success
2022-01-13,Falcon 9,Cape Canaveral,LEO,6.0,Dove 4x-28 (0 Flock 4x-28 24a5),Success
2022-01-13,Falcon 9,Cape Canaveral,LEO,6.0,Dove 4x-29 (0 Flock 4x-29 247f),Success
2022-01-13,Falcon 9,Cape Canaveral,LEO,6.0,Dove 4x-3 (0 Flock 4x-3 2482),Success
2022-01-13,Falcon 9,Cape Canaveral,LEO,6.0,Dove 4x-30 (0 Flock 4x-30 24a4),Success
2022-01-13,Falcon 9,Cape Canaveral,LEO,6.0,Dove 4x-31 (0 Flock 4x-31 2499),Success
2022-01-13,Falcon 9,Cape Canaveral,LEO,6.0,Dove 4x-32 (0 Flock 4x-32 249e),Success
2022-01-13,Falcon 9,Cape Canaveral,LEO,6.0,Dove 4x-34 (0 Flock 4x-34 247d),Success
2022-01-13,Falcon 9,Cape Canaveral,LEO,6.0,Dove 4x-35 (0 Flock 4x-35 2461),Success
2022-01-13,Falcon 9,Cape Canaveral,LEO,6.0,Dove 4x-36 (0 Flock 4x-36 2446),Failure
2022-01-13,Falcon 9,Cape Canaveral,LEO,6.0,Dove 4x-37 (0 Flock 4x-37 2481),Success
2022-01-13,Falcon 9,Cape Canaveral,LEO,6.0,Dove 4x-38 (0 Flock 4x-38 248f),Success
2022-01-13,Falcon 9,Cape Canaveral,LEO,6.0,Dove 4x-39 (0 Flock 4x-39 2475),Success
2022-01-13,Falcon 9,Cape Canaveral,LEO,6.0,Dove 4x-4 (0 Flock 4x-4 2483),Success
2022-01-13,Falcon 9,Cape Canaveral,LEO,6.0,Dove 4x-40 (0 Flock 4x-40 248e),Success
2022-01-13,Falcon 9,Cape Canaveral,LEO,6.0,Dove 4x-41 (0 Flock 4x-41 2488),Success
2022-01-13,Falcon 9,Cape Canaveral,LEO,6.0,Dove 4x-42 (0 Flock 4x-42 2480),Success
2022-01-13,Falcon 9,Cape Canaveral,LEO,6.0,Dove 4x-43 (0 Flock 4x-43 2486),Failure
2022-01-13,Falcon 9,Cape Canaveral,LEO,6.0,Dove 4x-44 (0 Flock 4x-44 247b),Success
2022-01-13,Falcon 9,Cape Canaveral,LEO,6.0,Dove 4x-5 (0 Flock 4x-5 247c),Success
2022-01-13,Falcon 9,Cape Canaveral,LEO,6.0,Dove 4x-6 (0 Flock 4x-6 2470),Success
2022-01-13,Falcon 9,Cape Canaveral,LEO,6.0,Dove 4x-7 (0 Flock 4x-7 2478),Success
2022-01-13,Falcon 9,Cape Canaveral,LEO,5.7,Dove 4x-8 (0 Flock 4x-8 2438),Success
2022-01-13,Falcon 9,Cape Canaveral,LEO,6.0,Dove 4x-9 (0 Flock 4x-9 248c),Success
2023-01-03,Falcon 9,Cape Canaveral,LEO,6.0,Dove 4y-1 (0 Flock 4-y1 2415),Success
2023-01-03,Falcon 9,Cape Canaveral,LEO,6.0,Dove 4y-10 (0 Flock 4y10 24c3),Success
2023-01-03,Falcon 9,Cape Canaveral,LEO,6.0,Dove 4y-11 (0 Flock 4y-11 24a7),Success
2023-01-03,Falcon 9,Cape Canaveral,LEO,6.0,Dove 4y-12 (0 Flock 4y-12 24cf) ,Success
2023-01-03,Falcon 9,Cape Canaveral,LEO,6.0,Dove 4y-13 (0 Flock 4y-13 24c7),Failure
2023-01-03,Falcon 9,Cape Canaveral,LEO,6.0,Dove 4y-14 (0 Flock 4y14 24b3),Success
2023-01-03,Falcon 9,Cape Canaveral,LEO,6.0,Dove 4y-15 (0 Flock 4y-15 24b3),Success
2023-01-03,Falcon 9,Cape Canaveral,LEO,6.0,Dove 4y-16 (0 Flock 4y-16 24c9),Failure
2023-01-03,Falcon 9,Cape Canaveral,LEO,6.0,Dove 4y-17 (0 Flock 4y17 24c2),Success
2023-01-03,Falcon 9,Cape Canaveral,LEO,6.0,Dove 4y-18 (0 Flock 4y18 24ce),Failure
2023-01-03,Falcon 9,Cape Canaveral,LEO,6.0,Dove 4y-19 (0 Flock 4y19 24a9),Success
2023-01-03,Falcon 9,Cape Canaveral,LEO,6.0,Dove 4y-2 (0 Flock 4y-2 24a1),Success
2023-01-03,Falcon 9,Cape Canaveral,LEO,6.0,Dove 4y-20 (0 Flock 4y-20 24ca),Success
2023-01-03,Falcon 9,Cape Canaveral,LEO,6.0,Dove 4y-21 (0 Flock 4y-21 24ba),Success
2023-01-03,Falcon 9,Cape Canaveral,LEO,6.0,Dove 4y-22 (0 Flock 4y22 24c1),Success
2023-01-03,Falcon 9,Cape Canaveral,LEO,6.0,Dove 4y-23 (0 Flock 4y-23 24bc),Success
2023-01-03,Falcon 9,Cape Canaveral,LEO,6.0,Dove 4y-24 (0 Flock 4y24 24b9),Success
2023-01-03,Falcon 9,Cape Canaveral,LEO,6.0,Dove 4y-25 (0 Flock 4y25 24b2),Success
2023-01-03,Falcon 9,Cape Canaveral,LEO,6.0,Dove 4y-26 (0  Flock 4y-26 24c4),Success
2023-01-03,Falcon 9,Cape Canaveral,LEO,6.0,Dove 4y-27 (0 Flock 4y-27 24c8),Success
2023-01-03,Falcon 9,Cape Canaveral,LEO,6.0,Dove 4y-28 (0 Flock 4y28 24b1),Success
2023-01-03,Falcon 9,Cape Canaveral,LEO,6.0,Dove 4y-29 (0 Flock 4y29 24bb),Success
2023-01-03,Falcon 9,Cape Canaveral,LEO,6.0,Dove 4y-3 (0 Flock 4y-3 242e),Success
2023-01-03,Falcon 9,Cape Canaveral,LEO,6.0,Dove 4y-30 (0 Flock 4y30 24C0),Success
2023-01-03,Falcon 9,Cape Canaveral,LEO,6.0,Dove 4y-31 (0 Flock 4y-31 24be),Success
2023-01-03,Falcon 9,Cape Canaveral,LEO,6.0,Dove 4y-32 (0 Flock 4y32 24b6),Failure
2023-01-03,Falcon 9,Cape Canaveral,LEO,6.0,Dove 4y-33 (0 Flock 4y-33 24bf),Success
2023-01-03,Falcon 9,Cape Canaveral,LEO,6.0,Dove 4y-34 (0 Flock 4y-34 24cc),Success
2023-01-03,Falcon 9,Cape Canaveral,LEO,6.0,Dove 4y-35 (0 Flock 4y-35 24c5),Success
2023-01-03,Falcon 9,Cape Canaveral,LEO,6.0,Dove 4y-36 (0 Flock 4y-36 24d0),Success
2023-01-03,Falcon 9,Cape Canaveral,LEO,6.0,Dove 4y-4 (0 Flock 4y-4 24b0),Success
2023-01-03,Falcon 9,Cape Canaveral,LEO,6.0,Dove 4y-5 (0 Flock 4y5 24b4),Success
2023-01-03,Falcon 9,Cape Canaveral,LEO,6.0,Dove 4y-6 (0 Flock 4y-6 24af),Success
2023-01-03,Falcon 9,Cape Canaveral,LEO,6.0,Dove 4y-7 (0 Flock 4y7 2417),Success
2023-01-03,Falcon 9,Cape Canaveral,LEO,6.0,Dove 4y-8 (0 Flock 4y-8 24ab),Success
2023-01-03,Falcon 9,Cape Canaveral,LEO,6.0,Dove 4y-9 (0 Flock 4y-9 24a8),Success
2022-04-15,Long March 4C,Taiyuan Launch Center,LEO,2600.0,"DQ-1 (Daqi-1, Daqi Huanjing Jiance Weixing DQ-1)",Success
2021-11-08,H2A,Uchinoura Space Center,LEO,62.0,DRUMS (Debris Removal Unprecedented Micro-Satellite),Success
2022-06-30,PSLV,Satish Dhawan Space Centre,LEO,365.0,DS-EO,Success
2003-03-11,Atlas 2A,Cape Canaveral,GEO,1156.0,"DSCS III-A3 (USA 167, DSCS III-A3) (Defense Satellite Communications System)",Success
2003-08-29,Delta 4,Cape Canaveral,GEO,1156.0,"DSCS III-B6 (USA 170, DSCS III B-6) (Defense Satellite Communications System)",Success
1997-10-24,Delta 4,Cape Canaveral,GEO,1156.0,"DSCS III-F10 (USA 135, DSCS III B-USA 13) (Defense Satellite Communications System)",Success
2000-10-20,Atlas 2A,Cape Canaveral,GEO,1156.0,"DSCS III-F12 (USA 153, DSCS III B-USA  (Defense Satellite Communications System)",Success
1995-07-31,Atlas 2A,Cape Canaveral,GEO,1156.0,"DSCS III-F9 (USA 113, DSCS III B-7) (Defense Satellite Communications System)",Success
2000-01-01,Atlas 2A,Cape Canaveral,GEO,1156.0,"DSCS III-FUSA 11 (USA 148, DSCS III B-8) (Defense Satellite Communications System)",Success
2000-05-18,Titan IVB,Cape Canaveral,GEO,2380.0,DSP 20 (USA 149) (Defense Support Program),Success
2001-08-06,Titan 4B,Cape Canaveral,GEO,2380.0,DSP 21 (USA 159) (Defense Support Program),Success
2004-02-14,Titan 4B,Cape Canaveral,GEO,2380.0,DSP 22 (USA 176) (Defense Support Program),Failure
2019-06-25,Falcon Heavy,Cape Canaveral,MEO,600.0,DSX (Demonstration and Science Experiments),Success
2013-11-21,Dnepr,Dombarovsky Air Base,LEO,300.0,DubaiSat-2,Success
2020-08-23,Long March 2D,Jiuquan Satellite Launch Center,LEO,,Duogongneng Shiyan Weixing ,Success
2022-05-02,Electron,Rocket Lab Launch Complex 1,LEO,6.0,E-Space 1,Success
2022-05-02,Electron,Rocket Lab Launch Complex 1,LEO,6.0,E-Space 2,Success
2022-05-02,Electron,Rocket Lab Launch Complex 1,LEO,6.0,E-Space 3,Success
1997-09-04,Atlas 2AS,Cape Canaveral,GEO,2845.0,"Eagle-1 (AMC-3, Americom 3, GE-3)",Success
2018-12-03,Falcon 9,Vandenberg AFB,LEO,4.0,Eaglet-1,Success
2006-02-15,Zenit 3SL,Sea Launch Odyssey,GEO,4333.0,Echostar 10,Success
2008-07-16,Zenit 3SL,Sea Launch Odyssey,GEO,5500.0,Echostar 11,Success
2010-03-20,Proton M,Baikonur Cosmodrome,GEO,6384.0,Echostar 14,Success
2010-07-10,Proton M,Baikonur Cosmodrome,GEO,5521.0,Echostar 15,Failure
2012-11-20,Proton M,Baikonur Cosmodrome,GEO,6658.0,Echostar 16,Success
2012-07-05,Ariane 5 ECA,Guiana Space Center,GEO,6100.0,Echostar 17,Success
2016-06-19,Ariane 5 ECA,Guiana Space Center,GEO,6300.0,Echostar 18,Success
2016-12-18,Atlas 5,Cape Canaveral,GEO,6764.0,Echostar 19,Success
2017-06-07,Proton,Baikonur Cosmodrome,GEO,6900.0,Echostar 21 (TerreStar 2),Success
2017-03-16,Falcon 9,Cape Canaveral,GEO,5600.0,Echostar 23,Success
2002-02-21,Atlas 3B,Cape Canaveral,GEO,4027.0,Echostar 7 ,Success
2003-08-08,Zenit 3SL,Sea Launch Odyssey,GEO,4000.0,"Echostar 9/Galaxy 23 (G-23, Intelsat 1A-13, Telstar 13)",Success
2008-04-14,Atlas 5,Cape Canaveral,GEO,6600.0,"Echostar G1 (ICO G1, DBSD G1)",Success
2019-07-05,Soyuz-2.1b,Vostochny Cosmodrome,LEO,4.0,Ecuador-UTE,Success
2019-08-06,Ariane 5,Guiana Space Center,GEO,3186.0,EDRS-C (European Data Relay System-C),Failure
2019-02-21,Soyuz,Baikonur Cosmodrome,LEO,2200.0,EgyptSat-A ,Success
2015-11-17,Soyuz-2.1,Plesetsk Cosmodrome,Elliptical,,"EKS-1 (Integrated Space System, Cosmos 2510, Tundra 11L)",Success
2017-05-25,Soyuz-2.1b,Plesetsk Cosmodrome,Elliptical,,"EKS-2 (Integrated Space System, Cosmos 2518, Tundra 12L)",Success
2019-09-26,Soyuz-2.1b,Plesetsk Cosmodrome,Elliptical,,"EKS-3 (Integrated Space System, Cosmos 2541, Tundra 13L) ",Failure
2020-05-22,Soyuz-2.1b,Plesetsk Cosmodrome,Elliptical,,"EKS-4 (Integrated Space System, Cosmos 2546, Tundra 14L)",Success
2021-11-25,Soyuz-2.1b,Plesetsk Cosmodrome,Elliptical,2000.0,"EKS-5 (Integrated Space System, Cosmos 2552, Tunda 15L)",Success
2019-07-05,Soyuz-2.1b,Vostochny Cosmodrome,LEO,20.0,El Camino Real (Momentus X1),Success
2011-01-20,Zenit,Baikonur Cosmodrome,GEO,1766.0,Electro-L1 (GOMS 2 [Geostationary Operational Meteorological Satellite 2]),Success
2015-12-11,Zenit,Baikonur Cosmodrome,GEO,1800.0,Electro-L2 ,Success
2019-12-24,Proton,Baikonur Cosmodrome,GEO,2094.0,Electro-L3,Success
2023-02-05,Proton,Baikonur Cosmodrome,GEO,8429.0,Electro-L4,Success
2018-09-15,Delta 2,Vandenberg AFB,LEO,4.0,ELFIN-Star,Success
2011-12-17,Soyuz-2/Fregat,Guiana Space Center,LEO,120.0,ELISA-E12 (ELectronic Intelligence by SAtellite),Failure
2011-12-17,Soyuz-2/Fregat,Guiana Space Center,LEO,120.0,ELISA-E24 (ELectronic Intelligence by SAtellite),Failure
2011-12-17,Soyuz-2/Fregat,Guiana Space Center,LEO,120.0,ELISA-W11 (ELectronic Intelligence by SAtellite),Success
2011-12-17,Soyuz-2/Fregat,Guiana Space Center,LEO,120.0,ELISA-W23 (ELectronic Intelligence by SAtellite),Success
2023-04-15,Falcon 9,Vandenberg AFB,LEO,10.0,ELO-3 (Eutelsat LEO for Objects-3),Success
2021-03-22,Soyuz-2.1b,Baikonur Cosmodrome,LEO,175.0,ELSA-d (End-of-Life Service by Astroscale) (demonstration),Failure
2019-04-01,PSLV,Satish Dhawan Space Centre,LEO,436.0,EMISat (Electromagnetic Intelligence-gathering Satellite),Success
2022-04-01,Falcon 9,Cape Canaveral,LEO,980.0,EnMAP (Environmental Mapping and Analysis Program),Failure
2023-01-03,Falcon 9,Cape Canaveral,LEO,178.0,EOS Sat-1 (EOS Agrisat-1),Success
2020-11-07,PSLV,Satish Dhawan Space Centre,LEO,630.0,"EOS-1 (Earth Observing Satellite 1, RISAT 2BR2)",Failure
2022-02-14,PSLV-XL,Satish Dhawan Space Centre,LEO,1710.0,"EOS-4 (Earth Observing Satellite 1A, RISAT 1A)",Failure
2023-02-10,SSLV,Satish Dhawan Space Centre,LEO,156.0,EOS-7 (Earth Observing Satellite 7),Success
1999-12-18,Atlas 2AS,Vandenberg AFB,LEO,4854.0,EOS-AM Terra ,Success
2004-07-15,Delta 2,Vandenberg AFB,LEO,2967.0,EOS-CHEM Aura ,Success
2002-05-04,Delta,Vandenberg AFB,LEO,2934.0,"EOS-PM Aqua (Advanced Microwave Scanning Radiometer for EOS, EOS PM-1)",Success
2020-12-03,Soyuz-2.1b,Plesetsk Cosmodrome,LEO,3.0,ERA-1 (Cosmos 2548),Success
2016-12-20,Epsilon,Uchinoura Space Center,Elliptical,350.0,"ERG (Exploration of Energization and Radiation in Geospace, Arase)",Success
2006-04-25,Start 1,Svobodny Cosmodrome,LEO,350.0,EROS B1 (Earth Resources Observation Satellite),Success
2013-08-29,Ariane 5 ECA,Guiana Space Center,GEO,,Es'hail-1,Failure
2018-11-15,Falcon 9,Cape Canaveral,GEO,5300.0,Es'hail-2,Success
2020-09-02,Vega,Guiana Space Center,LEO,112.0,ESAIL Maritime Microsatellite,Failure
2018-12-03,Falcon 9,Vandenberg AFB,LEO,45.0,ESEO (European Student Earth Orbiter),Success
2018-04-22,Atlas 5,Cape Canaveral,GEO,,ESPASat ( 286) ,Success
2020-12-22,Long March 8,Wenchang Space Center,LEO,9.0,ET-SMART-RSS (Zhixing-1A),Success
2019-12-20,Long March 4B,Taiyuan Launch Center,LEO,70.0,ETRSS-1,Success
2018-12-03,Falcon 9,Vandenberg AFB,LEO,230.0,Eu:CROPIS (Euglena and Combined Regenerative Organic-Food Production in Space),Success
2009-04-03,Proton M,Baikonur Cosmodrome,GEO,5900.0,Eutelsat 10A (Eutelsat W-2A),Success
2006-05-27,Ariane 5 ECA,Guiana Space Center,GEO,5456.0,Eutelsat 113 West A (Satmex 6),Failure
2015-03-02,Falcon 9,Cape Canaveral,GEO,,Eutelsat 115 West B,Success
2013-03-26,Proton M,Baikonur Cosmodrome,GEO,5474.0,"Eutelsat 117 West A (Eutelsat 8 West C, Satmex 8)",Success
2016-06-15,Falcon 9,Cape Canaveral,GEO,5500.0,Eutelsat 117 West B (Satmex 9),Success
2001-03-08,Ariane 5,Guiana Space Center,GEO,2950.0,"Eutelsat 133 West A (Eutelsat 33C, Eutelsat 28A, Eurobird 1, Eurosat 1)",Success
2004-03-15,Proton M,Baikonur Cosmodrome,GEO,4300.0,Eutelsat 139 West A (Eutelsat 139W) ,Success
2011-10-07,Long March 3B,Xichang Satellite Launch Center,GEO,5400.0,Eutelsat 16A (Eutelsat W3C),Success
2017-06-01,Ariane 5,Guiana Space Center,GEO,3600.0,Eutelsat 172B,Success
2005-12-29,Proton M,Baikonur Cosmodrome,GEO,5000.0,"Eutelsat 174A (GE-23, AMC-23, Worldsat 3, Americom 23)",Success
2012-11-10,Ariane 5 ECA,Guiana Space Center,GEO,5102.0,"Eutelsat 21B (Eutelsat 48B, Eutelsat W-6A)",Success
2009-02-11,Ariane 5 ECA,Guiana Space Center,GEO,4892.0,"Eutelsat 33E (Hot Bird 13D, Eutelsat 3C, Hot Bird 10, Atlantic Bird 4A)",Success
2000-05-24,Atlas 3A,Cape Canaveral,GEO,3190.0,"Eutelsat 36A (Eutelsat 48E, Eutelsat W-4) ",Success
2009-11-24,Breeze M,Baikonur Cosmodrome,GEO,5600.0,Eutelsat 36B (Eutelsat W-7),Success
2014-05-26,Zenit 3SL,Sea Launch Odyssey,GEO,5967.0,Eutelsat 3B,Success
2002-07-05,Ariane 5,Guiana Space Center,GEO,4050.0,"Eutelsat 5 West A (Atlantic Bird 3, Stellat 5)",Success
2019-10-09,Proton,Baikonur Cosmodrome,GEO,2864.0,Eutelsat 5 West B,Success
2016-03-09,Ariane 5,Guiana Space Center,GEO,6654.0,Eutelsat 65 West A,Success
2011-09-24,Zenit 3SL,Sea Launch Odyssey,GEO,4600.0,Eutelsat 7 West A (Atlantic Bird 7),Failure
2012-12-03,Zenit 3SL,Sea Launch Odyssey,GEO,5250.0,Eutelsat 70B (Eutelsat W5A),Failure
2013-05-14,Proton M,Baikonur Cosmodrome,GEO,5404.0,Eutelsat 7B ,Success
2019-06-20,Ariane 5,Guiana Space Center,GEO,3400.0,Eutelsat 7C,Success
2015-08-20,Ariane 5,Guiana Space Center,GEO,5800.0,Eutelsat 8 West B,Success
2016-01-29,Proton,Baikonur Cosmodrome,GEO,5200.0,Eutelsat 9B (Hot Bird 13E),Success
2006-08-04,Proton/Breeze M,Baikonur Cosmodrome,GEO,4900.0,Eutelsat Hot Bird 13B (Hot Bird 8),Success
2008-12-20,Ariane 5,Guiana Space Center,GEO,4880.0,Eutelsat Hot Bird 13C (Hot Bird 9),Success
2006-03-11,Ariane 5,Guiana Space Center,GEO,4100.0,"Eutelsat Hot Bird 13E (Eutelsat 9A, Eurobird 9A, Hot Bird 7A)",Failure
2022-10-15,Falcon 9,Cape Canaveral,GEO,4500.0,Eutelsat Hotbird 13F,Success
2022-11-03,Falcon 9,Cape Canaveral,GEO,4500.0,Eutelsat Hotbird 13G,Success
2010-12-26,Proton,Baikonur Cosmodrome,GEO,6150.0,Eutelsat KA-SAT 9A (KA-SAT),Success
2020-01-16,Ariane 5,Guiana Space Center,GEO,3618.0,Eutelsat Konnect,Success
2022-09-07,Ariane-5,Guiana Space Center,GEO,6400.0,Eutelsat Konnect VHTS (Very High Throughput Satellite),Success
2021-07-30,Ariane 5,Guiana Space Center,GEO,3461.0,Eutelsat Quantum,Success
2011-08-17,Dnepr,Dombarovsky Air Base,LEO,12.0,exactView 6 (AprizeSat 6),Failure
2015-09-28,PSLV C-30,Satish Dhawan Space Centre,LEO,6.0,exactView 9,Success
2018-12-03,Falcon 9,Vandenberg AFB,LEO,155.0,eXCITE (eXperiment for Cellular Integration Technology),Success
2021-01-17,LauncherOne,FANTM-RAiL [Xtenti],LEO,4.0,ExoCube-2,Success
2020-07-30,Proton M,Baikonur Cosmodrome,GEO,2150.0,Express-103,Success
2020-07-30,Proton M,Baikonur Cosmodrome,GEO,2150.0,Express-80,Success
2005-06-24,Proton K,Baikonur Cosmodrome,GEO,2600.0,Express-AM3,Success
2008-01-28,Proton M,Baikonur Cosmodrome,GEO,2600.0,Express-AM33,Success
2009-02-11,Proton M,Baikonur Cosmodrome,GEO,2532.0,Express-AM44,Success
2013-12-26,Proton M,Baikonur Cosmodrome,GEO,3400.0,Express-AM5,Success
2014-10-21,Proton M,Baikonur Cosmodrome,GEO,3358.0,Express-AM6 (Eutelsat 53A),Failure
2015-03-18,Proton M,Baikonur Cosmodrome,GEO,5720.0,Express-AM7,Success
2015-09-14,Proton DM,Baikonur Cosmodrome,GEO,2100.0,Express-AM8,Success
2015-12-24,Proton M,Baikonur Cosmodrome,GEO,2700.0,Express-AMU1 (Eutelsat 36C),Success
2021-12-13,Proton M,Baikonur Cosmodrome,GEO,2150.0,Express-AMU3,Success
2021-12-13,Proton M,Baikonur Cosmodrome,GEO,1980.0,Express-AMU7,Success
2014-03-15,Proton M,Baikonur Cosmodrome,GEO,1726.0,Express-AT1,Success
2014-03-15,Proton M,Baikonur Cosmodrome,GEO,1427.0,Express-AT2,Success
2018-12-03,Falcon 9,Vandenberg AFB,LEO,4.0,"ExSeedSat-1 (Vt Oscar 96, VO96)",Failure
2019-12-18,Soyuz,Guiana Space Center,LEO,5.0,Eyesat,Success
2018-11-29,PSLV,Satish Dhawan Space Centre,LEO,5.0,FACSAT-1 ,Success
2023-04-15,Falcon 9,Vandenberg AFB,LEO,10.0,FACSAT-2,Success
2020-12-02,Soyuz ST-A,Guiana Space Center,LEO,1180.0,FalconEye-2,Success
2007-03-09,Atlas 5,Cape Canaveral,LEO,46.0,Falconsat-3,Success
2018-12-03,Falcon 9,Vandenberg AFB,LEO,181.0,Falconsat-6,Success
2019-06-25,Falcon Heavy,Cape Canaveral,Elliptical,5.0,Falconsat-7,Success
2020-05-17,Atlas 5,Cape Canaveral,LEO,136.0,Falconsat-8 (USA 300),Success
2021-06-30,Falcon 9,Cape Canaveral,LEO,10.0,Faraday Phoenix,Success
2010-11-20,Minotaur 4,Kodiak Launch Complex,LEO,55.0,"FAST 1 (Sara Lilly and Emma,  USA 222)",Success
2018-02-02,Long March 2D,Jiuquan Satellite Launch Center,LEO,3.0,Fengmaniu-1 (FMN-1),Success
2012-11-20,Long March 2C,Taiyuan Launch Center,LEO,160.0,Fengniao 1A (Hummingbird 1A),Success
2012-01-12,Long March 3A,Xichang Satellite Launch Center,GEO,1390.0,Fengyun 2F (FY 2F),Success
2014-12-31,Long March 3A,Xichang Satellite Launch Center,GEO,1390.0,Fengyun 2G (FY 2G),Success
2018-06-05,Long March 3A,Xichang Satellite Launch Center,GEO,1380.0,Fengyun 2H (FY 2H),Success
2010-11-04,Long March 4C,Taiyuan Launch Center,LEO,2300.0,Fengyun 3B (FY 3B),Success
2013-09-23,Long March 4C,Taiyuan Launch Center,LEO,2300.0,Fengyun 3C (FY 3C),Success
2017-11-14,Long March 4C,Taiyuan Launch Center,LEO,2300.0,Fengyun 3D (FY 3D),Success
2021-07-04,Long March 4C,Jiuquan Satellite Launch Center,LEO,2450.0,Fengyun 3E (FY 3E),Success
2016-12-10,Long March 3B,Xichang Satellite Launch Center,GEO,5300.0,Fengyun 4A (FY 4A),Success
2021-06-06,Long March 3B,Xichang Satellite Launch Center,GEO,5300.0,Fengyun 4B (FY 4B),Failure
2008-06-11,Delta 2,Cape Canaveral,LEO,4303.0,Fermi Gamma-Ray Space Telescope (formerly GLAST),Success
2010-09-21,Atlas 5,Vandenberg AFB,LEO,,"FIA Radar 1 (Future Imagery Architecture (FIA) Radar 1, NROL-41, USA 215, Topaz)",Success
2012-04-03,Delta 4,Vandenberg AFB,LEO,,"FIA Radar 2 (Future Imagery Architecture (FIA) Radar 2, NROL-25, USA 234, Topaz)",Success
2013-12-06,Atlas 5,Vandenberg AFB,LEO,,"FIA Radar 3 (Future Imagery Architecture (FIA) Radar 3, NROL-39, USA 247, Topaz)",Success
2016-02-10,Delta 4,Vandenberg AFB,LEO,,"FIA Radar 4 (Future Imagery Architecture (FIA) Radar 4, NROL-45, USA 267, Topaz)",Success
2018-01-12,Delta 4,Vandenberg AFB,LEO,,"FIA Radar 5 (Future Imagery Architecture (FIA) Radar 5, NROL-47, USA 281, Topaz)",Failure
2017-07-14,Soyuz-2.1a,Baikonur Cosmodrome,LEO,120.0,FLP (Flying Laptop),Success
1989-09-25,Atlas Centaur,Cape Canaveral,GEO,2310.0,FLTSATCOM-8 (USA 46),Success
2017-08-25,Falcon 9,Vandenberg AFB,LEO,525.0,FormoSat-5,Failure
1997-08-29,Pegasus XL,Vandenberg AFB,LEO,215.0,FORTÉ (Fast On-orbit Recording of Transient Events),Failure
2021-04-27,Long March 6,Taiyuan Launch Center,LEO,70.0,Foshan 1,Success
2018-12-03,Falcon 9,Vandenberg AFB,LEO,1.5,Fox-1Cliff (AO 95),Success
2020-09-02,Vega,Guiana Space Center,LEO,10.0,FSSCAT-A,Success
2020-09-02,Vega,Guiana Space Center,LEO,10.0,FSSCAT-B,Success
2013-11-21,Dnepr,Dombarovsky Air Base,LEO,1.0,FUNCube-1 (AO-73),Success
1999-01-21,Ariane 4,Guiana Space Center,GEO,4488.0,Galaxy-11,Success
2003-04-09,Ariane 5,Guiana Space Center,GEO,1760.0,Galaxy-12,Success
2003-10-01,Zenit 3,Sea Launch Odyssey,GEO,4060.0,"Galaxy-13 (Horizons 1, Galaxy 13L)",Success
2005-08-13,Soyuz-Fregat,Baikonur Cosmodrome,GEO,2086.0,Galaxy-14,Success
2005-10-13,Ariane 5,Guiana Space Center,GEO,2033.0,Galaxy-15,Success
2006-06-18,Zenit 3SL,Sea Launch Odyssey,GEO,4640.0,Galaxy-16 ,Success
2007-05-04,Ariane 5 ECA,Guiana Space Center,GEO,4100.0,Galaxy-17,Success
2008-05-21,Zenit 3SL,Sea Launch Odyssey,GEO,4642.0,Galaxy-18,Failure
2008-09-24,Zenit 3SL,Sea Launch Odyssey,GEO,4690.0,Galaxy-19,Success
1997-05-24,Proton K,Baikonur Cosmodrome,GEO,3515.0,"Galaxy-25 (G-25, Intelsat 1A-5, Telstar 5)",Success
2005-06-23,Zenit 3SL,Sea Launch Odyssey,GEO,5493.0,"Galaxy-28 (G-28, Intelsat IA-8, Telstar 8)",Success
2020-08-15,Ariane 5,Guiana Space Center,GEO,3298.0,Galaxy-30,Success
2022-10-08,Falcon 9,Cape Canaveral,GEO,3650.0,Galaxy-33,Success
2022-10-08,Falcon 9,Cape Canaveral,GEO,3695.0,Galaxy-34,Success
2002-06-15,Zenit 3SL,Sea Launch Odyssey,GEO,4860.0,Galaxy-3C,Success
2014-08-22,Soyuz-ST,Guiana Space Center,Elliptical,733.0,"Galileo FOC FM1 (0201, Galileo 5, PRN E18)",Failure
2016-05-24,Soyuz-ST,Guiana Space Center,MEO,723.0,"Galileo FOC FM10 (0210, Galileo 13, PRN E01)",Success
2016-05-24,Soyuz-ST,Guiana Space Center,MEO,723.0,"Galileo FOC FM11 (0211, Galileo 14, PRN E02)",Success
2016-11-17,Ariane 5,Guiana Space Center,MEO,723.0,"Galileo FOC FM12 (0212, Galileo 16)",Failure
2016-11-17,Ariane 5,Guiana Space Center,MEO,723.0,"Galileo FOC FM13 (0213, Galileo 17)",Success
2016-11-17,Ariane 5,Guiana Space Center,MEO,723.0,"Galileo FOC FM14 (0214, Galileo 18)",Success
2017-12-13,Ariane 5,Guiana Space Center,MEO,715.0,"Galileo FOC FM15 (0215, Galileo 19)",Success
2017-12-13,Ariane 5,Guiana Space Center,MEO,715.0,"Galileo FOC FM16 (0216, Galileo 20)",Success
2017-12-13,Ariane 5,Guiana Space Center,MEO,715.0,"Galileo FOC FM17 (0217, Galileo 21)",Success
2017-12-13,Ariane 5,Guiana Space Center,MEO,715.0,"Galileo FOC FM18 (0218, Galileo 22)",Success
2018-07-25,Ariane 5 ES,Guiana Space Center,MEO,715.0,"Galileo FOC FM19 (0219, Galileo 23)",Success
2014-08-22,Soyuz-ST,Guiana Space Center,Elliptical,733.0,"Galileo FOC FM2 (0202, Galileo 6, PRN E14)",Failure
2018-07-25,Ariane 5 ES,Guiana Space Center,MEO,715.0,"Galileo FOC FM20 (0220, Galileo 24)",Success
2018-07-25,Ariane 5 ES,Guiana Space Center,MEO,715.0,"Galileo FOC FM21 (0221, Galileo 25)",Success
2018-07-25,Ariane 5 ES,Guiana Space Center,MEO,715.0,"Galileo FOC FM22 (0222, Galileo 26)",Success
2021-12-05,Soyuz-ST,Guiana Space Center,MEO,733.0,"Galileo FOC FM23 (0223, Galileo 27)",Success
2021-12-05,Soyuz-ST,Guiana Space Center,MEO,733.0,"Galileo FOC FM24 (0224, Galileo 28)",Success
2015-03-27,Soyuz-ST,Guiana Space Center,MEO,723.0,"Galileo FOC FM3 (0203, Galileo 7, PRN E26)",Success
2015-03-27,Soyuz-ST,Guiana Space Center,MEO,723.0,"Galileo FOC FM4 (0204, Galileo 8, PRN E22)",Success
2015-09-11,Soyuz-ST,Guiana Space Center,MEO,723.0,"Galileo FOC FM5 (0205, Galileo 9, PRN E24)",Success
2015-09-11,Soyuz-ST,Guiana Space Center,MEO,723.0,"Galileo FOC FM6 (0206, Galileo 10, PRN E30)",Success
2016-11-17,Ariane 5,Guiana Space Center,MEO,723.0,"Galileo FOC FM7 (0207, Galileo 15)",Success
2015-12-17,Soyuz-ST,Guiana Space Center,MEO,723.0,"Galileo FOC FM8 (0208, Galileo 11, PRN E08)",Success
2015-12-17,Soyuz-ST,Guiana Space Center,MEO,723.0,"Galileo FOC FM9 (0209, Galileo 12, E09)",Success
2011-10-21,Soyuz-Fregat,Guiana Space Center,MEO,700.0,"Galileo IOV-1 FM2 (0102, PRN E12)",Success
2011-10-21,Soyuz-Fregat,Guiana Space Center,MEO,700.0,"Galileo IOV-1 PFM (0101, PRN E11)",Success
2012-10-12,Soyuz-Fregat,Guiana Space Center,MEO,700.0,"Galileo IOV-2 FM3 (0103, PRN E19)",Success
2012-10-12,Soyuz-Fregat,Guiana Space Center,MEO,700.0,"Galileo IOV-2 FM4 (0104, PRN E20)",Failure
2023-01-03,Falcon 9,Cape Canaveral,LEO,10.0,GAMA Alpha,Success
2013-04-26,Long March 2D,Jiuquan Satellite Launch Center,LEO,1000.0,Gaofen 1,Success
2018-03-30,Long March 4C,Taiyuan Launch Center,LEO,805.0,Gaofen 1-02,Success
2018-03-30,Long March 4C,Taiyuan Launch Center,LEO,805.0,Gaofen 1-03,Success
2018-03-30,Long March 4C,Taiyuan Launch Center,LEO,805.0,Gaofen 1-04,Success
2018-05-08,Long March 4C,Taiyuan Launch Center,LEO,805.0,Gaofen 1-05,Success
2018-06-03,Long March 2D,Jiuquan Satellite Launch Center,LEO,1064.0,Gaofen 1-06,Success
2019-10-04,Long March 4C,Taiyuan Launch Center,LEO,1000.0,Gaofen 10,Success
2018-07-31,Long March 4B,Taiyuan Launch Center,Elliptical,1000.0,Gaofen 11,Success
2020-09-07,Long March 4B,Taiyuan Launch Center,Elliptical,1000.0,Gaofen 11-02,Success
2021-11-20,Long March 4B,Taiyuan Launch Center,Elliptical,3000.0,Gaofen 11-03,Success
2019-11-28,Long March 4C,Taiyuan Launch Center,LEO,1000.0,Gaofen 12,Success
2021-03-30,Long March 4C,Jiuquan Satellite Launch Center,LEO,3000.0,Gaofen 12-02,Success
2022-06-27,Long March 4C,Jiuquan Satellite Launch Center,LEO,3000.0,Gaofen 12-03 ,Success
2020-10-11,Long March 3B,Xichang Satellite Launch Center,GEO,1000.0,Gaofen 13,Success
2023-03-17,Long March 3B,Xichang Satellite Launch Center,GEO,4600.0,Gaofen 13-02,Success
2020-12-06,Long March 3B,Xichang Satellite Launch Center,LEO,1000.0,Gaofen 14,Failure
2014-08-19,Long March 4B,Taiyuan Launch Center,LEO,1000.0,Gaofen 2,Success
2016-08-09,Long March 4C,Taiyuan Launch Center,LEO,1000.0,Gaofen 3 ,Success
2021-11-22,Long March 4B,Taiyuan Launch Center,LEO,2500.0,Gaofen 3-02,Success
2022-04-06,Long March 4C,Jiuquan Satellite Launch Center,LEO,2500.0,Gaofen 3-03,Failure
2015-12-28,Long March 3B,Xichang Satellite Launch Center,GEO,4600.0,Gaofen 4,Failure
2021-09-06,Long March 4C,Taiyuan Launch Center,LEO,4200.0,Gaofen 5-02,Success
2019-11-03,Long March 4B,Taiyuan Launch Center,LEO,9.0,Gaofen 7,Success
2015-06-26,Long March 4B,Taiyuan Launch Center,LEO,1000.0,Gaofen 8,Success
2015-09-14,Long March 2D,Jiuquan Satellite Launch Center,LEO,1000.0,Gaofen 9,Success
2020-05-31,Long March 2D,Jiuquan Satellite Launch Center,LEO,1000.0,Gaofen 9-02,Success
2020-06-17,Long March 2D,Jiuquan Satellite Launch Center,LEO,1000.0,Gaofen 9-03,Success
2020-08-06,Long March 2D,Jiuquan Satellite Launch Center,LEO,1000.0,Gaofen 9-04,Success
2020-08-23,Long March 2D,Jiuquan Satellite Launch Center,LEO,1000.0,Gaofen 9-05,Success
2020-07-03,Long March 4B,Taiyuan Launch Center,LEO,,Gaofen Multi-Mode 1,Success
2015-12-10,Proton M,Baikonur Cosmodrome,GEO,5000.0,Garpun-12L (Cosmos 2513),Success
2013-11-21,Dnepr,Dombarovsky Air Base,LEO,5.0,GATOSS (Global Air Traffic Awareness and Optimizing through Spaceborne Surveillance),Success
2017-12-22,H2A,Tanegashima Space Center,LEO,2200.0,"GCOM-C (Global Change Observation Mission Climate, Shikisai)",Success
2022-01-13,LauncherOne,Virgin Orbit,LEO,4.0,GEARRS-3 (Globalstar Experiment And Risk Reduction Satellite 3),Failure
2015-05-20,Atlas 5,Cape Canaveral,LEO,10.0,GEARRSAT-2 (Globalstar Experiment And Risk Reduction Satellite),Success
2020-12-09,Long March 11,Xichang Satellite Launch Center,LEO,150.0,GECAM-A (Gravitational Wave High-energy Electromagnetic Counterpart All-sky Monitor),Failure
2020-12-09,Long March 11,Xichang Satellite Launch Center,LEO,150.0,GECAM-B (Gravitational Wave High-energy Electromagnetic Counterpart All-sky Monitor),Success
2022-06-02,Long March 2,Xichang Satellite Launch Center,LEO,100.0,GeeSat 5-01 ,Success
2022-06-02,Long March 2,Xichang Satellite Launch Center,LEO,100.0,GeeSat 5-02,Success
2022-06-02,Long March 2,Xichang Satellite Launch Center,LEO,100.0,GeeSat 5-03,Success
2022-06-02,Long March 2,Xichang Satellite Launch Center,LEO,100.0,GeeSat 5-04,Success
2022-06-02,Long March 2,Xichang Satellite Launch Center,LEO,100.0,GeeSat 5-05,Success
2022-06-02,Long March 2,Xichang Satellite Launch Center,LEO,100.0,GeeSat 5-06,Success
2022-06-02,Long March 2,Xichang Satellite Launch Center,LEO,100.0,GeeSat 5-07,Success
2022-06-02,Long March 2,Xichang Satellite Launch Center,LEO,100.0,GeeSat 5-08,Success
2022-06-02,Long March 2,Xichang Satellite Launch Center,LEO,100.0,GeeSat 5-09,Success
2006-07-12,Dnepr,Dombarovsky Air Base,LEO,1360.0,Genesis-1,Success
2007-06-28,Dnepr,Dombarovsky Air Base,LEO,1360.0,Genesis-2,Success
2016-06-05,Rokot,Plesetsk Cosmodrome,LEO,900.0,GEO IK2 12L (Cosmos 2517),Success
2019-08-30,Rokot,Plesetsk Cosmodrome,LEO,900.0,GEO IK2 13L (Cosmos 2540),Success
2018-12-04,Ariane 5,Guiana Space Center,GEO,3507.0,GEO-Kompsat-2A,Success
2020-02-18,Ariane 5,Guiana Space Center,GEO,3379.0,GEO-Kompsat-2B,Success
2008-09-06,Delta 2,Vandenberg AFB,LEO,1955.0,GeoEye-1 (Orbview 5),Success
1992-07-24,Delta 2,Cape Canaveral,Elliptical,980.0,Geotail (Geomagnetic Tail Laboratory),Success
2021-06-30,Falcon 9,Cape Canaveral,LEO,3.0,Ghalib,Success
2020-09-02,Vega,Guiana Space Center,LEO,15.0,GHGSat-C1 (Iris),Success
2021-01-24,Falcon 9,Cape Canaveral,LEO,15.0,GHGSat-C2 (Hugo),Success
2023-04-15,Falcon 9,Vandenberg AFB,LEO,15.0,GHGSat-C6 (Mey-Lin),Success
2023-04-15,Falcon 9,Vandenberg AFB,LEO,15.0,GHGSat-C7 (Gaspard),Success
2023-04-15,Falcon 9,Vandenberg AFB,LEO,15.0,GHGSat-C8 (Oceane),Success
2016-06-22,PSLV XL,Satish Dhawan Space Centre,LEO,15.0,"GHGSat-D (Greenhouse Gas Satellite - Demonstrator, Claire)",Success
2023-04-15,Falcon 9,Vandenberg AFB,LEO,85.0,GHOSt-1 (Global Hyperspectral Observation Satellite),Success
2023-04-15,Falcon 9,Vandenberg AFB,LEO,85.0,GHOSt-2 (Global Hyperspectral Observation Satellite),Success
2012-05-17,H2A,Tanegashima Space Center,LEO,1900.0,"Global Change Observation Mission - 1 Water (GCOM-1, Shikuzu)",Success
2022-06-19,Falcon 9,Cape Canaveral,LEO,715.0,Globalstar FM15,Failure
1999-03-15,Soyuz U,Baikonur Cosmodrome,LEO,450.0,Globalstar M037 (Globalstar 16),Success
2007-05-29,Soyuz-Fregat,Baikonur Cosmodrome,LEO,450.0,Globalstar M065 (Globalstar 65),Success
2007-10-20,Soyuz-Fregat,Baikonur Cosmodrome,LEO,450.0,Globalstar M066 (Globalstar 66),Failure
2007-10-20,Soyuz-Fregat,Baikonur Cosmodrome,LEO,450.0,Globalstar M067 (Globalstar 67),Success
2007-05-29,Soyuz-Fregat,Baikonur Cosmodrome,LEO,450.0,Globalstar M069 (Globalstar 69),Success
2007-10-20,Soyuz-Fregat,Baikonur Cosmodrome,LEO,450.0,Globalstar M070 (Globalstar 70),Success
2007-05-29,Soyuz-Fregat,Baikonur Cosmodrome,LEO,450.0,Globalstar M071 (Globalstar 71),Success
2007-05-29,Soyuz-Fregat,Baikonur Cosmodrome,LEO,450.0,Globalstar M072 (Globalstar 72),Success
2010-10-19,Soyuz-Fregat,Baikonur Cosmodrome,LEO,700.0,"Globalstar M073 (Globalstar 73, Globalstar 2-6)",Success
2010-10-19,Soyuz-Fregat,Baikonur Cosmodrome,LEO,700.0,"Globalstar M074 (Globalstar 74, Globalstar 2-2)",Success
2010-10-19,Soyuz-Fregat,Baikonur Cosmodrome,LEO,700.0,"Globalstar M075 (Globalstar 75, Globalstar 2-5)",Success
2010-10-19,Soyuz-Fregat,Baikonur Cosmodrome,LEO,700.0,"Globalstar M076 (Globalstar 76, Globalstar 2-3)",Success
2010-10-19,Soyuz-Fregat,Baikonur Cosmodrome,LEO,700.0,"Globalstar M077 (Globalstar 77, Globalstar 2-4)",Failure
2013-02-06,Soyuz.2.1a/Fregat,Baikonur Cosmodrome,LEO,700.0,"Globalstar M078 (Globalstar 95, Globalstar 2-23)",Success
2010-10-19,Soyuz-Fregat,Baikonur Cosmodrome,LEO,700.0,"Globalstar M079 (Globalstar 79, Globalstar 2-1)",Success
2011-12-28,Soyuz-2.1a/Fregat,Baikonur Cosmodrome,LEO,700.0,"Globalstar M080 (Globalstar 80, Globalstar 2-14)",Success
2011-07-13,Soyuz-2.1a,Baikonur Cosmodrome,LEO,700.0,"Globalstar M081 (Globalstar 81, Globalstar 2-11)",Success
2011-12-28,Soyuz-2.1a/Fregat,Baikonur Cosmodrome,LEO,700.0,"Globalstar M082 (Globalstar 82, Globalstar 2-15)",Success
2011-07-13,Soyuz-2.1a,Baikonur Cosmodrome,LEO,700.0,"Globalstar M083 (Globalstar 83, Globalstar 2-7)",Success
2011-12-28,Soyuz-2.1a/Fregat,Baikonur Cosmodrome,LEO,700.0,"Globalstar M084 (Globalstar 84, Globalstar 2-13) ",Success
2011-07-13,Soyuz-2.1a,Baikonur Cosmodrome,LEO,700.0,"Globalstar M085 (Globalstar 85, Globalstar 2-10)",Success
2011-12-28,Soyuz-2.1a/Fregat,Baikonur Cosmodrome,LEO,700.0,"Globalstar M086 (Globalstar 86, Globalstar 2-18)",Failure
2011-07-13,Soyuz-2.1a,Baikonur Cosmodrome,LEO,700.0,"Globalstar M088 (Globalstar 88, Globalstar 2-8)",Success
2011-07-13,Soyuz-2.1a,Baikonur Cosmodrome,LEO,700.0,"Globalstar M089 (Globalstar 89, Globalstar 2-12)",Success
2011-12-28,Soyuz-2.1a/Fregat,Baikonur Cosmodrome,LEO,700.0,"Globalstar M090 (Globalstar 90, Globalstar 2-17)",Success
2011-07-13,Soyuz-2.1a,Baikonur Cosmodrome,LEO,700.0,"Globalstar M091 (Globalstar 91, Globalstar 2-9)",Success
2011-12-28,Soyuz-2.1a/Fregat,Baikonur Cosmodrome,LEO,700.0,"Globalstar M092 (Globalstar 92, Globalstar 2-16)",Success
2013-02-06,Soyuz.2.1a/Fregat,Baikonur Cosmodrome,LEO,700.0,"Globalstar M093 (Globalstar 87, Globalstar 2-20)",Success
2013-02-06,Soyuz.2.1a/Fregat,Baikonur Cosmodrome,LEO,700.0,"Globalstar M094 (Globalstar 93, Globalstar 2-21)",Success
2013-02-06,Soyuz.2.1a/Fregat,Baikonur Cosmodrome,LEO,700.0,"Globalstar M095 (Globalstar 96, Globalstar 2-24)",Success
2013-02-06,Soyuz.2.1a/Fregat,Baikonur Cosmodrome,LEO,700.0,"Globalstar M096 (Globalstar 94, Globalstar 2-22)",Success
2013-02-06,Soyuz.2.1a/Fregat,Baikonur Cosmodrome,LEO,700.0,"Globalstar M097 (Globalstar 78, Globalstar 2-19)",Success
2022-10-10,Soyuz-2.1b,Plesetsk Cosmodrome,MEO,1415.0,"Glonass (Glonass-M, Cosmos 2559)",Success
2011-02-26,Soyuz-2,Plesetsk Cosmodrome,MEO,935.0,"Glonass 701 (Glonass-K, Cosmos 2471)",Success
2014-12-01,Soyuz-2.1b,Plesetsk Cosmodrome,MEO,935.0,"Glonass 702 (Glonass K, Cosmos 2501)",Success
2020-10-25,Soyuz-2.1b,Plesetsk Cosmodrome,MEO,1415.0,"Glonass 705 (Glonass M, Cosmos 2547)",Success
2022-07-07,Soyuz-2.1b,Plesetsk Cosmodrome,MEO,974.0,"Glonass 706 (Glonass K, Cosmos 2557)",Success
2006-12-25,Proton K,Baikonur Cosmodrome,MEO,1480.0,"Glonass 716 (Glonass 35-2, Cosmos 2425)",Success
2006-12-25,Proton K,Baikonur Cosmodrome,MEO,1480.0,"Glonass 717 (Glonass 35-3, Cosmos 2426)",Success
2007-10-26,Proton K,Baikonur Cosmodrome,MEO,1480.0,"Glonass 719 (Glonass 36-2, Cosmos 2432)",Success
2007-10-26,Proton K,Baikonur Cosmodrome,MEO,1480.0,"Glonass 720 (Glonass 36-3, Cosmos 2433)",Success
2007-12-25,Proton M,Baikonur Cosmodrome,MEO,1480.0,"Glonass 721 (Glonass 37-1, Cosmos 2435)",Success
2007-12-25,Proton M,Baikonur Cosmodrome,MEO,1480.0,"Glonass 723 (Glonass 37-3, Cosmos 2436)",Success
2009-12-14,Proton M,Baikonur Cosmodrome,MEO,1415.0,"Glonass 730 (Glonass 41-1, Cosmos 2456)",Success
2010-03-01,Proton M,Baikonur Cosmodrome,MEO,1415.0,"Glonass 731 (Glonass 42-1, Cosmos 2459)",Failure
2010-03-01,Proton M,Baikonur Cosmodrome,MEO,1415.0,"Glonass 732 (Glonass 42-3, Cosmos 2460)",Success
2009-12-14,Proton M,Baikonur Cosmodrome,MEO,1415.0,"Glonass 733 (Glonass 41-2, Cosmos 2457)",Success
2010-03-01,Proton M,Baikonur Cosmodrome,MEO,1415.0,"Glonass 735 (Glonass 42-2, Cosmos 2461)",Success
2010-09-02,Proton M,Baikonur Cosmodrome,MEO,1415.0,"Glonass 736 (Glonass 43-1, Cosmos 2464)",Failure
2011-11-04,Proton M,Baikonur Cosmodrome,MEO,1415.0,"Glonass 743 (Glonass 44-2, Cosmos 2476)",Success
2011-11-04,Proton M,Baikonur Cosmodrome,MEO,1415.0,"Glonass 744 (Glonass 44-3, Cosmos 2477)",Success
2011-11-04,Proton M,Baikonur Cosmodrome,MEO,1415.0,"Glonass 745 (Glonass 44-1, Cosmos 2475)",Success
2013-04-26,Soyuz-2,Plesetsk Cosmodrome,MEO,1415.0,"Glonass 747 (Glonass-M, Cosmos 2485)",Success
2016-02-07,Soyuz-2.1b,Plesetsk Cosmodrome,MEO,1415.0,"Glonass 751 (Glonass-M, Cosmos 2514)",Success
2017-09-22,Soyuz-2.1b,Plesetsk Cosmodrome,MEO,1415.0,"Glonass 752 (Glomass-M, Cosmos 2522)",Success
2016-05-29,Soyuz-2.1b,Plesetsk Cosmodrome,MEO,1415.0,"Glonass 753 (Glonass-M, Cosmos 2516)",Success
2014-06-14,Soyuz-2.1b,Plesetsk Cosmodrome,MEO,1415.0,"Glonass 755 (Glonass-M, Cosmos 2500)",Success
2018-06-18,Soyuz-2.1b,Plesetsk Cosmodrome,MEO,1415.0,"Glonass 756 (Glonass-M, Cosmos 2527)",Success
2018-11-03,Soyuz-2.1b,Plesetsk Cosmodrome,MEO,1415.0,"Glonass 757 (Glonass-M, Cosmos 2529)",Success
2019-05-27,Soyuz-2.1b,Plesetsk Cosmodrome,MEO,1415.0,"Glonass 758 (Glonass-M, Cosmos 2534)",Success
2019-12-11,Soyuz-2.1a,Plesetsk Cosmodrome,MEO,1415.0,"Glonass 759 (Glonass-M, Cosmos 2544)",Success
2020-02-16,Soyuz-2.1b,Plesetsk Cosmodrome,MEO,1415.0,"Glonass 760 (Glonass-M, Cosmos 2545)",Success
2021-01-20,Electron,Rocket Lab Launch Complex 1,LEO,50.0,GMS-T,Success
2020-08-30,Falcon 9,Cape Canaveral,LEO,30.0,GNOMES-1 (GNSS Navigation and Occultation Measurement Satellites) ,Success
2021-06-30,Falcon 9,Cape Canaveral,LEO,30.0,GNOMES-2 (GNSS Navigation and Occultation Measurement Satellites) ,Failure
2022-04-01,Falcon 9,Cape Canaveral,LEO,30.0,GNOMES-3 (GNSS Navigation and Occultation Measurement Satellites),Success
2006-05-24,Delta 4,Cape Canaveral,GEO,3200.0,"GOES 13 (Geostationary Operational Environmental Satellite, GOES-N)",Success
2009-06-27,Delta 4,Cape Canaveral,GEO,3200.0,"GOES 14 (Geostationary Operational Environmental Satellite, GOES-O)",Success
2010-03-04,Delta 4,Cape Canaveral,GEO,3175.0,"GOES 15 (Geostationary Operational Ennvironmental Satellite, GOES-P)",Success
2016-11-19,Atlas 5,Cape Canaveral,GEO,5192.0,GOES 16 (Geostationary Operational Environmental Satellite GOES-R),Success
2018-03-01,Atlas 5,Cape Canaveral,GEO,5211.0,GOES 17 (Geostationary Operational Environmental Satellite GOES-S),Success
2022-03-01,Atlas 5,Cape Canaveral,GEO,5209.0,GOES 18 (Geostationary Operational Environmental Satellite GOES-T),Success
2016-12-05,Vega,Guiana Space Center,LEO,1060.0,Göktürk 1,Success
2012-12-18,Long March 2D,Jiuquan Satellite Launch Center,LEO,409.0,Göktürk 2,Success
2018-02-02,Long March 2D,Jiuquan Satellite Launch Center,LEO,8.0,GomX-4A,Success
2018-02-02,Long March 2D,Jiuquan Satellite Launch Center,LEO,8.0,GomX-4B,Success
2015-03-31,Rokot,Plesetsk Cosmodrome,LEO,280.0,Gonets M-11 (Gonets M21),Success
2015-03-31,Rokot,Plesetsk Cosmodrome,LEO,280.0,Gonets M-12 (Gonets M22),Success
2015-03-31,Rokot,Plesetsk Cosmodrome,LEO,280.0,Gonets M-13 (Gonets M23),Success
2013-09-11,Rokot,Plesetsk Cosmodrome,LEO,270.0,Gonets M-14,Success
2013-09-11,Rokot,Plesetsk Cosmodrome,LEO,270.0,Gonets M-16,Success
2013-09-11,Rokot,Plesetsk Cosmodrome,LEO,270.0,Gonets M-17,Failure
2014-07-03,Rokot,Plesetsk Cosmodrome,LEO,280.0,Gonets M-18,Success
2014-07-03,Rokot,Plesetsk Cosmodrome,LEO,280.0,Gonets M-19,Success
2014-07-03,Rokot,Plesetsk Cosmodrome,LEO,280.0,Gonets M-20,Success
2019-12-26,Rokot,Plesetsk Cosmodrome,LEO,280.0,Gonets M-24,Success
2019-12-26,Rokot,Plesetsk Cosmodrome,LEO,280.0,Gonets M-25,Success
2019-12-26,Rokot,Plesetsk Cosmodrome,LEO,280.0,Gonets M-26,Success
2020-09-28,Soyuz-2.1b,Plesetsk Cosmodrome,LEO,280.0,Gonets M-27,Success
2020-09-28,Soyuz-2.1b,Plesetsk Cosmodrome,LEO,280.0,Gonets M-28,Success
2020-09-28,Soyuz-2.1b,Plesetsk Cosmodrome,LEO,280.0,Gonets M-29,Success
2020-12-03,Soyuz-2.1b,Plesetsk Cosmodrome,LEO,280.0,Gonets M-30,Success
2020-12-03,Soyuz-2.1b,Plesetsk Cosmodrome,LEO,280.0,Gonets M-31,Success
2020-12-03,Soyuz-2.1b,Plesetsk Cosmodrome,LEO,280.0,Gonets M-32,Success
2018-10-29,H2A,Tanegashima Space Center,LEO,1800.0,GOSAT-2 (Greenhouse gases Observing Satellite-2; Ibuki-2),Failure
2022-01-13,Falcon 9,Cape Canaveral,LEO,1.0,Gossamer Piccolomini (Gossamer 1)  ,Success
2018-01-31,Falcon 9,Cape Canaveral,GEO,4230.0,GovSat-1 (SES-16),Success
2014-02-27,H2A,Tanegashima Space Center,LEO,3850.0,GPM Core Observatory (Global Precipitation Measurement),Success
2018-05-22,Falcon 9,Vandenberg AFB,LEO,600.0,Grace Follow-on-1 (Gravity Recovery and Climate Experiment Follow-on-1),Success
2018-05-22,Falcon 9,Vandenberg AFB,LEO,600.0,Grace Follow-on-2 (Gravity Recovery and Climate Experiment Follow-on-2),Success
2009-01-23,H2A,Tanegashima Space Center,LEO,1750.0,"Greenhouse Gases Observing Satellite (Ibuki, GoSAT)",Failure
2018-12-27,Soyuz-2.1a,Vostochny Cosmodrome,LEO,100.0,GRUS-1A,Failure
2021-03-22,Soyuz-2.1a,Baikonur Cosmodrome,LEO,100.0,GRUS-1B,Success
2021-03-22,Soyuz-2.1a,Baikonur Cosmodrome,LEO,100.0,GRUS-1C,Failure
2021-03-22,Soyuz-2.1a,Baikonur Cosmodrome,LEO,100.0,GRUS-1D,Success
2021-03-22,Soyuz-2.1a,Baikonur Cosmodrome,LEO,100.0,GRUS-1E,Success
2012-09-28,Ariane 5,Guiana Space Center,GEO,3400.0,GSAT-10,Success
2018-12-04,Ariane 5,Guiana Space Center,GEO,5854.0,GSAT-11,Success
2011-07-15,PSLV C17,Satish Dhawan Space Centre,GEO,1410.0,GSAT-12,Success
2014-01-05,GSLV,Satish Dhawan Space Centre,GEO,1982.0,GSAT-14,Success
2015-01-10,Ariane 5,Guiana Space Center,GEO,3164.0,GSAT-15,Success
2014-12-06,Ariane 5 ECA,Guiana Space Center,GEO,3181.0,GSAT-16,Success
2017-06-28,Ariane 5,Guiana Space Center,GEO,3477.0,GSAT-17,Success
2016-10-05,Ariane 5,Guiana Space Center,GEO,3404.0,GSAT-18,Success
2017-06-03,GSLV MK.3,Satish Dhawan Space Centre,GEO,3136.0,GSAT-19E,Success
2022-06-22,Ariane 5,Guiana Space Center,GEO,4181.0,GSAT-24,Success
2018-11-14,GSLV MK.3,Satish Dhawan Space Centre,GEO,3400.0,GSAT-29,Success
2020-01-16,Ariane 5,Guiana Space Center,GEO,3357.0,GSAT-30,Success
2019-02-05,Ariane 5,Guiana Space Center,GEO,2536.0,GSAT-31,Success
2015-08-27,GSLV,Satish Dhawan Space Centre,GEO,2110.0,GSAT-6 (Insat 4-E),Success
2013-08-29,Ariane 5 ECA,Guiana Space Center,GEO,2650.0,GSAT-7,Success
2018-12-19,GSLV Mk.2,Satish Dhawan Space Centre,GEO,2250.0,GSAT-7A,Success
2011-05-20,Ariane 5,Guiana Space Center,GEO,3093.0,GSAT-8,Success
2014-07-28,Delta 4M,Cape Canaveral,GEO,500.0,"GSSAP 2 (Geosynchronous Space Situational Awareness Program, USA 254)",Success
2016-08-19,Delta 4M+,Cape Canaveral,GEO,500.0,"GSSAP 3 (Geosynchronous Space Situational Awareness Program, USA 270)",Failure
2016-08-19,Delta 4M+,Cape Canaveral,GEO,500.0,"GSSAP 4 (Geosynchronous Space Situational Awareness Program, USA 271)",Success
2022-01-21,Atlas 5,Cape Canaveral,GEO,500.0,"GSSAP 5 (Geosynchronous Space Situational Awareness Program, USA 324)",Success
2022-01-21,Atlas 5,Cape Canaveral,GEO,500.0,"GSSAP 6 (Geosynchronous Space Situational Awareness Program, USA 325)",Success
2021-03-22,Electron,Rocket Lab Launch Complex 1,LEO,5.0,Gunsmoke-J1     ,Failure
2021-02-20,Cygnus,Wallops Island Flight Facility,LEO,5.0,Gunsmoke-J2,Success
2021-06-30,LauncherOne,Virgin Orbit,LEO,4.0,Gunsmoke-J4,Success
2022-02-27,Long March 8,Wenchang Space Center,LEO,55.0,Hainan-1-01,Success
2022-02-27,Long March 8,Wenchang Space Center,LEO,65.0,Hainan-1-02,Success
2021-06-11,Long March 2D,Taiyuan Launch Center,LEO,,Haisi-2,Success
2018-09-07,Long March 2C,Taiyuan Launch Center,LEO,442.0,Haiyang 1C (HY 1C),Success
2020-06-10,Long March 2C,Taiyuan Launch Center,LEO,442.0,Haiyang 1D (HY 1D),Success
2011-08-15,Long March 4B,Taiyuan Launch Center,LEO,1500.0,Haiyang 2A (HY 2A),Success
2018-10-24,Long March 4B,Taiyuan Launch Center,LEO,1500.0,Haiyang 2B (HY 2B),Success
2020-09-21,Long March 4B,Jiuquan Satellite Launch Center,LEO,1500.0,Haiyang 2C (HY 2C),Success
2021-05-19,Long March 4B,Jiuquan Satellite Launch Center,LEO,1500.0,Haiyang 2D (HY 2D),Success
2021-06-30,LauncherOne,Virgin Orbit,LEO,4.0,Halo-NET Free Flyer,Success
2021-04-27,Long March 6,Taiyuan Launch Center,LEO,37.0,Hangsheng 1,Success
2019-05-05,Electron,Rocket Lab Launch Complex 1,LEO,150.0,Harbinger,Success
2021-01-24,Falcon 9/Sherpa FX,Cape Canaveral,LEO,15.0,Hawk-2A (HawkEye 360 2A),Success
2021-01-24,Falcon 9/Sherpa FX,Cape Canaveral,LEO,15.0,Hawk-2B (HawkEye 360 2B),Success
2021-01-24,Falcon 9/Sherpa FX,Cape Canaveral,LEO,15.0,Hawk-2C (HawkEye 360 2C),Success
2021-06-30,Falcon 9/Sherpa FX,Cape Canaveral,LEO,15.0,Hawk-3A (HawkEye 360 3A),Success
2021-06-30,Falcon 9/Sherpa FX,Cape Canaveral,LEO,15.0,Hawk-3B (HawkEye 360 3B),Success
2021-06-30,Falcon 9/Sherpa FX,Cape Canaveral,LEO,15.0,Hawk-3C (HawkEye 360 3C),Success
2022-04-01,Falcon 9,Cape Canaveral,LEO,15.0,Hawk-4A (HawkEye 360 4A),Success
2022-04-01,Falcon 9,Cape Canaveral,LEO,15.0,Hawk-4B (HawkEye 360 4B),Success
2022-04-01,Falcon 9,Cape Canaveral,LEO,15.0,Hawk-4C (HawkEye 360 4C),Success
2023-01-24,Electron,Mid-Atlantic Regional Spaceport/Wallops Island,LEO,31.0,Hawk-6A (HawkEye 360 6A),Success
2023-01-24,Electron,Mid-Atlantic Regional Spaceport/Wallops Island,LEO,31.0,Hawk-6B (HawkEye 360 6B),Success
2023-01-24,Electron,Mid-Atlantic Regional Spaceport/Wallops Island,LEO,31.0,Hawk-6C (HawkEye 360 6C),Success
2023-04-15,Falcon 9,Vandenberg AFB,LEO,31.0,Hawk-7A,Success
2023-04-15,Falcon 9,Vandenberg AFB,LEO,31.0,Hawk-7B,Success
2023-04-15,Falcon 9,Vandenberg AFB,LEO,31.0,Hawk-7C,Success
2018-12-03,Falcon 9,Vandenberg AFB,LEO,15.0,Hawk-A (HawkEye 360 Pathfinder 1),Success
2018-12-03,Falcon 9,Vandenberg AFB,LEO,15.0,Hawk-B (HawkEye 360 Pathfinder 2),Success
2018-12-03,Falcon 9,Vandenberg AFB,LEO,15.0,Hawk-C (HawkEye 360 Pathfinder 3),Success
2017-11-14,Long March 4C,Taiyuan Launch Center,LEO,45.0,HEAD-1 ,Success
2019-12-07,Kuaizhou 1A,Taiyuan Launch Center,LEO,45.0,HEAD-2A,Failure
2019-12-07,Kuaizhou 1A,Taiyuan Launch Center,LEO,45.0,HEAD-2B,Success
2021-10-14,Long March 4D,Taiyuan Launch Center,LEO,45.0,HEAD-2E,Success
2021-10-14,Long March 2D,Taiyuan Launch Center,LEO,45.0,HEAD-2F,Success
2020-05-31,Long March 2D,Jiuquan Satellite Launch Center,LEO,45.0,HEAD-4,Success
2020-06-17,Long March 2D,Jiuquan Satellite Launch Center,LEO,45.0,HEAD-5,Success
2004-12-18,Ariane 5G,Guiana Space Center,LEO,4200.0,Helios 2A ,Success
2009-12-18,Ariane 5,Guiana Space Center,LEO,4200.0,Helios 2B,Success
2003-05-12,Atlas 5,Cape Canaveral,GEO,3300.0,"Hellas-Sat 2 (Intelsat K-TV, NSS K-TV)",Success
2017-06-28,Ariane 5,Guiana Space Center,GEO,5780.0,Hellas-Sat 3/INMARSAT S EAN,Success
2019-02-05,Ariane 5,Guiana Space Center,GEO,6495.0,Hellas-Sat 4/SGS-1 (Saudi Geostationary Satellite 1),Success
2021-11-08,H2A,Uchinoura Space Center,LEO,55.0,Hibari,Failure
2018-11-29,PSLV,Satish Dhawan Space Centre,LEO,4.0,Hiber-1,Success
2018-12-03,Falcon 9,Vandenberg AFB,LEO,7.0,Hiber-2,Success
2021-03-22,Soyuz-2.1b,Baikonur Cosmodrome,LEO,4.0,Hiber-3,Failure
2021-01-24,Falcon 9,Cape Canaveral,LEO,3.0,Hiber-4,Failure
2014-10-07,H2A,Tanegashima Space Center,GEO,3500.0,Himawari 8,Success
2016-11-02,H2A,Tanegashima Space Center,GEO,3500.0,Himawari 9,Success
2006-10-22,JAXA M-V,Uchinoura Space Center,LEO,700.0,Hinode (Solar B),Success
2013-09-14,Epsilon,Uchinoura Space Center,Elliptical,348.0,"Hisaki (Sprint A, Spectroscopic Planet Observatory for Recognition of Interaction of Atmosphere)",Success
2020-12-22,Long March 8,Wenchang Space Center,LEO,180.0,Hisea-1 (TY-MINISAR-1),Success
2002-09-18,Atlas 2AS,Cape Canaveral,GEO,3288.0,Hispasat 1D ,Success
2010-12-29,Ariane 5,Guiana Space Center,GEO,5320.0,Hispasat 1E,Success
2018-03-06,Falcon 9,Cape Canaveral,GEO,6100.0,Hispasat 30W-6 (Hispasat 1F),Failure
2017-01-28,Soyuz,Guiana Space Center,GEO,3220.0,Hispasat 36W-1 (Hispasat AG1),Success
2008-09-05,Long March 2C,Taiyuan Launch Center,LEO,470.0,HJ-1A (Huan Jing 1A),Success
2008-09-05,Long March 2C,Taiyuan Launch Center,LEO,470.0,HJ-1B (Huan Jing 1B),Success
2020-09-27,Long March 4B,Taiyuan Launch Center,LEO,,HJ-2A (Huan Jing-2A) ,Success
2020-09-27,Long March 4B,Taiyuan Launch Center,LEO,,HJ-2B (Huan Jing-2B) ,Success
2014-06-19,Dnepr,Dombarovsky Air Base,LEO,60.0,Hodoyoshi-3,Success
2014-06-19,Dnepr,Dombarovsky Air Base,LEO,60.0,Hodoyoshi-4,Success
2023-03-30,Long March 2D,Taiyuan Launch Center,LEO,320.0,Hongtu 1-01,Success
2023-03-30,Long March 2D,Taiyuan Launch Center,LEO,270.0,Hongtu 1-02,Success
2023-03-30,Long March 2D,Taiyuan Launch Center,LEO,270.0,Hongtu 1-03,Success
2023-03-30,Long March 2D,Taiyuan Launch Center,LEO,270.0,Hongtu 1-04,Success
2018-12-29,Long March 2D,Jiuquan Satellite Launch Center,LEO,,Hongyan-1 (Chongqing),Success
2018-12-21,Long March 11,Jiuquan Satellite Launch Center,LEO,,Hongyun-1 (Hongyun Gongcheng JYW),Success
2007-12-21,Ariane 5,Guiana Space Center,GEO,2300.0,Horizons 2,Success
2018-09-25,Ariane 5 ECA,Guiana Space Center,GEO,6500.0,Horizons 3e,Failure
2023-02-24,Long March 2,Jiuquan Satellite Launch Center,LEO,330.0,Horus 1 (Helusi-1),Success
2023-03-13,Long March 2,Jiuquan Satellite Launch Center,LEO,330.0,Horus-2 (Helusi-2),Success
2012-05-17,H2A,Tanegashima Space Center,LEO,7.1,Horyu-2 (High Voltage Technology Demonstration Satellite-2),Failure
2018-11-29,PSLV,Satish Dhawan Space Centre,LEO,4.0,HSAT-1,Success
2019-11-03,Long March 4B,Taiyuan Launch Center,LEO,50.0,Huangpu-1,Failure
2022-10-12,Long March 2C,Taiyuan Launch Center,LEO,1000.0,Huanjing Jianzai 02-05 ,Success
1990-04-25,Space Shuttle (STS 31),Cape Canaveral,LEO,11110.0,"Hubble Space Telescope (HST, Space Telescope)",Success
2018-01-18,Long March 11,Jiuquan Satellite Launch Center,LEO,2.5,Huia'an (Zhou Enlai),Success
2023-01-03,Falcon 9,Cape Canaveral,LEO,10.0,Huygens (MilSpace 2-2),Success
2017-06-15,Long March 4B,Jiuquan Satellite Launch Center,LEO,2500.0,"HXMT (Hard X-ray Modulation Telescope, Insight)",Success
2010-11-26,Ariane 5,Guiana Space Center,GEO,2242.0,HYLAS 1 (Highly Adaptable Satellite),Success
2012-08-02,Ariane 5 ECA,Guiana Space Center,GEO,3311.0,HYLAS 2 (Highly Adaptable Satellite),Success
2018-04-05,Ariane 5,Guiana Space Center,GEO,4050.0,HYLAS 4 (Highly Adaptable Satellite),Success
2018-11-29,PSLV,Satish Dhawan Space Centre,LEO,380.0,HySIS (Hyperspectral Imaging Satellite),Success
2018-09-15,Delta 2,Vandenberg AFB,LEO,1515.0,Icesat-2,Success
2018-01-12,PSLV,Satish Dhawan Space Centre,LEO,80.0,"ICEYE-X1 (ICEYE POC 1, XR1)",Success
2021-01-24,Falcon 9,Cape Canaveral,LEO,80.0,"ICEYE-X10 (ICEYE POC 10, XR1)",Success
2021-06-30,Falcon 9,Cape Canaveral,LEO,80.0,"ICEYE-X11 (ICEYE POC 11, XR1)",Success
2021-06-30,Falcon 9,Cape Canaveral,LEO,80.0,"ICEYE-X12 (ICEYE POC 12, XR1)",Success
2021-06-30,Falcon 9,Cape Canaveral,LEO,80.0,"ICEYE-X13 (ICEYE POC 13, XR1)",Success
2022-01-13,Falcon 9,Cape Canaveral,LEO,80.0,"ICEYE-X14 (ICEYE POC 14, XR1)",Success
2021-06-30,Falcon 9,Cape Canaveral,LEO,80.0,"ICEYE-X15 (ICEYE POC 15, XR1)",Success
2022-01-13,Falcon 9,Cape Canaveral,LEO,80.0,"ICEYE-X16 (ICEYE POC 16, XR1)",Success
2022-05-25,Falcon 9,Cape Canaveral,LEO,80.0,ICEYE-X17 (ICEYE POC 17),Success
2022-05-25,Falcon 9,Cape Canaveral,LEO,80.0,ICEYE-X18 (ICEYE POC 18),Success
2022-05-25,Falcon 9,Cape Canaveral,LEO,80.0,ICEYE-X19 (ICEYE POC 19),Success
2018-12-03,Falcon 9,Vandenberg AFB,LEO,80.0,ICEYE-X2 (ICEYE POC 2),Success
2022-05-25,Falcon 9,Cape Canaveral,LEO,80.0,ICEYE-X20 (ICEYE POC 20),Success
2023-01-03,Falcon 9,Cape Canaveral,LEO,80.0,ICEYE-X21 ,Success
2022-05-25,Falcon 9,Cape Canaveral,LEO,80.0,ICEYE-X24 (ICEYE POC 24),Success
2023-01-03,Falcon 9,Cape Canaveral,LEO,80.0,ICEYE-X27,Success
2019-07-05,Soyuz-2.1b,Vostochny Cosmodrome,LEO,80.0,ICEYE-X4 (ICEYE POC 4),Success
2019-07-05,Soyuz-2.1b,Vostochny Cosmodrome,LEO,80.0,ICEYE-X5 (ICEYE POC 5),Success
2020-09-28,Soyuz-2.1b,Plesetsk Cosmodrome,LEO,80.0,ICEYE-X6 (ICEYE POC 6),Success
2020-09-28,Soyuz-2.1b,Plesetsk Cosmodrome,LEO,80.0,ICEYE-X7 (ICEYE POC 7),Success
2021-01-24,Falcon 9,Cape Canaveral,LEO,80.0,ICEYE-X8 (ICEYE POC 8),Success
2021-01-24,Falcon 9,Cape Canaveral,LEO,80.0,ICEYE-X9 (ICEYE POC 9),Success
2019-10-11,Pegasus,Stargazer L-1011,LEO,288.0,ICON (Ionospheric Connection Explorer) ,Success
2015-03-26,H2A,Tanegashima Space Center,LEO,1600.0,"IGS Optical 5 (IGS-9B, Information Gathering Satellite 9B)",Success
2018-02-26,H2A,Tanegashima Space Center,LEO,1600.0,"IGS Optical 6 (IGS-10B, Information Gathering Satellite 10B)",Success
2020-02-09,H2A,Tanegashima Space Center,LEO,1600.0,IGS Optical 7 (IGS-11B Information Gathering Satellite 14),Success
2017-03-16,H2A,Tanegashima Space Center,LEO,1600.0,IGS Radar 5 (Information Gathering Satellite 10A),Success
2018-06-12,H2A,Tanegashima Space Center,LEO,1600.0,"IGS Radar 6 (Information Gathering Satellite 6, IGS Radar 6)",Success
2023-01-26,H2A,Tanegashima Space Center,LEO,1500.0,IGS Radar 7 (Information Gathering Satellite),Success
2011-09-23,H2A,Tanegashima Space Center,LEO,1600.0,"IGS-6A (Information Gathering Satellite 6A, IGS Optical 4)",Success
2011-12-12,H2A,Tanegashima Space Center,LEO,1600.0,"IGS-7A (Information Gathering Satellite 7A, IGS Radar 3)",Failure
2013-01-27,H2A,Tanegashima Space Center,LEO,1600.0,"IGS-8A (Information Gathering Satellite 8A, IGS Radar 4)",Failure
2013-01-27,H2A,Tanegashima Space Center,LEO,1600.0,"IGS-8B (Information Gathering Satellite 8B, IGS Optical 5 Demonstrator)",Success
2015-01-31,H2A,Tanegashima Space Center,LEO,1600.0,"IGS-9A (Information Gathering Satellite 9A, IGS Radar Spare)",Success
2023-04-15,Falcon 9,Vandenberg AFB,LEO,800.0,İMECE,Success
2006-06-28,Delta 4,Vandenberg AFB,Elliptical,4000.0,"Improved Trumpet 4 (NROL-22, National Reconnaissance Office Launch-22, SBIRS HEO-1, Twins 1, USA 184)",Success
2008-03-13,Atlas 5,Vandenberg AFB,Elliptical,4200.0,"Improved Trumpet 5 (NROL-28, National Reconnaissance Office Launch-28, SBIRS HEO-2, Twins 2, USA 200)",Success
2014-12-13,Atlas 5,Vandenberg AFB,Elliptical,4200.0,"Improved Trumpet 6 (NROL-35, National Reconnaissance Office Launch-35, SBIRS HEO-3, USA 259)",Success
2017-09-24,Atlas 5,Vandenberg AFB,Elliptical,8000.0,"Improved Trumpet 7 (NROL-42, National Reconnaissance Office Launch-42, SBIRS HEO-4, USA 278)",Success
1996-12-18,Atlas,Cape Canaveral,GEO,2074.0,INMARSAT 3 F3 ,Success
1998-02-04,Ariane 44L,Guiana Space Center,GEO,2000.0,INMARSAT 3 F5 ,Failure
2005-03-11,Atlas 5,Cape Canaveral,GEO,5959.0,INMARSAT 4 F1,Success
2005-11-08,Zenit 3SL,Sea Launch Odyssey,GEO,5458.0,INMARSAT 4 F2,Success
2008-08-18,Proton M,Baikonur Cosmodrome,GEO,5960.0,INMARSAT 4 F3,Success
2013-07-25,Ariane 5 ECA,Guiana Space Center,GEO,6650.0,INMARSAT 4-A F4 (Alphasat I-XL),Success
2013-12-08,Proton M,Baikonur Cosmodrome,GEO,6070.0,INMARSAT 5 F1,Success
2015-02-01,Proton M,Baikonur Cosmodrome,GEO,6105.0,INMARSAT 5 F2,Success
2015-08-28,Proton M,Baikonur Cosmodrome,GEO,6100.0,INMARSAT 5 F3,Success
2017-05-15,Falcon 9,Cape Canaveral,GEO,6086.0,INMARSAT 5 F4,Success
2019-11-26,Ariane 5 ECA,Guiana Space Center,GEO,4007.0,INMARSAT 5 F5,Success
2021-12-22,H2A,Tanegashima Space Center,GEO,5470.0,INMARSAT 6 F1,Failure
2023-02-18,Falcon 9,Cape Canaveral,GEO,5465.0,INMARSAT 6F2,Success
2018-11-29,PSLV,Satish Dhawan Space Centre,LEO,4.0,INNOSat-2 (Innovation Satellite-2),Success
2017-02-15,PSLV XL,Satish Dhawan Space Centre,LEO,8.4,INS-1A (ISRO Nano Satellite),Success
2017-02-15,PSLV XL,Satish Dhawan Space Centre,LEO,8.0,INS-1B (ISRO Nano Satellite),Success
2018-01-11,PSLV,Satish Dhawan Space Centre,LEO,5.0,INS-1C (ISRO Nano Satellite),Success
2022-02-14,PSLV-XL,Satish Dhawan Space Centre,LEO,17.5,INS-2TD ,Success
2013-07-25,Ariane 5 ECA,Guiana Space Center,GEO,2090.0,INSAT 3D (Indian National Satellite),Success
2016-09-08,GSLV Mk.2,Satish Dhawan Space Centre,GEO,2200.0,INSAT 3DR (Indian National Satellite),Success
2022-02-14,PSLV XL,Satish Dhawan Space Centre,LEO,8.0,InspireSat-1,Success
2023-04-15,Falcon 9,Vandenberg AFB,LEO,3.0,InspireSat-7,Success
2002-10-17,Proton,Baikonur Cosmodrome,Elliptical,4000.0,INTEGRAL (INTErnational Gamma-Ray Astrophysics Laboratory),Success
2001-05-14,Proton,Baikonur Cosmodrome,GEO,3739.0,Intelsat 10 (PAS-10),Success
2004-06-16,Proton,Baikonur Cosmodrome,GEO,5576.0,Intelsat 10-02 (Thor 4),Success
2007-10-05,Ariane 5,Guiana Space Center,GEO,2491.0,Intelsat 11 (PAS 11),Success
2000-10-29,Ariane 44LP,Guiana Space Center,GEO,4167.0,"Intelsat 12 (Europe*Star 1, Europe*Star FM1, IS-12, PAS-12)",Success
2009-11-23,Atlas,Cape Canaveral,GEO,5613.0,Intelsat 14 (IS-14),Success
2009-11-30,Zenit 3SLB,Baikonur Cosmodrome,GEO,2550.0,"Intelsat 15 (IS-15, JCSat 85)",Success
2010-02-12,Proton M,Baikonur Cosmodrome,GEO,2450.0,Intelsat 16 (IS-16),Success
2010-11-26,Ariane 5,Guiana Space Center,GEO,5540.0,Intelsat 17 (IS-17),Success
2011-10-05,Zenit,Baikonur Cosmodrome,GEO,3200.0,Intelsat 18 (IS-18),Success
2012-06-01,Zenit,Sea Launch Odyssey,GEO,5600.0,Intelsat 19 (IS-19),Failure
2000-11-15,Ariane 5,Guiana Space Center,GEO,4793.0,"Intelsat 1R (IS-1R, PAS-1R, PanAmSat 1R)",Success
2012-08-02,Ariane 5 ECA,Guiana Space Center,GEO,6094.0,Intelsat 20 (IS-20),Failure
2012-08-19,Zenit 3SL,Sea Launch Odyssey,GEO,5984.0,Intelsat 21 (IS-21),Success
2012-03-25,Proton,Baikonur Cosmodrome,GEO,6199.0,Intelsat 22,Success
2012-10-14,Proton M,Baikonur Cosmodrome,GEO,3200.0,Intelsat 23,Success
2008-07-07,Ariane 5 ECA,Guiana Space Center,GEO,4100.0,"Intelsat 25 (IS-25, Protostar 1, Chinasat 8)",Success
2014-10-16,Ariane 5 ECA,Guiana Space Center,GEO,6220.0,Intelsat 30/DLA 1,Success
2016-06-09,Proton,Baikonur Cosmodrome,GEO,6450.0,Intelsat 31/DLA 2,Success
2016-08-24,Ariane 5,Guiana Space Center,GEO,6600.0,Intelsat 33 (IS-33),Success
2015-08-20,Ariane 5,Guiana Space Center,GEO,3300.0,Intelsat 34,Success
2017-07-05,Falcon 9,Cape Canaveral,GEO,6761.0,Intelsat 35E,Success
2016-08-24,Ariane 5,Guiana Space Center,GEO,3250.0,Intelsat 36 (IS-36),Failure
2017-09-29,Ariane 5,Guiana Space Center,GEO,6438.0,Intelsat 37E (IS-37E),Success
2019-08-06,Ariane 5,Guiana Space Center,GEO,6600.0,Intelsat 39,Success
2023-04-07,Falcon 9,Cape Canaveral,GEO,6013.0,Intelsat 40e,Success
1997-08-28,Proton K,Baikonur Cosmodrome,GEO,2730.0,"Intelsat 5 (Arabsat 2C, Panamsat-5, PAS-5)",Success
2000-07-28,Zenit 3SL,Sea Launch Odyssey,GEO,3659.0,"Intelsat 9 (IS-9, PAS-9) ",Success
2001-06-09,Atlas 2AS,Cape Canaveral,GEO,4723.0,Intelsat 901 ,Success
2001-08-30,Ariane 44L,Guiana Space Center,GEO,4723.0,Intelsat 902 ,Success
2002-02-23,Proton K,Baikonur Cosmodrome,GEO,4680.0,Intelsat 904 ,Success
2002-06-05,Ariane 44L,Guiana Space Center,GEO,4723.0,Intelsat 905 ,Success
2002-09-06,Ariane 44L,Guiana Space Center,GEO,4723.0,Intelsat 906 ,Success
2011-04-22,Ariane 5,Guiana Space Center,GEO,3000.0,Intelsat New Dawn (Intelsat 28),Success
1998-11-20,Proton,Baikonur Cosmodrome,LEO,,International Space Station (ISS [first element Zarya]),Success
2008-10-19,Pegasus XL,Kwajalein Island,Elliptical,462.0,Interstellar Boundary EXplorer (IBEX),Success
2020-09-02,Vega,Guiana Space Center,LEO,150.0,ION SVC Lucas,Success
2017-01-14,Falcon 9,Vandenberg AFB,LEO,860.0,Iridium Next SV 102,Success
2017-01-14,Falcon 9,Vandenberg AFB,LEO,860.0,Iridium Next SV 103,Success
2017-01-14,Falcon 9,Vandenberg AFB,LEO,860.0,Iridium Next SV 104,Success
2017-01-14,Falcon 9,Vandenberg AFB,LEO,860.0,Iridium Next SV 105,Success
2017-01-14,Falcon 9,Vandenberg AFB,LEO,860.0,Iridium Next SV 106,Failure
2017-10-09,Falcon 9,Vandenberg AFB,LEO,860.0,Iridium Next SV 107,Success
2017-01-14,Falcon 9,Vandenberg AFB,LEO,860.0,Iridium Next SV 108,Success
2017-01-14,Falcon 9,Vandenberg AFB,LEO,860.0,Iridium Next SV 109,Success
2018-05-22,Falcon 9,Vandenberg AFB,LEO,860.0,Iridium Next SV 110,Success
2017-01-14,Falcon 9,Vandenberg AFB,LEO,860.0,Iridium Next SV 111,Success
2017-01-14,Falcon 9,Vandenberg AFB,LEO,860.0,Iridium Next SV 112,Success
2017-06-25,Falcon 9,Vandenberg AFB,LEO,860.0,Iridium Next SV 113,Success
2017-01-14,Falcon 9,Vandenberg AFB,LEO,860.0,Iridium Next SV 114,Success
2017-06-25,Falcon 9,Vandenberg AFB,LEO,860.0,Iridium Next SV 115,Success
2017-12-23,Falcon 9,Vandenberg AFB,LEO,860.0,Iridium Next SV 116,Success
2017-06-25,Falcon 9,Vandenberg AFB,LEO,860.0,Iridium Next SV 117,Failure
2017-06-25,Falcon 9,Vandenberg AFB,LEO,860.0,Iridium Next SV 118,Success
2017-10-09,Falcon 9,Vandenberg AFB,LEO,860.0,Iridium Next SV 119,Success
2017-06-25,Falcon 9,Vandenberg AFB,LEO,860.0,Iridium Next SV 120,Failure
2017-06-25,Falcon 9,Vandenberg AFB,LEO,860.0,Iridium Next SV 121,Success
2017-10-09,Falcon 9,Vandenberg AFB,LEO,860.0,Iridium Next SV 122,Success
2017-06-25,Falcon 9,Vandenberg AFB,LEO,860.0,Iridium Next SV 123,Success
2017-06-25,Falcon 9,Vandenberg AFB,LEO,860.0,Iridium Next SV 124,Success
2017-10-09,Falcon 9,Vandenberg AFB,LEO,860.0,Iridium Next SV 125,Failure
2017-06-25,Falcon 9,Vandenberg AFB,LEO,860.0,Iridium Next SV 126,Success
2017-10-09,Falcon 9,Vandenberg AFB,LEO,860.0,Iridium Next SV 127,Success
2017-06-25,Falcon 9,Vandenberg AFB,LEO,860.0,Iridium Next SV 128,Success
2017-10-09,Falcon 9,Vandenberg AFB,LEO,860.0,Iridium Next SV 129,Success
2017-12-23,Falcon 9,Vandenberg AFB,LEO,860.0,Iridium Next SV 130,Success
2017-12-23,Falcon 9,Vandenberg AFB,LEO,860.0,Iridium Next SV 131,Success
2017-10-09,Falcon 9,Vandenberg AFB,LEO,860.0,Iridium Next SV 132,Success
2017-10-09,Falcon 9,Vandenberg AFB,LEO,860.0,Iridium Next SV 133,Success
2017-12-23,Falcon 9,Vandenberg AFB,LEO,860.0,Iridium Next SV 134,Success
2017-12-23,Falcon 9,Vandenberg AFB,LEO,860.0,Iridium Next SV 135,Success
2017-10-09,Falcon 9,Vandenberg AFB,LEO,860.0,Iridium Next SV 136,Success
2017-12-23,Falcon 9,Vandenberg AFB,LEO,860.0,Iridium Next SV 137,Success
2017-12-23,Falcon 9,Vandenberg AFB,LEO,860.0,Iridium Next SV 138,Success
2017-10-09,Falcon 9,Vandenberg AFB,LEO,860.0,Iridium Next SV 139,Success
2018-03-30,Falcon 9,Vandenberg AFB,LEO,860.0,Iridium Next SV 140,Success
2017-12-23,Falcon 9,Vandenberg AFB,LEO,860.0,Iridium Next SV 141,Success
2018-03-30,Falcon 9,Vandenberg AFB,LEO,860.0,Iridium Next SV 142,Success
2018-03-30,Falcon 9,Vandenberg AFB,LEO,860.0,Iridium Next SV 143,Success
2018-03-30,Falcon 9,Vandenberg AFB,LEO,860.0,Iridium Next SV 144,Success
2018-03-30,Falcon 9,Vandenberg AFB,LEO,860.0,Iridium Next SV 145,Success
2018-03-30,Falcon 9,Vandenberg AFB,LEO,860.0,Iridium Next SV 146,Success
2018-05-22,Falcon 9,Vandenberg AFB,LEO,860.0,Iridium Next SV 147,Success
2018-03-30,Falcon 9,Vandenberg AFB,LEO,860.0,Iridium Next SV 148,Success
2018-03-30,Falcon 9,Vandenberg AFB,LEO,860.0,Iridium Next SV 149,Success
2018-03-30,Falcon 9,Vandenberg AFB,LEO,860.0,Iridium Next SV 150,Success
2017-12-23,Falcon 9,Vandenberg AFB,LEO,860.0,Iridium Next SV 151,Success
2018-05-22,Falcon 9,Vandenberg AFB,LEO,860.0,Iridium Next SV 152,Success
2017-12-23,Falcon 9,Vandenberg AFB,LEO,860.0,Iridium Next SV 153,Success
2018-07-25,Falcon 9,Vandenberg AFB,LEO,860.0,Iridium Next SV 154,Success
2018-07-25,Falcon 9,Vandenberg AFB,LEO,860.0,Iridium Next SV 155,Success
2018-07-25,Falcon 9,Vandenberg AFB,LEO,860.0,Iridium Next SV 156,Success
2018-03-30,Falcon 9,Vandenberg AFB,LEO,860.0,Iridium Next SV 157,Success
2018-07-25,Falcon 9,Vandenberg AFB,LEO,860.0,Iridium Next SV 158,Success
2018-07-25,Falcon 9,Vandenberg AFB,LEO,860.0,Iridium Next SV 159,Success
2018-07-25,Falcon 9,Vandenberg AFB,LEO,860.0,Iridium Next SV 160,Success
2018-05-22,Falcon 9,Vandenberg AFB,LEO,860.0,Iridium Next SV 161,Success
2018-05-22,Falcon 9,Vandenberg AFB,LEO,860.0,Iridium Next SV 162,Success
2018-07-25,Falcon 9,Vandenberg AFB,LEO,860.0,Iridium Next SV 163 ,Failure
2018-07-25,Falcon 9,Vandenberg AFB,LEO,860.0,Iridium Next SV 164,Success
2018-07-25,Falcon 9,Vandenberg AFB,LEO,860.0,Iridium Next SV 165,Success
2018-07-25,Falcon 9,Vandenberg AFB,LEO,860.0,Iridium Next SV 166,Success
2019-01-11,Falcon 9,Vandenberg AFB,LEO,860.0,Iridium Next SV 167,Success
2019-01-11,Falcon 9,Vandenberg AFB,LEO,860.0,Iridium Next SV 168,Failure
2019-01-11,Falcon 9,Vandenberg AFB,LEO,860.0,Iridium Next SV 169,Success
2019-01-11,Falcon 9,Vandenberg AFB,LEO,860.0,Iridium Next SV 170,Success
2019-01-11,Falcon 9,Vandenberg AFB,LEO,860.0,Iridium Next SV 171,Success
2019-01-11,Falcon 9,Vandenberg AFB,LEO,860.0,Iridium Next SV 172,Success
2019-01-11,Falcon 9,Vandenberg AFB,LEO,860.0,Iridium Next SV 173,Success
2019-01-11,Falcon 9,Vandenberg AFB,LEO,860.0,Iridium Next SV 175,Success
2019-01-11,Falcon 9,Vandenberg AFB,LEO,860.0,Iridium Next SV 176,Success
2019-01-11,Falcon 9,Vandenberg AFB,LEO,860.0,Iridium Next SV 180,Failure
2013-06-28,L1011,Vandenberg AFB,LEO,236.0,IRIS (Interface Region Imaging Spectrometer),Success
2023-04-15,Falcon 9,Vandenberg AFB,LEO,3.0,IRIS-C (interface Region Imaging Spectrometer-C),Success
2013-07-01,PSLV,Satish Dhawan Space Centre,GEO,1425.0,IRNSS-1A (Indian Regional Navigation Satellite System),Success
2014-04-04,PSLV,Satish Dhawan Space Centre,GEO,1432.0,IRNSS-1B (Indian Regional Navigation Satellite System),Success
2014-10-15,PSLV-XL,Satish Dhawan Space Centre,GEO,1425.0,IRNSS-1C (Indian Regional Navigation Satellite System),Success
2015-03-30,PSLV-C27,Satish Dhawan Space Centre,GEO,1425.0,IRNSS-1D (Indian Regional Navigation Satellite System),Success
2016-01-20,PSLV-XL,Satish Dhawan Space Centre,GEO,1425.0,IRNSS-1E (Indian Regional Navigation Satellite System),Success
2016-03-10,PSLV-XL,Satish Dhawan Space Centre,GEO,1425.0,IRNSS-1F (Indian Regional Navigation Satellite System),Success
2016-04-28,PSLV,Satish Dhawan Space Centre,GEO,1425.0,IRNSS-1G (Indian Regional Navigation Satellite System),Failure
2018-04-11,PSLV,Satish Dhawan Space Centre,GEO,1425.0,IRNSS-1I (Indian Regional Navigation Satellite System),Success
2003-10-17,PSLV C5,Satish Dhawan Space Centre,LEO,1360.0,IRS-P6 (Resourcesat-1) ,Failure
2017-12-07,Nanorack Deployer,Cygnus,LEO,5.0,ISARA (Integrated Solar Array & Reflectarray Antenna),Success
2018-12-27,Soyuz-2.1a,Vostochny Cosmodrome,LEO,4.0,iSat (D-Star ONE iSat),Success
2018-12-16,Electron,Rocket Lab Launch Complex 1,LEO,4.0,"ISX (Ionospheric Scintillation Explorer, CP-11)",Success
2023-04-15,Falcon 9,Vandenberg AFB,LEO,4.0,It's About Time,Success
2009-09-23,PSLV,Satish Dhawan Space Centre,LEO,1.0,ITU-pSAT1 (Istanbul Technical University Picosat-1),Success
2021-12-09,Falcon 9,Cape Canaveral,LEO,330.0,IXPE (Imaging X-ray Polarimetry Explorer),Success
2019-07-05,Soyuz-2.1b,Vostochny Cosmodrome,LEO,1.0,JAISAT-1,Success
2016-01-17,Falcon 9,Vandenberg AFB,LEO,553.0,Jason 3,Success
2006-08-11,Ariane 5,Guiana Space Center,GEO,4400.0,"JCSat 10 (Japan Communications Satellite 10, JCSat 3A)",Success
2012-05-15,Ariane 5 ECA,Guiana Space Center,GEO,4500.0,JCSat 13 (Japan Communications Satellite 13),Success
2016-05-06,Falcon 9,Cape Canaveral,GEO,4500.0,"JCSat 14 (JCSat 2B, Japan Communications Satellite 14)",Success
2016-12-21,Ariane 5,Guiana Space Center,GEO,3400.0,JCSat 15,Success
2016-08-14,Falcon 9,Cape Canaveral,GEO,4500.0,JCSat 16 ,Success
2020-02-18,Ariane 5,Guiana Space Center,GEO,5857.0,JCSat 17,Failure
2019-12-17,Falcon 9,Cape Canaveral,GEO,6956.0,JCSat 18/Kacific 1,Success
2002-03-29,Ariane 44L,Guiana Space Center,GEO,2500.0,"JCSat 2A (JCSAT 8, Japan Communications Satellite 8)",Success
2006-04-12,Zenit 3SL,Sea Launch Odyssey,GEO,4400.0,"JCSat 9 (JCSat 5A, Japanese Communications Satellite 9)",Success
2009-08-21,Ariane 5,Guiana Space Center,GEO,4000.0,"JCSat RA (JCSat 12, Japan Communications Satellite 12)",Success
2018-11-19,Long March 2D,Jiuquan Satellite Launch Center,LEO,45.0,Jiading-1 (OKW-01),Success
2019-06-05,Long March 11,Yellow Sea Launch Platform,LEO,42.0,Jilin-1 (High Resolution 03-A),Success
2015-10-07,Long March 2D,Jiuquan Satellite Launch Center,LEO,95.0,"Jilin-1 (Lingqiao-A, Lingqiao Video A)",Failure
2015-10-07,Long March 2D,Jiuquan Satellite Launch Center,LEO,95.0,"Jilin-1 (Lingqiao-B, Lingqiao Video B)",Success
2019-11-13,Kuaizhou 1A,Jiuquan Satellite Launch Center,LEO,95.0,Jilin-1 Gaofen 02A,Success
2019-12-07,Kuaizhou 1A,Jiuquan Satellite Launch Center,LEO,95.0,Jilin-1 Gaofen 02B,Success
2021-09-27,Kuaizhou 1A,Jiuquan Satellite Launch Center,LEO,230.0,Jilin-1 Gaofen 02D ,Success
2021-10-27,Kuaizhou 1A,Jiuquan Satellite Launch Center,LEO,230.0,Jilin-1 Gaofen 02F,Success
2020-09-14,Long March 11,Yellow Sea Launch Platform,LEO,40.0,Jilin-1 Gaofen 03B-01 ,Success
2020-09-14,Long March 11,Yellow Sea Launch Platform,LEO,40.0,Jilin-1 Gaofen 03B-02 ,Success
2020-09-14,Long March 11,Yellow Sea Launch Platform,LEO,40.0,Jilin-1 Gaofen 03B-03 ,Success
2020-09-14,Long March 11,Yellow Sea Launch Platform,LEO,40.0,Jilin-1 Gaofen 03B-04 ,Success
2020-09-14,Long March 11,Yellow Sea Launch Platform,LEO,40.0,Jilin-1 Gaofen 03B-05 ,Success
2020-09-14,Long March 11,Yellow Sea Launch Platform,LEO,40.0,Jilin-1 Gaofen 03B-06 ,Success
2020-09-14,Long March 11,Yellow Sea Launch Platform,LEO,40.0,Jilin-1 Gaofen 03C-01 ,Success
2020-09-14,Long March 11,Yellow Sea Launch Platform,LEO,40.0,Jilin-1 Gaofen 03C-02 ,Success
2020-09-14,Long March 11,Yellow Sea Launch Platform,LEO,40.0,Jilin-1 Gaofen 03C-03 ,Success
2022-02-27,Long March 8,Wenchang Space Center,LEO,43.0,Jilin-1 GaoFen 03D 10,Success
2022-02-27,Long March 8,Wenchang Space Center,LEO,43.0,Jilin-1 GaoFen 03D 11,Success
2022-02-27,Long March 8,Wenchang Space Center,LEO,43.0,Jilin-1 GaoFen 03D 12,Failure
2022-02-27,Long March 8,Wenchang Space Center,LEO,43.0,Jilin-1 GaoFen 03D 13,Success
2022-02-27,Long March 8,Wenchang Space Center,LEO,43.0,Jilin-1 GaoFen 03D 14,Success
2022-02-27,Long March 8,Wenchang Space Center,LEO,43.0,Jilin-1 GaoFen 03D 15,Success
2022-02-27,Long March 8,Wenchang Space Center,LEO,43.0,Jilin-1 GaoFen 03D 16 ,Failure
2022-02-27,Long March 8,Wenchang Space Center,LEO,43.0,Jilin-1 GaoFen 03D 17,Success
2022-02-27,Long March 8,Wenchang Space Center,LEO,43.0,Jilin-1 GaoFen 03D 18,Success
2021-07-03,Long March 2D,Taiyuan Launch Center,LEO,40.0,Jilin-1 GaoFen 03D-01,Failure
2021-07-03,Long March 2D,Taiyuan Launch Center,LEO,40.0,Jilin-1 GaoFen 03D-02,Success
2021-07-03,Long March 2D,Taiyuan Launch Center,LEO,40.0,Jilin-1 GaoFen 03D-03,Success
2022-04-29,Long March 11,Yellow Sea Launch Platform,LEO,43.0,Jilin-1 GaoFen 03D-04,Success
2022-04-29,Long March 11,Yellow Sea Launch Platform,LEO,43.0,Jilin-1 GaoFen 03D-05,Success
2022-04-29,Long March 11,Yellow Sea Launch Platform,LEO,43.0,Jilin-1 GaoFen 03D-06,Success
2022-04-29,Long March 11,Yellow Sea Launch Platform,LEO,43.0,Jilin-1 GaoFen 03D-07,Success
2022-05-05,Long March 2,Taiyan Launch Center,LEO,43.0,Jilin-1 GaoFen 03D-27,Success
2022-05-05,Long March 2,Taiyan Launch Center,LEO,43.0,Jilin-1 GaoFen 03D-28,Success
2022-05-05,Long March 2,Taiyan Launch Center,LEO,43.0,Jilin-1 GaoFen 03D-29,Success
2022-05-05,Long March 2,Taiyan Launch Center,LEO,43.0,Jilin-1 GaoFen 03D-30,Success
2022-05-05,Long March 2,Taiyan Launch Center,LEO,43.0,Jilin-1 GaoFen 03D-31,Success
2022-05-05,Long March 2,Taiyan Launch Center,LEO,43.0,Jilin-1 GaoFen 03D-32,Success
2022-05-05,Long March 2,Taiyan Launch Center,LEO,43.0,Jilin-1 GaoFen 03D-33,Success
2023-01-15,Long March 2D,Taiyuan Launch Center,LEO,42.0,Jilin-1 GaoFen 03D-34,Failure
2022-04-29,Long March 11,Yellow Sea Launch Platform,LEO,43.0,Jilin-1 GaoFen 04A,Success
2023-01-15,Long March 2D,Taiyuan Launch Center,LEO,,Jilin-1 Hongwai A07,Failure
2023-01-15,Long March 2D,Taiyuan Launch Center,LEO,42.0,Jilin-1 Hongwai A08,Failure
2021-07-03,Long March 2D,Taiyuan Launch Center,LEO,95.0,Jilin-1 Kuanfu 01B,Failure
2022-05-05,Long March 2D,Taiyuan Launch Center,LEO,95.0,Jilin-1 Kuanfu 01C,Success
2020-01-15,Long March 2D,Taiyuan Launch Center,LEO,95.0,Jilin-1 Kuanfu-1,Success
2022-02-27,Long March 8,Wenchang Space Center,LEO,32.0,Jilin-1 Mofang 02A01 ,Success
2023-01-15,Long March 2D,Taiyuan Launch Center,LEO,18.0,Jilin-1 Mofang 02A03,Success
2023-01-15,Long March 2D,Taiyuan Launch Center,LEO,18.0,Jilin-1 Mofang 02A04,Success
2023-01-15,Long March 2D,Taiyuan Launch Center,LEO,18.0,Jilin-1 Mofang 02A07,Success
2015-10-07,Long March 2D,Jiuquan Satellite Launch Center,LEO,400.0,"Jilin-1-1 (Optical A, Lingqiao 1)",Success
2019-01-21,Long March 11,Jiuquan Satellite Launch Center,LEO,95.0,Jilin-1-10 (Guanpu 2),Failure
2017-01-09,Kuaizhou,Jiuquan Satellite Launch Center,LEO,400.0,Jilin-1-3 (Lingqiao 3),Success
2017-11-21,Long March 6,Taiyuan Launch Center,LEO,95.0,Jilin-1-4 (Shipin 4),Success
2017-11-21,Long March 6,Taiyuan Launch Center,LEO,95.0,Jilin-1-5 (Shipin 5),Success
2017-11-21,Long March 6,Taiyuan Launch Center,LEO,95.0,Jilin-1-6 (Shipin 6),Success
2018-01-18,Long March 11,Jiuquan Satellite Launch Center,LEO,95.0,Jilin-1-7 (Shipin 7),Success
2018-01-18,Long March 11,Jiuquan Satellite Launch Center,LEO,95.0,Jilin-1-8 (Shipin 8),Success
2019-01-21,Long March 11,Jiuquan Satellite Launch Center,LEO,95.0,Jilin-1-9 (Guanpu 1),Success
2021-04-27,Long March 6,Taiyuan Launch Center,LEO,40.0,Jin Zijing 1-01,Success
2021-04-27,Long March 6,Taiyuan Launch Center,LEO,40.0,Jin Zijing 1-02,Success
2021-12-06,Ceres 1,Jiuquan Satellite Launch Center,LEO,20.0,Jin Zijing 1-03,Success
2021-10-14,Long March 2D,Taiyuan Launch Center,LEO,4.0,Jin Zijing 2 (Golden Bauhinia N2) ,Success
2023-01-15,Long March 2D,Taiyan Launch Center,LEO,10.0,Jin Zijing 3,Success
2023-01-15,Long March 2D,Taiyuan Launch Center,LEO,10.0,Jin Zijing 4,Failure
2021-12-06,Ceres 1,Jiuquan Satellite Launch Center,LEO,10.0,Jin Zijing 5,Success
2023-01-15,Long March 2D,Taiyuan Launch Center,LEO,50.0,Jin Zijing 6,Success
2019-09-12,Long March 4B,Taiyuan Launch Center,LEO,16.0,Jingshi-1 (BNU-1),Success
2018-12-03,Falcon 9,Vandenberg AFB,LEO,2.0,JYISat (JO 97),Success
2015-09-19,Long March 6,Taiyuan Launch Center,LEO,130.0,Kaituo-1A (Xinyan-2),Failure
2012-07-22,Soyuz-Fregat,Baikonur Cosmodrome,LEO,400.0,Kanopus-B (Kanopus Vulcan 1) ,Success
2017-07-14,Soyuz-2.1a,Baikonur Cosmodrome,LEO,500.0,Kanopus-V-IK-2,Success
2018-01-31,Soyuz-2.1a,Vostochny Cosmodrome,LEO,500.0,Kanopus-V-IK-3,Failure
2018-01-31,Soyuz-2.1a,Vostochny Cosmodrome,LEO,500.0,Kanopus-V-IK-4,Success
2018-12-27,Soyuz-2.1a,Vostochny Cosmodrome,LEO,500.0,Kanopus-V-IK-5,Success
2018-12-27,Soyuz-2.1a,Vostochny Cosmodrome,LEO,500.0,Kanopus-V-IK-6,Success
2014-04-30,Vega,Guiana Space Center,LEO,830.0,KazEOSat-1 (Kazcosmos Earth Observation Satellite),Success
2014-06-19,Dnepr,Dombarovsky Air Base,LEO,185.0,KazEOSat-2 (kazcosmos Earth Observation Satellite),Success
2011-07-15,Proton M,Baikonur Cosmodrome,GEO,1300.0,KazSat-2,Success
2014-04-28,Proton M,Baikonur Cosmodrome,GEO,,KazSat-3,Success
2018-12-03,Falcon 9,Vandenberg AFB,LEO,100.0,KazSTSAT (Kazakh Science and Technology Satellite),Success
2015-12-16,PSLV-C29,Satish Dhawan Space Centre,LEO,78.0,Kent Ridge 1,Success
2021-01-24,Falcon 9,Cape Canaveral,LEO,9.0,Kepler-10 BABY YODA,Success
2021-01-24,Falcon 9,Cape Canaveral,LEO,9.0,Kepler-11 DANEEL,Success
2021-01-24,Falcon 9,Cape Canaveral,LEO,9.0,Kepler-12 BOBA,Failure
2021-01-24,Falcon 9,Cape Canaveral,LEO,9.0,Kepler-13 LUCKY,Success
2021-01-24,Falcon 9,Cape Canaveral,LEO,9.0,Kepler-14 STELLA,Success
2021-01-24,Falcon 9,Cape Canaveral,LEO,9.0,Kepler-15 SUDORMRF,Success
2022-01-13,Falcon 9,Cape Canaveral,LEO,9.0,Kepler-16 ASTRAEUS,Success
2022-01-13,Falcon 9,Cape Canaveral,LEO,9.0,Kepler-17 KARINA,Success
2022-01-13,Falcon 9,Cape Canaveral,LEO,9.0,Kepler-18 BLIP-A,Success
2022-01-13,Falcon 9,Cape Canaveral,LEO,9.0,Kepler-19 ,Success
2018-11-29,PSLV,Satish Dhawan Space Centre,LEO,4.0,Kepler-2 CASE,Success
2023-04-15,Falcon 9,Vandenberg AFB,LEO,15.0,Kepler-20,Success
2023-04-15,Falcon 9,Vandenberg AFB,LEO,15.0,Kepler-21,Success
2020-09-02,Vega,Guiana Space Center,LEO,9.0,Kepler-3 TARS,Failure
2020-09-28,Soyuz-2.1b,Plesetsk Cosmodrome,LEO,9.0,Kepler-4 ANTILLES,Success
2020-09-28,Soyuz-2.1b,Plesetsk Cosmodrome,LEO,9.0,Kepler-5 AMIDALA,Success
2021-03-22,Soyuz-2.1b,Baikonur Cosmodrome,LEO,9.0,Kepler-6 ROCINANTE,Failure
2021-03-22,Soyuz-2.1b,Baikonur Cosmodrome,LEO,9.0,Kepler-7 C3PO,Success
2021-01-24,Falcon 9,Cape Canaveral,LEO,9.0,Kepler-8 AMAROK,Failure
2021-01-24,Falcon 9,Cape Canaveral,LEO,9.0,Kepler-9 ARTEMIS,Success
2017-10-24,Nanorack Deployer,International Space Station,LEO,50.0,KestrelEye IIM,Failure
2022-09-24,Delta 4 Heavy,Vandenberg AFB,LEO,20000.0,"Keyhole 11 (NROL 91, Advanced KH-11, Evolved Improved Crystal 19, USA 338)",Success
2005-10-19,Titan IV,Vandenberg AFB,LEO,18000.0,"Keyhole 5 (Advanced KH-11, KH-12-5, Improved Crystal, EIS-3, USA 186)",Success
2011-01-20,Delta 4 Heavy,Vandenberg AFB,LEO,18000.0,"Keyhole 6 (NRO L49, Advanced KH-11, KH-12-6, Improved Crystal, USA 224)",Success
2013-08-28,Delta 4 Heavy,Vandenberg AFB,LEO,18000.0,"Keyhole 7 (NRO L65, Advanced KH-11, Improved Crystal, USA 245)",Success
2019-01-19,Delta 4 Heavy,Vandenberg AFB,LEO,18000.0,"Keyhole 8 (NRO L71, Advanced KH-11, Improved Crystal Block 5, USA 290)",Success
2021-04-26,Delta 4 Heavy,Vandenberg AFB,LEO,20000.0,"Keyhole 9 (NRO L82, Advanced KH-11, Evolved Improved Crystal Block F2, USA 314)",Success
2018-10-29,H2A,Tanegashima Space Center,LEO,330.0,KhalifaSat,Failure
2022-08-09,Soyuz,Baikonur Cosmodrome,LEO,650.0,Khayyam,Success
2023-04-15,Falcon 9,Vandenberg AFB,LEO,4.0,KILIÇSAT,Success
2018-01-18,Long March 11,Jiuquan Satellite Launch Center,LEO,10.0,KIPP-1 ,Failure
2017-01-24,H2A,Tanegashima Space Center,GEO,,Kirameki 2 (DSN-2),Success
2015-09-19,Long March 6,Taiyuan Launch Center,LEO,1.0,KJSY-1 (Kongjian Shiyan-1),Success
2009-01-23,H2A,Tanegashima Space Center,LEO,3.0,"KKS-1 (Kouku Kousen Satellite One, Kiseki)",Success
2019-11-17,Kuaizhou 1A,Jiuquan Satellite Launch Center,LEO,,KL-Alpha-A ,Success
2019-11-17,Kuaizhou 1A,Jiuquan Satellite Launch Center,LEO,,KL-Alpha-B,Success
2021-08-04,Long March 6,Taiyuan Launch Center,LEO,100.0,KL-Beta-A,Success
2021-08-04,Long March 6,Taiyuan Launch Center,LEO,100.0,KL-Beta-B,Success
2021-03-22,Soyuz-2.1b,Baikonur Cosmodrome,LEO,4.0,KMSL (Korea Microgravity Science Laboratory),Success
2006-07-28,Rokot,Plesetsk Cosmodrome,LEO,800.0,"Kompsat-2 (Arirang 2, Korean planned Multipurpose Satellite-2)",Success
2012-05-17,H2A,Tanegashima Space Center,LEO,980.0,"Kompsat-3 (Arirang 3, Korean Multipurpose Satellite-3)",Success
2015-03-25,Dnepr,Dombarovsky Air Base,LEO,980.0,"Kompsat-3A (Arirang 3A, Korean Multipurpose Satellite-3A)",Success
2013-08-22,Dnepr,Dombarovsky Air Base,LEO,1400.0,"Kompsat-5 (Arirang 5, Korean Multipurpose Satellite-4)",Success
2006-08-22,Zenit 3SL,Sea Launch Odyssey,GEO,4450.0,Koreasat 5 (Mugungwha 5),Success
2017-10-30,Falcon 9,Cape Canaveral,GEO,3700.0,Koreasat 5A (Mugungwha 5A),Success
2010-12-29,Ariane 5,Guiana Space Center,GEO,2850.0,Koreasat 6 (Mugungwha 6),Success
2017-05-04,Ariane 5,Guiana Space Center,GEO,3680.0,Koreasat 7 (Mugungwha 7),Success
2021-11-08,H2A,Uchinoura Space Center,LEO,3.0,KOSEN-1 ,Success
2021-06-30,Falcon 9,Cape Canaveral,LEO,10.0,KSF1-A,Failure
2021-06-30,Falcon 9,Cape Canaveral,LEO,10.0,KSF1-B,Success
2022-04-01,Falcon 9,Cape Canaveral,LEO,10.0,KSF2-A ,Failure
2022-04-01,Falcon 9,Cape Canaveral,LEO,10.0,KSF2-B,Success
2022-04-01,Falcon 9,Cape Canaveral,LEO,10.0,KSF2-C ,Success
2022-04-01,Falcon 9,Cape Canaveral,LEO,10.0,KSF2-D,Success
2023-01-03,Falcon 9,Cape Canaveral,LEO,10.0,KSF3-A,Failure
2023-01-03,Falcon 9,Cape Canaveral,LEO,10.0,KSF3-B,Success
2023-01-03,Falcon 9,Cape Canaveral,LEO,10.0,KSF3-C,Success
2023-01-03,Falcon 9,Cape Canaveral,LEO,10.0,KSF3-D,Success
2021-06-30,Falcon 9,Cape Canaveral,LEO,10.0,KSFI-C,Success
2021-06-30,Falcon 9,Cape Canaveral,LEO,10.0,KSFI-D,Success
2020-11-07,PSLV,Satish Dhawan Space Centre,LEO,,KSM-1A (Kleos Scouting Mission 1A),Success
2020-11-07,PSLV,Satish Dhawan Space Centre,LEO,,KSM-1B (Kleos Scouting Mission 1B),Success
2020-11-07,PSLV,Satish Dhawan Space Centre,LEO,,KSM-1C (Kleos Scouting Mission 1C),Success
2020-11-07,PSLV,Satish Dhawan Space Centre,LEO,,KSM-1D (Kleos Scouting Mission 1D),Success
2021-03-22,Soyuz-2.1a,Baikonur Cosmodrome,LEO,2.0,KSU Cubesat,Success
2022-10-08,Long March 2D,Jiuquan Satellite Launch Center,LEO,888.0,"Kuafu-1 (ASO-S, Advanced Space-based Solar Observatory)",Success
2023-01-03,Falcon 9,Cape Canaveral,LEO,3.0,KuwaitSat-1,Success
2019-08-30,Kuaizhou 1A,Jiuquan Satellite Launch Center,LEO,,KX-09,Success
2000-08-17,Titan IV,Vandenberg AFB,LEO,14500.0,"Lacrosse/Onyx 4 (Lacrosse-4,  152)",Success
2005-04-30,Titan 4B,Cape Canaveral,LEO,14500.0,"Lacrosse/Onyx 5 (Lacrosse-5, NROL 16,  182)",Success
2021-03-22,Soyuz-2.1a,Baikonur Cosmodrome,LEO,4.0,LacunaSat-2B,Success
2023-04-15,Falcon 9,Vandenberg AFB,LEO,4.0,LacunaSat-2F,Success
2020-09-28,Soyuz-2.1b,Plesetsk Cosmodrome,LEO,5.0,LacunaSat-3,Success
2018-12-07,Long March 2D,Jiuquan Satellite Launch Center,LEO,100.0,Ladybird 1 (Piao chong 1),Success
2018-12-07,Long March 2D,Jiuquan Satellite Launch Center,LEO,8.0,Ladybird 2 (Piao chong 2),Success
2018-12-07,Long March 2D,Jiuquan Satellite Launch Center,LEO,8.0,Ladybird 3 (Piao chong 3),Success
2018-12-07,Long March 2D,Jiuquan Satellite Launch Center,LEO,8.0,Ladybird 4 (Piao chong 4),Failure
2018-12-07,Long March 2D,Jiuquan Satellite Launch Center,LEO,4.0,Ladybird 5 (Piao chong 5),Success
2018-12-07,Long March 2D,Jiuquan Satellite Launch Center,LEO,4.0,Ladybird 6 (Piao chong 6),Success
2018-12-07,Long March 2D,Jiuquan Satellite Launch Center,LEO,4.0,Ladybird 7 (Piao chong 7),Success
1999-04-15,Delta 2,Vandenberg AFB,LEO,2744.0,Landsat 7 ,Success
2013-02-11,Atlas 5,Vandenberg AFB,LEO,2780.0,Landsat 8,Success
2021-09-27,Atlas 5,Vandenberg AFB,LEO,2710.0,Landsat 9,Success
2015-11-20,Long March 3B,Xichang Satellite Launch Center,GEO,3800.0,LaoSat-1,Success
2015-09-24,PSLV C-30,Satish Dhawan Space Centre,LEO,68.0,LAPAN A2,Success
2016-06-22,PSLV XL,Satish Dhawan Space Centre,LEO,115.0,LAPAN A3,Success
2007-01-10,PSLV C7,Satish Dhawan Space Centre,LEO,60.0,LAPAN-Tubsat (LAPAN A1),Success
2002-12-20,Dnepr,Baikonur Cosmodrome,LEO,,LatinSat A,Success
2002-12-20,Dnepr,Baikonur Cosmodrome,LEO,,LatinSat B ,Failure
2021-12-07,Atlas 5,Cape Canaveral,GEO,500.0,LDPE-1 (LDPE (Long Duration Propulsive ESPA) ,Success
2023-01-15,Falcon Heavy,Cape Canaveral,GEO,500.0,LDPE-3A (LDPE (Long Duration Propulsive ESPA) ,Success
2021-08-17,Vega,Guiana Space Center,LEO,10.0,LEDSat (LED-based small Satellite),Success
2014-06-19,Dnepr,Dombarovsky Air Base,LEO,10.0,Lemur-1,Success
2021-06-30,Falcon 9,Cape Canaveral,LEO,10.0,Lemur-2 AC-Cubed ,Success
2019-07-05,Soyuz-2.1b,Vostochny Cosmodrome,LEO,10.0,Lemur-2 Alex-Maddy (Lemur 2FM106),Success
2018-07-16,Nanorack Deployer,Cygnus,LEO,10.0,Lemur-2 Alexander (Lemur 2F80),Success
2021-04-29,Vega W18,Guiana Space Center,LEO,10.0,Lemur-2 Amanda-Svant,Success
2017-07-14,Soyuz-2.1a,Baikonur Cosmodrome,LEO,10.0,Lemur-2 AndiS (Lemur 2F47),Success
2017-04-18,Nanorack Deployer,International Space Station - Cygnus,LEO,10.0,Lemur-2 Angela (Lemur 2F31),Success
2021-06-30,Falcon 9,Cape Canaveral,LEO,10.0,Lemur-2 AnnaBanana,Success
2016-10-17,Antares 230,Wallops Island Flight Facility,LEO,10.0,Lemur-2 Anubhavthakur (Lemur 2F16),Success
2019-04-01,PSLV,Satish Dhawan Space Centre,LEO,10.0,Lemur-2 Beaudacious (Lemur 2FM98),Success
2017-12-08,Nanorack Deployer,International Space Station - Cygnus,LEO,10.0,Lemur-2 BrianDavie (Lemur 2F52),Success
2018-01-11,PSLV,Satish Dhawan Space Centre,LEO,10.0,Lemur-2 BrownCow (Lemur 2F71),Success
2021-06-30,Falcon 9,Cape Canaveral,LEO,10.0,Lemur-2 CarlSantaMari ,Success
2021-01-24,Falcon 9,Cape Canaveral,LEO,10.0,Lemur-2 Chantal ,Success
2018-11-10,Electron,Rocket Lab Launch Complex 1,LEO,10.0,Lemur-2 Chanusiak (Lemur 2F83),Failure
2015-09-28,PSLV C-30,Satish Dhawan Space Centre,LEO,10.0,Lemur-2 Chris (Lemur 2F4),Success
2018-12-27,Soyuz-2.1a,Vostochny Cosmodrome,LEO,10.0,Lemur-2 ChristinaHolt (Lemur 2F90) ,Success
2018-12-27,Soyuz-2.1a,Vostochny Cosmodrome,LEO,10.0,Lemur-2 DaisyHarper (Lemur 2F95),Success
2018-01-11,PSLV,Satish Dhawan Space Centre,LEO,10.0,Lemur-2 DaveWilson (Lemur 2F69),Success
2020-09-28,Soyuz-2.1b,Plesetsk Cosmodrome,LEO,10.0,Lemur-2 DayWzaGoodDay (2FM123),Success
2017-07-14,Soyuz-2.1a,Baikonur Cosmodrome,LEO,10.0,Lemur-2 Dembitz (Lemur 2F49),Success
2023-01-03,Falcon 9,Cape Canaveral,LEO,10.0,Lemur-2 Disclaimer (Lemur FM165),Success
2020-11-05,Nanorack Deployer,International Space Station,LEO,10.0,Lemur-2 Djara,Success
2022-01-13,Falcon 9,Cape Canaveral,LEO,10.0,Lemur-2 Djirang,Failure
2020-09-02,Vega,Guiana Space Center,LEO,10.0,Lemur-2 Djuproera (Lemur 2FM116),Success
2018-11-29,PSLV,Satish Dhawan Space Centre,LEO,10.0,Lemur-2 Duly (Lemur 2F87),Success
2017-12-10,Nanorack Deployer,International Space Station - Cygnus,LEO,10.0,Lemur-2 Dunlop (Lemur 2F57),Success
2019-07-05,Soyuz-2.1b,Vostochny Cosmodrome,LEO,10.0,Lemur-2 DustInTheWind (Lemur 2FM105) ,Failure
2019-07-05,Soyuz-2.1b,Vostochny Cosmodrome,LEO,10.0,Lemur-2 Ejatta (Lemur 2FM104),Success
2019-04-01,PSLV,Satish Dhawan Space Centre,LEO,10.0,Lemur-2 Elham (Lemur 2FM99),Success
2023-01-03,Falcon 9,Cape Canaveral,LEO,10.0,Lemur-2 Emmaculate (Lemur FM164),Success
2020-09-02,Vega,Guiana Space Center,LEO,10.0,Lemur-2 EthanOakes (Lemur 2FM114),Success
2023-01-03,Falcon 9,Cape Canaveral,LEO,10.0,Lemur-2 FuenteTaja-01 (FM169),Success
2017-07-14,Soyuz-2.1a,Baikonur Cosmodrome,LEO,10.0,Lemur-2 Furiaus (Lemur 2F45),Success
2017-07-14,Soyuz-2.1a,Baikonur Cosmodrome,LEO,10.0,Lemur-2 Greenberg (Lemur 2F42),Success
2019-07-05,Soyuz-2.1b,Vostochny Cosmodrome,LEO,10.0,Lemur-2 GregRobinson (Lemur 2FM108),Success
2018-12-27,Soyuz-2.1a,Vostochny Cosmodrome,LEO,10.0,Lemur-2 Gustavo (Lemur 2F89),Success
2019-12-11,PSLV,Satish Dhawan Space Centre,LEO,10.0,Lemur-2 HiMomAndDad (Lemur 2FM109),Failure
2021-06-30,Falcon 9,Cape Canaveral,LEO,10.0,Lemur-2 Jackson,Success
2021-01-24,Falcon 9,Cape Canaveral,LEO,10.0,Lemur-2 JenniferSong ,Success
2017-04-18,Nanorack Deployer,International Space Station - Cygnus,LEO,10.0,Lemur-2 JennnyBarna (Lemur 2F30),Success
2020-11-07,PSLV,Satish Dhawan Space Centre,LEO,10.0,Lemur-2 Jeremiah (Lemur 2F129),Success
2015-09-28,PSLV C-30,Satish Dhawan Space Centre,LEO,10.0,Lemur-2 Jeroen (Lemur 2F3),Success
2018-01-31,Soyuz-2.1a,Vostochny Cosmodrome,LEO,10.0,Lemur-2 Jin-Luen (Lemur 2F76),Success
2020-11-07,PSLV,Satish Dhawan Space Centre,LEO,10.0,Lemur-2 Jindra (Lemur 2F127),Success
2017-02-15,PSLV-XL,Satish Dhawan Space Centre,LEO,10.0,Lemur-2 Jobanputra (Lemur 2-F22),Success
2015-09-28,PSLV C-30,Satish Dhawan Space Centre,LEO,10.0,Lemur-2 Joel (Lemur 2F1),Success
2019-04-01,PSLV,Satish Dhawan Space Centre,LEO,10.0,Lemur-2 JohanLoran (Lemur FM97),Success
2021-06-30,Falcon 9,Cape Canaveral,LEO,10.0,Lemur-2 John-Treires ,Success
2019-12-11,PSLV,Satish Dhawan Space Centre,LEO,10.0,Lemur-2 JPSquared (Lemur 2FMf110),Success
2018-01-31,Soyuz-2.1a,Vostochny Cosmodrome,LEO,10.0,Lemur-2 Kadi (Lemur 2F74),Success
2022-05-25,Falcon 9,Cape Canaveral,LEO,10.0,Lemur-2 KarenB,Success
2022-01-13,Falcon 9,Cape Canaveral,LEO,10.0,Lemur-2 King-Julien,Success
2018-11-29,PSLV,Satish Dhawan Space Centre,LEO,10.0,Lemur-2 Kobyszcze (Lemur 2F86),Success
2017-06-23,PSLV,Satish Dhawan Space Centre,LEO,10.0,Lemur-2 KungFoo (Lemur 2F37),Success
2019-07-05,Soyuz-2.1b,Vostochny Cosmodrome,LEO,10.0,Lemur-2 LillyJo (Lemur 2FM107),Success
2017-06-23,PSLV,Satish Dhawan Space Centre,LEO,10.0,Lemur-2 Lisasaurus (Lemur 2F40),Success
2017-12-08,Nanorack Deployer,International Space Station - Cygnus,LEO,10.0,Lemur-2 Liu-Poh-Chun (Lemur 2F55),Failure
2017-06-23,PSLV,Satish Dhawan Space Centre,LEO,10.0,Lemur-2 LucyBryce (Lemur 2F36),Success
2017-06-23,PSLV,Satish Dhawan Space Centre,LEO,10.0,Lemur-2 Lynsey-Symo (Lemur 2F41),Success
2021-01-24,Falcon 9,Cape Canaveral,LEO,10.0,Lemur-2 Mango1 (Lemur 2F137),Failure
2018-01-21,Electron,Rocket Lab Launch Complex 1,LEO,10.0,Lemur-2 Marshall (Lemur 2F73),Success
2018-01-11,PSLV,Satish Dhawan Space Centre,LEO,10.0,Lemur-2 McCafferty (Lemur 2F70),Success
2017-12-08,Nanorack Deployer,International Space Station - Cygnus,LEO,10.0,Lemur-2 McCullagh (Lemur 2F56),Success
2017-06-23,PSLV,Satish Dhawan Space Centre,LEO,10.0,Lemur-2 McPeake (Lemur 2F38),Success
2021-06-30,Falcon 9,Cape Canaveral,LEO,10.0,Lemur-2 Merima ,Success
2017-02-15,PSLV-XL,Satish Dhawan Space Centre,LEO,10.0,Lemur-2 Mia-Grace (Lemur 2F27),Success
2022-05-25,Falcon 9,Cape Canaveral,LEO,10.0,Lemur-2 Mimi1307,Success
2022-01-13,Falcon 9,Cape Canaveral,LEO,10.0,Lemur-2 Miriwari,Success
2023-01-03,Falcon 9,Cape Canaveral,LEO,10.0,Lemur-2 Mmolo (Lemur FM167),Success
2017-07-14,Soyuz-2.1a,Baikonur Cosmodrome,LEO,10.0,Lemur-2 Monson (Lemur 2F44),Success
2019-07-05,Soyuz-2.1b,Vostochny Cosmodrome,LEO,10.0,Lemur-2 Morag (Lemur 2FM101),Success
2021-01-24,Falcon 9,Cape Canaveral,LEO,10.0,Lemur-2 NallyWacker (Lemur 2F132),Failure
2018-12-27,Soyuz-2.1a,Vostochny Cosmodrome,LEO,10.0,Lemur-2 NatalieMurray (Lemur 2F94),Success
2021-01-24,Falcon 9,Cape Canaveral,LEO,10.0,Lemur-2 Neva (Lemur 2F133),Success
2020-09-28,Soyuz-2.1b,Plesetsk Cosmodrome,LEO,10.0,Lemur-2 Nichol (Lemur FM122),Success
2017-02-15,PSLV-XL,Satish Dhawan Space Centre,LEO,10.0,Lemur-2 NoguesCorreig (Lemur 2F28),Success
2021-01-24,Falcon 9,Cape Canaveral,LEO,10.0,Lemur-2 NoobNoob,Success
2023-04-15,Falcon 9,Vandenberg AFB,LEO,10.0,Lemur-2 OnReflection,Success
2018-11-29,PSLV,Satish Dhawan Space Centre,LEO,10.0,Lemur-2 Orzulak (Lemur 2F84),Success
2020-09-02,Vega,Guiana Space Center,LEO,10.0,Lemur-2 Oscarlator (Lemur 2FM118),Success
2020-11-07,PSLV,Satish Dhawan Space Centre,LEO,10.0,Lemur-2 Ozarak ,Success
2019-12-11,PSLV,Satish Dhawan Space Centre,LEO,10.0,Lemur-2 Pappy (Lemur 2FM108),Success
2015-09-28,PSLV C-30,Satish Dhawan Space Centre,LEO,10.0,Lemur-2 Peter (Lemur 2F2),Success
2017-07-14,Soyuz-2.1a,Baikonur Cosmodrome,LEO,10.0,Lemur-2 PeterG (Lemur 2F48),Failure
2018-01-11,PSLV,Satish Dhawan Space Centre,LEO,10.0,Lemur-2 PeterWebster (Lemur 2F68),Success
2023-01-03,Falcon 9,Cape Canaveral,LEO,10.0,Lemur-2 PhilAri  (Lemur FM166),Success
2022-01-13,Falcon 9,Cape Canaveral,LEO,10.0,Lemur-2 Ramonamae,Success
2017-02-15,PSLV-XL,Satish Dhawan Space Centre,LEO,10.0,Lemur-2 Rdeaton (Lemur 2-F25),Success
2018-12-27,Soyuz-2.1a,Vostochny Cosmodrome,LEO,10.0,Lemur-2 RemyColton (Lemur 2F88),Success
2017-04-18,Nanorack Deployer,International Space Station - Cygnus,LEO,10.0,Lemur-2 RobMoore (Lemur 2F33),Success
2017-12-08,Nanorack Deployer,International Space Station - Cygnus,LEO,10.0,Lemur-2 RocketJonah (Lemur 2F54),Success
2022-01-13,Falcon 9,Cape Canaveral,LEO,10.0,Lemur-2 Rohovithsa,Success
2017-12-08,Nanorack Deployer,International Space Station - Cygnus,LEO,10.0,Lemur-2 RomaCoste (Lemur 2F53),Success
2023-04-15,Falcon 9,Vandenberg AFB,LEO,10.0,Lemur-2 Romeo-N-LEO,Success
2021-01-24,Falcon 9,Cape Canaveral,LEO,10.0,Lemur-2 Ruairi-Elidh – 2021-006DC,Success
2017-06-23,PSLV,Satish Dhawan Space Centre,LEO,10.0,Lemur-2 Sam-Amelia (Lemur 2F39),Success
2021-01-24,Falcon 9,Cape Canaveral,LEO,10.0,Lemur-2 SaoirseDH5Guo (Lemur 2F136),Failure
2018-12-27,Soyuz-2.1a,Vostochny Cosmodrome,LEO,10.0,Lemur-2 SarahBettyBoo (Lemur 2F93),Failure
2017-02-15,PSLV-XL,Satish Dhawan Space Centre,LEO,10.0,Lemur-2 Satchmo (Lemur 2-F24),Success
2020-09-02,Vega,Guiana Space Center,LEO,10.0,Lemur-2 Schmidtfall (Lemur 2FM115),Success
2017-06-23,PSLV,Satish Dhawan Space Centre,LEO,10.0,Lemur-2 ShainaJohl (Lemur 2F34),Success
2020-09-28,Soyuz-2.1b,Plesetsk Cosmodrome,LEO,10.0,Lemur-2 Slicers (Lemur 2FM121),Success
2017-02-15,PSLV-XL,Satish Dhawan Space Centre,LEO,10.0,Lemur-2 Smita-Sharad (Lemur 2-F26),Success
2016-10-17,Antares 230,Wallops Island Flight Facility,LEO,10.0,Lemur-2 Sokolsky (Lemur 2-F14),Failure
2021-04-29,Vega W18,Guiana Space Center,LEO,10.0,Lemur-2 SpecialK,Success
2017-02-15,PSLV-XL,Satish Dhawan Space Centre,LEO,10.0,Lemur-2 Spire-Minions (Lemur 2F23),Success
2017-04-18,Nanorack Deployer,International Space Station - Cygnus,LEO,10.0,Lemur-2 SpiroVision (Lemur 2F32),Success
2020-09-02,Vega,Guiana Space Center,LEO,10.0,Lemur-2 Squarejaws (Lemur 2FM117),Success
2023-01-03,Falcon 9,Cape Canaveral,LEO,10.0,Lemur-2 SteveAlbers (Lemur FM168),Success
2020-09-28,Soyuz-2.1b,Plesetsk Cosmodrome,LEO,10.0,Lemur-2 Susurrus (Lemur 2FM120),Failure
2017-02-15,PSLV-XL,Satish Dhawan Space Centre,LEO,10.0,Lemur-2 Tachikoma (Lemur 2F29),Success
2018-01-21,Electron,Rocket Lab Launch Complex 1,LEO,10.0,Lemur-2 Tallhamn-ATC (Lemur 2F72),Failure
2022-05-25,Falcon 9,Cape Canaveral,LEO,10.0,Lemur-2 TennysonLilly,Failure
2018-01-31,Soyuz-2.1a,Vostochny Cosmodrome,LEO,10.0,Lemur-2 TheNickMolo (Lemur 2F75),Success
2019-12-11,PSLV,Satish Dhawan Space Centre,LEO,10.0,Lemur-2 Theodosia (Lemur 2FM111),Success
2018-12-27,Soyuz-2.1a,Vostochny Cosmodrome,LEO,10.0,Lemur-2 TinyKev (Lemur 2F92) ,Success
2018-07-16,Nanorack Deployer,Cygnus,LEO,10.0,Lemur-2 TomHenderson (Lemur 2F78),Success
2018-01-31,Soyuz-2.1a,Vostochny Cosmodrome,LEO,10.0,Lemur-2 UramChanSol (Lemur 2F77),Success
2020-09-02,Vega,Guiana Space Center,LEO,10.0,Lemur-2 Ursa Avion (Lemur 2FM119),Success
2022-05-25,Falcon 9,Cape Canaveral,LEO,10.0,Lemur-2 VanDenDries,Success
2019-04-01,PSLV,Satish Dhawan Space Centre,LEO,10.0,Lemur-2 Victor-Andrew (Lemur 2FM100),Success
2018-11-29,PSLV,Satish Dhawan Space Centre,LEO,10.0,Lemur-2 Vladimir (Lemur 2F85),Success
2018-07-16,Nanorack Deployer,Cygnus,LEO,10.0,Lemur-2 Vu (Lemur 2F81),Success
2020-11-07,PSLV,Satish Dhawan Space Centre,LEO,10.0,Lemur-2 Wallace (Lemur 2F128),Success
2019-07-05,Soyuz-2.1b,Vostochny Cosmodrome,LEO,10.0,Lemur-2 Wanli (Lemur 2FM102),Success
2016-10-17,Antares 230,Wallops Island Flight Facility,LEO,10.0,Lemur-2 Wingo (Lemur 2F17),Success
2016-10-17,Antares 230,Wallops Island Flight Facility,LEO,10.0,Lemur-2 Xiaoqing (Lemur 2F15),Success
2017-06-23,PSLV,Satish Dhawan Space Centre,LEO,10.0,Lemur-2 XueniTerence (Lemur 2F35),Success
2019-07-05,Soyuz-2.1b,Vostochny Cosmodrome,LEO,10.0,Lemur-2 Yndrd (Lemur 2FM103),Success
2017-12-09,Nanorack Deployer,International Space Station - Cygnus,LEO,10.0,Lemur-2 YongLin (Lemur 2F50),Success
2018-07-16,Nanorack Deployer,Cygnus,LEO,10.0,Lemur-2 Yuasa (Lemur 2F79),Success
2017-07-14,Soyuz-2.1a,Baikonur Cosmodrome,LEO,10.0,Lemur-2 Zachary (Lemur 2F46),Success
2018-12-27,Soyuz-2.1a,Vostochny Cosmodrome,LEO,10.0,Lemur-2 Zo (Lemur 2F91),Success
2018-11-10,Electron,Rocket Lab Launch Complex 1,LEO,10.0,Lemur-2 Zupanski (Lemur 2F82),Success
2019-06-25,Falcon Heavy,Cape Canaveral,Elliptical,6.0,LEO CP9 (Launch Environment Observer),Success
2018-01-11,PSLV,Satish Dhawan Space Centre,LEO,100.0,LEO Vantage 1,Success
2015-09-19,Long March 6,Taiyuan Launch Center,LEO,11.0,"LilacSat-2 (CAS-3H, Zidingxiang-2)",Success
2021-06-30,Falcon 9,Cape Canaveral,LEO,16.0,LINCS-1 (Laser Interconnect and Networking Communications System),Success
2021-06-30,Falcon 9,Cape Canaveral,LEO,16.0,LINCS-2 (Laser Interconnect and Networking Communications System),Success
2014-09-04,Long March 2D,Jiuquan Satellite Launch Center,LEO,100.0,Ling Qiao,Success
2019-01-21,Long March 11,Jiuquan Satellite Launch Center,LEO,3.0,Lingque 1A,Success
2021-12-06,Ceres 1,Jiuquan Satellite Launch Center,LEO,10.0,Lize 1,Success
2017-12-04,Long March 2D,Jiuquan Satellite Launch Center,LEO,,LKW-1 (Land Exploration Satellite 1),Success
2017-12-22,Long March 2D,Jiuquan Satellite Launch Center,LEO,,LKW-2 (Land Exploration Satellite 2),Failure
2018-01-13,Long March 2D,Jiuquan Satellite Launch Center,LEO,,LKW-3 (Land Exploration Satellite 3),Success
2018-03-17,Long March 2D,Jiuquan Satellite Launch Center,LEO,,LKW-4 (Land Exploration Satellite 4),Success
2023-04-15,Falcon 9,Vandenberg AFB,LEO,2.0,LLITED-A (Low-Latitude Ionosphere/Thermosphere Enhancements in Density),Success
2023-04-15,Falcon 9,Vandenberg AFB,LEO,2.0,LLITED-B (Low-Latitude Ionosphere/Thermosphere Enhancements in Density),Failure
2020-07-25,Long March 4B,Taiyuan Launch Center,LEO,50.0,"Long Xia Yan (Lobster Eye, NJU-HKU No.1 ) ",Success
2009-11-20,Soyuz U,Plesetsk Cosmodrome,LEO,5000.0,Lotos-S1 (Cosmos 2455),Success
2017-12-03,Soyuz-2.1b,Plesetsk Cosmodrome,LEO,5000.0,Lotos-S1 803 (Cosmos 2524),Failure
2018-10-24,Soyuz-2.1b,Plesetsk Cosmodrome,LEO,5000.0,Lotos-S1 804 (Cosmos 2528),Success
2021-02-02,Soyuz-2.1b,Plesetsk Cosmodrome,LEO,5000.0,Lotos-S1 805 (Cosmos 2549),Success
2022-04-07,Soyuz-2.1b,Plesetsk Cosmodrome,LEO,5000.0,Lotos-S1 806 (Cosmos 2554) ,Failure
2014-12-23,Soyuz-2.1b,Plesetsk Cosmodrome,LEO,5000.0,Lotos-S2 (Cosmos 2502),Success
2015-10-07,Long March 2D,Jiuquan Satellite Launch Center,LEO,55.0,"LQSat (Lingqiao Satellite, Jilian 1A)",Success
2020-11-29,H2A,Tanegashima Space Center,GEO,,"LUCAS (Laser Utilizing Communication System, JDRS-1)",Success
2011-12-11,Proton M,Baikonur Cosmodrome,GEO,950.0,Luch 5A,Success
2012-11-02,Proton M,Baikonur Cosmodrome,GEO,1282.0,Luch 5B,Success
2023-03-12,Proton,Baikonur Cosmodrome,GEO,1930.0,Luch 5kh-3 (Olymp-K 13),Success
2014-04-28,Proton M,Baikonur Cosmodrome,GEO,1148.0,Luch 5V,Success
2014-09-27,Proton M,Baikonur Cosmodrome,GEO,,Luch/Olympus,Success
2019-07-05,Soyuz-2.1b,Vostochny Cosmodrome,LEO,1.0,Lucky-7,Failure
2022-01-25,Long March 4C,Jiuquan Satellite Launch Center,LEO,3200.0,Ludi Tance 1-01A (L-SAR 01A),Failure
2022-02-26,Long March 4C,Jiuquan Satellite Launch Center,LEO,3200.0,Ludi Tance 1-01B (L-SAR 01B),Success
2018-12-27,Soyuz-2.1a,Vostochny Cosmodrome,LEO,2.0,Lume-1,Success
2018-06-03,Long March 2D,Jiuquan Satellite Launch Center,LEO,5.0,Luojia 1,Success
2023-01-15,Long March 2D,Taiyuan Launch Center,LEO,245.0,Luojia 3-01,Failure
2023-01-03,Falcon 9,Cape Canaveral,LEO,80.0,Lynk-3,Success
2023-01-03,Falcon 9,Cape Canaveral,LEO,80.0,Lynk-4,Success
2020-05-13,Slingshot Deployer,Cygnus,LEO,8.0,Lynk-4 (Lynk the World),Failure
2022-04-01,Falcon 9,Cape Canaveral,LEO,80.0,Lynk-5 (Lynk Tower 1),Success
2021-06-30,Falcon 9,Cape Canaveral,LEO,30.0,Lynk-6 (Shannon),Success
2011-10-28,Delta 7920,Vandenberg AFB,LEO,2.0,M-Cubed/E1P-U2 (Michigan Multipurpose Minisat; Explorer 1 Prime - Unit 2 - HRBE [William A. Hiscock Radiation Belt Explorer]),Success
2016-06-22,PSLV XL,Satish Dhawan Space Centre,LEO,85.0,M3MSat (Maritime Monitoring and Messaging Microsatellite),Success
2021-06-30,Falcon 9,Cape Canaveral,LEO,23.0,Mandrake 2A,Success
2021-06-30,Falcon 9,Cape Canaveral,LEO,23.0,Mandrake 2B,Success
2001-12-10,Zenit,Baikonur Cosmodrome,LEO,47.0,Maroc Tubsat ,Success
2017-06-23,PSLV,Satish Dhawan Space Centre,LEO,16.0,Max Valier,Success
2022-01-13,Falcon 9,Cape Canaveral,LEO,1.0,MDASat-1A (Maritime Domain Awareness Satellite),Success
2022-01-13,Falcon 9,Cape Canaveral,LEO,1.0,MDASat-1B (Maritime Domain Awareness Satellite),Failure
2022-01-13,Falcon 9,Cape Canaveral,LEO,1.0,MDASat-1C (Maritime Domain Awareness Satellite),Success
2009-06-21,Zenit 3SLB,Baikonur Cosmodrome,GEO,2417.0,Measat 3A (Malaysia East Asia Sat 3A),Success
2014-09-11,Ariane 5 ECA,Guiana Space Center,GEO,5800.0,Measat 3B (Malaysia East Asia Sat 3B),Success
2022-06-22,Ariane 5,Guiana Space Center,GEO,5648.0,Measat 3D (Malaysia East Asia Sat 3D),Success
2011-10-12,PSLV,Satish Dhawan Space Centre,LEO,1000.0,Megha-Tropiques,Success
2023-01-03,Falcon 9,Cape Canaveral,LEO,10.0,Menut,Success
2018-08-07,Falcon 9,Cape Canaveral,GEO,5800.0,Merah Putih (Telkom 4),Success
1994-08-27,Titan IVA,Cape Canaveral,GEO,8000.0,"Mercury 1 (Advanced Vortex 1,  105)",Success
1996-04-24,Titan IVA,Cape Canaveral,GEO,8000.0,"Mercury 2 (Advanced Vortex 2,  118)",Success
2014-04-10,Atlas 5,Cape Canaveral,GEO,3900.0,"Mercury 3 (NROL 67,  250)",Failure
2022-03-22,Soyuz-2.1a,Plesetsk Cosmodrome,Elliptical,2000.0,Meridian-10 (Meridian 20L),Success
2010-11-02,Soyuz-2.1a,Plesetsk Cosmodrome,Elliptical,2500.0,Meridian-3,Success
2011-05-04,Soyuz-2.1a,Plesetsk Cosmodrome,Elliptical,2500.0,Meridian-4,Success
2012-11-14,Soyuz-2.1a,Plesetsk Cosmodrome,Elliptical,2500.0,Meridian-6 (Meridian 16L),Success
2014-10-30,Soyuz-2.1a,Plesetsk Cosmodrome,Elliptical,2500.0,Meridian-7 (Meridian 17L),Success
2019-07-30,Soyuz-2.1a,Plesetsk Cosmodrome,Elliptical,2500.0,Meridian-8 (Meridian 18L),Success
2020-02-20,Soyuz-2.1a,Plesetsk Cosmodrome,Elliptical,2500.0,Meridian-9 (Meridian 19L),Success
2019-11-27,PSLV,Satish Dhawan Space Centre,LEO,5.0,Meshbed,Success
2019-07-05,Soyuz-2.1b,Vostochny Cosmodrome,LEO,2900.0,Meteor-M 2.2,Success
2014-07-08,Soyuz-2.1b,Baikonur Cosmodrome,LEO,2778.0,Meteor-M N-2,Success
2012-07-05,Ariane 5 ECA,Guiana Space Center,GEO,2000.0,"Meteosat 10 (MSGalaxy-3,MSG 3)",Success
2015-07-15,Ariane 5 ECA,Guiana Space Center,GEO,2000.0,Meteosat 11 (MSG 4),Success
2002-08-21,Ariane 5,Guiana Space Center,GEO,2000.0,"Meteosat 8 (MSGalaxy-1, MSG-1)",Failure
2005-12-21,Ariane 5G,Guiana Space Center,GEO,2000.0,"Meteosat 9 (MSGalaxy-2, MSG 2)",Success
2012-09-17,Soyuz-2.1a,Baikonur Cosmodrome,LEO,4085.0,MetOp-B (Meteorological Operational satellite),Success
2018-11-06,Soyuz-2.1b,Guiana Space Center,LEO,4084.0,MetOp-C (Meteorological Operational satellite),Success
2019-10-09,Proton,Baikonur Cosmodrome,GEO,2875.0,MEV-1 (Mission Extension Vehicle-1) ,Success
2020-08-15,Ariane 5,Guiana Space Center,GEO,2875.0,MEV-2 (Mission Extension Vehicle-2),Success
2012-12-19,Atlas 5 ECA,Guiana Space Center,GEO,2900.0,Mexsat-3 (Mexsat Bicentenario),Success
2015-10-02,Atlas 5,Cape Canaveral,GEO,5325.0,Mexsat-3 (Morelos-3),Success
2020-09-28,Soyuz-2.1b,Plesetsk Cosmodrome,LEO,5.0,MeznSat,Success
2019-01-18,Epsilon,Uchinoura Space Center,LEO,50.5,MicroDragon,Success
2018-01-11,PSLV,Satish Dhawan Space Centre,LEO,3.8,MicroMAS-2A (Micro-sized Microwave Atmospheric Satellite),Success
2016-04-27,Soyuz-2.1a,Vostochny Cosmodrome,LEO,645.0,Mikhailo Lomonosov (MVL-300),Success
1994-02-07,Titan 4A,Cape Canaveral,GEO,4536.0,"Milstar DFS-1 (USA 99, Milstar 1-F1) (Military Strategic and Tactical Relay)",Success
2001-02-27,Titan 4B,Cape Canaveral,GEO,4536.0,"Milstar DFS-4 (USA 157, Milstar 2-F2) (Military Strategic and Tactical Relay)",Success
2002-01-16,Titan 4B,Cape Canaveral,GEO,4536.0,"Milstar DFS-5 (USA 164, Milstar 2-F3) (Military Strategic and Tactical Relay)",Success
2003-04-08,Titan 4B,Cape Canaveral,GEO,4536.0,Milstar DFS-6 (USA 169) (Military Strategic and Tactical Relay),Success
2022-10-21,Soyuz 2.1v,Plesetsk Cosmodrome,LEO,500.0,MKA-1,Success
2022-10-21,Soyuz 2.1v,Plesetsk Cosmodrome,LEO,500.0,MKA-1,Success
2015-03-13,Atlas 5,Cape Canaveral,Elliptical,1360.0,MMS-1 (Magnetospheric Multiscale Mission),Success
2015-03-13,Atlas 5,Cape Canaveral,Elliptical,1360.0,MMS-2 (Magnetospheric Multiscale Mission),Success
2015-03-13,Atlas 5,Cape Canaveral,Elliptical,1360.0,MMS-3 (Magnetospheric Multiscale Mission),Success
2015-03-13,Atlas 5,Cape Canaveral,Elliptical,1360.0,MMS-4 (Magnetospheric Multiscale Mission),Success
2017-11-08,Vega,Guiana Space Center,LEO,1110.0,Mohammed VI-A ,Success
2018-11-21,Vega,Guiana Space Center,LEO,1110.0,Mohammed VI-B ,Success
2021-07-29,Electron,Rocket Lab Launch Complex 1,LEO,20.0,Monolith,Failure
2003-06-30,Rokot,Plesetsk Cosmodrome,LEO,53.0,MOST (Microvariability & Oscillations of STars),Success
2018-12-03,Falcon 9,Vandenberg AFB,LEO,2.0,MOVE II (Munich Orbital Verification Experiment II),Success
2003-09-27,Kosmos 3M,Plesetsk Cosmodrome,LEO,64.0,Mozhayets 4 (RS-22),Success
2019-04-01,PSLV,Satish Dhawan Space Centre,LEO,6.8,MP6,Success
1995-04-07,Atlas 2A,Cape Canaveral,GEO,2850.0,"MSAT 2 (AMSC-1, ACTel-1)",Success
2012-02-24,Atlas 5,Cape Canaveral,GEO,6804.0,MUOS-1 (Mobile User Objective System 1),Success
2013-07-19,Atlas 5,Cape Canaveral,GEO,6804.0,MUOS-2 (Mobile User Objective System 2),Success
2015-01-21,Atlas 5,Cape Canaveral,GEO,6804.0,MUOS-3 (Mobile User Objective System 3),Success
2015-09-02,Atlas 5,Cape Canaveral,GEO,6804.0,MUOS-4 (Mobile User Objective System 4),Success
2016-06-24,Atlas 5,Cape Canaveral,GEO,6804.0,MUOS-5 (Mobile User Objective System 5),Success
2022-05-02,Electron,Rocket Lab Launch Complex 1,LEO,1.0,MyRadar-1,Success
2017-07-14,Soyuz-2.1a,Baikonur Cosmodrome,LEO,5.5,NanoACE,Success
2004-12-18,Ariane 5G,Guiana Space Center,LEO,20.0,Nanosat-1,Success
2009-07-29,Dnepr,Baikonur Cosmodrome,LEO,20.0,Nanosat-1B,Success
2021-03-22,Soyuz-2.1a,Baikonur Cosmodrome,LEO,3.0,NANOSATC-BR2,Failure
2023-01-09,Ceres 1,Jiuquan Satellite Launch Center,LEO,10.0,Nantong Zhongxue Hao,Success
2020-09-02,Vega,Guiana Space Center,LEO,10.0,NAPA-1 (Royal Thai Air Force Sat-1),Success
2021-06-30,Falcon 9,Cape Canaveral,LEO,10.0,NAPA-2 (Royal Thai Air Force Sat-2),Success
2019-07-25,Falcon 9,Cape Canaveral,LEO,1.0,NARSSCUBE-2 (National Authority for Remote Sensing and Space Sciences),Success
2010-05-28,Delta 4,Cape Canaveral,MEO,1630.0,"Navstar GPS IIF-1 (Navstar SVN 6USA 2, PRN USA 25, USA 213)",Success
2015-07-15,Atlas 5,Cape Canaveral,MEO,1630.0,"Navstar GPS IIF-10 (Navstar SVN 72, PRN 8, USA 262)",Success
2015-10-31,Atlas 5,Cape Canaveral,MEO,1630.0,"Navstar GPS IIF-11 (Navstar SVN 73, PRN 10, USA 265)",Failure
2016-02-05,Atlas 5,Cape Canaveral,MEO,1630.0,"Navstar GPS IIF-1USA 2 (Navstar SVN 70, PRN 32, USA 266)",Success
2012-10-04,Delta 4,Cape Canaveral,MEO,1630.0,"Navstar GPS IIF-3 (Navstar SVN 65, PRN USA 24, USA 239)",Success
2013-05-15,Atlas 5,Cape Canaveral,MEO,1630.0,"Navstar GPS IIF-4 (Navstar SVN 23, PRN USA 27, USA 24",Success
2014-02-21,Delta 4,Cape Canaveral,MEO,1630.0,"Navstar GPS IIF-5 (Navstar SVN 64, PRN 30, USA 248)",Success
2014-05-17,Delta 4,Cape Canaveral,MEO,1630.0,"Navstar GPS IIF-6 (Navstar SVN 67, PRN 06, USA 251)",Success
2014-08-02,Atlas 5,Cape Canaveral,MEO,1630.0,"Navstar GPS IIF-7 (Navstar SVN 68, PRN 09, USA 256)",Success
2014-10-29,Atlas 5,Cape Canaveral,MEO,1630.0,"Navstar GPS IIF-8 (Navstar SVN 69, PRN 03, USA 258)",Success
2015-03-25,Delta 4M,Cape Canaveral,MEO,1630.0,"Navstar GPS IIF-9 (Navstar SVN 71, PRN 26, USA 260)",Success
2011-07-16,Delta 4,Cape Canaveral,MEO,1630.0,"Navstar GPS IIF-USA 2 (Navstar SVN 63, PRN 01, USA 23)",Failure
2018-12-23,Falcon 9,Cape Canaveral,MEO,2300.0,"Navstar GPS III-1 (Navstar SVN 74, PRN 04, USA 289)",Success
2019-08-22,Delta 4,Cape Canaveral,MEO,2300.0,"Navstar GPS III-2 (Navstar SVN 75, PRN 18, USA 293)",Success
2020-06-30,Falcon 9,Cape Canaveral,MEO,2300.0,"Navstar GPS III-3 (Navstar SVN 76, USA 304)",Success
2020-11-05,Falcon 9,Cape Canaveral,MEO,2300.0,"Navstar GPS III-4 (Navstar SVN 77, PRN 14, USA 309)",Success
2021-06-17,Falcon 9,Cape Canaveral,MEO,2300.0,"Navstar GPS III-5 (Navstar SVN 78, PRN 11, USA 319)",Failure
2023-01-18,Falcon 9,Cape Canaveral,MEO,4352.0,"Navstar GPS III-6 (Navstar SVN 79, PRN 28, USA 343)",Success
1997-07-23,Delta 2,Cape Canaveral,MEO,2217.0,"Navstar GPS IIR-2 (Navstar SVN 43, PRN 13, USA 132)",Success
1999-10-07,Delta 2,Cape Canaveral,MEO,2217.0,"Navstar GPS IIR-3 (Navstar SVN 46, PRN 1, USA 145)",Success
2000-05-11,Delta 2,Cape Canaveral,MEO,2217.0,"Navstar GPS IIR-4 (Navstar SVN 51, PRN 20, USA 150)",Success
2000-07-16,Delta 2,Cape Canaveral,MEO,2217.0,"Navstar GPS IIR-5 (Navstar SVN 44, PRN 28, USA 151)",Success
2000-11-10,Delta 2,Cape Canaveral,MEO,2217.0,"Navstar GPS IIR-6 (Navstar SVN 41, PRN 22, USA 154)",Success
2001-01-30,Delta 2,Cape Canaveral,MEO,2217.0,"Navstar GPS IIR-7 (Navstar SVN 54, PRN 18, USA 156)",Success
2003-01-29,Delta 2,Cape Canaveral,MEO,2217.0,"Navstar GPS IIR-8 (Navstar SVN 56, PRN 16, USA 166)",Success
2003-03-31,Delta 2,Cape Canaveral,MEO,2217.0,"Navstar GPS IIR-9 (Navstar SVN 45, PRN 21, USA 168)",Success
2006-09-25,Delta 2,Cape Canaveral,MEO,2060.0,"Navstar GPS IIR-M-2 (Navstar SVN 52, PRN 31, USA 190)",Success
2006-11-17,Delta 2,Cape Canaveral,MEO,2060.0,"Navstar GPS IIR-M-3 (Navstar SVN 58, PRN 12, USA 192)",Success
2007-10-17,Delta 2,Cape Canaveral,MEO,2217.0,"Navstar GPS IIR-M-4 (Navstar SVN 55, PRN 15, USA 196)",Success
2007-12-20,Delta 2,Cape Canaveral,MEO,2060.0,"Navstar GPS IIR-M-5 (Navstar SVN 57, PRN 29, USA 199)",Success
2008-03-15,Delta 2,Cape Canaveral,MEO,2217.0,"Navstar GPS IIR-M-6 (Navstar SVN 48, PRN 07, USA 201)",Success
2009-08-17,Delta 2,Cape Canaveral,MEO,2059.0,"Navstar GPS IIR-M-8 (Navstar SVN 50, PRN 05, USA 206)",Failure
2005-09-26,Delta 2,Cape Canaveral,MEO,2217.0,"Navstar GPS IIR-M-USA 1 (Navstar SVN 53, PRN 17, USA 183)",Success
2004-11-06,Delta 2,Cape Canaveral,MEO,2217.0,"Navstar GPS IIR-USA 13 (Navstar SVN 6USA 1, PRN 02, USA 180)",Success
2004-03-20,Delta 2,Cape Canaveral,MEO,2217.0,"Navstar GPS IIR-USA 1USA 1 (Navstar SVN 59, PRN 19, USA 177)",Success
2015-09-19,Long March 6,Taiyuan Launch Center,LEO,20.0,Naxing 2,Success
2022-02-05,Soyuz 2.1a,Plesetsk Cosmodrome,MEO,2000.0,Neitron No. 1 (Cosmos 2553),Success
2020-09-02,Vega,Guiana Space Center,LEO,65.0,NEMO-HD,Success
2021-04-27,Long March 6,Taiyuan Launch Center,LEO,40.0,NEO-1 ,Success
2013-02-25,PSLV,Satish Dhawan Space Centre,LEO,74.0,NEOSSat (Near Earth Object Surveillance Satellite),Success
2021-06-30,Falcon 9,Cape Canaveral,LEO,4.0,Neptuno (NEPT-1),Success
2022-06-30,PSLV,Satish Dhawan Space Centre,LEO,155.0,NeR,Success
2020-09-28,Soyuz-2.1b,Plesetsk Cosmodrome,LEO,4.0,Netsat-1,Success
2020-09-28,Soyuz-2.1b,Plesetsk Cosmodrome,LEO,4.0,Netsat-2,Failure
2020-09-28,Soyuz-2.1b,Plesetsk Cosmodrome,LEO,4.0,Netsat-3,Success
2020-09-28,Soyuz-2.1b,Plesetsk Cosmodrome,LEO,4.0,Netsat-4,Success
2018-12-03,Falcon 9,Vandenberg AFB,LEO,100.0,NextSat-1,Success
2019-01-18,Epsilon,Uchinoura Space Center,LEO,4.0,Nexus (Fuji-Oscar-99),Success
2011-12-17,Long March 3B,Xichang Satellite Launch Center,GEO,5150.0,NigComSat-1R,Success
2011-08-17,Dnepr,Dombarovsky Air Base,LEO,300.0,NigeriaSat-2,Success
2011-08-17,Dnepr,Dombarovsky Air Base,LEO,100.0,Nigeriasat-X,Success
2010-08-04,Ariane 5,Guiana Space Center,GEO,3200.0,Nilesat 201,Success
2022-06-08,Falcon 9,Cape Canaveral,GEO,3500.0,Nilesat 301,Success
2008-09-19,Proton,Baikonur Cosmodrome,GEO,4850.0,Nimiq 4,Success
2009-09-17,Breeze M,Baikonur Cosmodrome,GEO,4745.0,Nimiq 5,Success
2012-05-18,Breeze M,Baikonur Cosmodrome,GEO,4745.0,Nimiq 6,Success
2019-11-13,Long March 6,Taiyuan Launch Center,LEO,100.0,Ningxia-1 01,Success
2019-11-13,Long March 6,Taiyuan Launch Center,LEO,100.0,Ningxia-1 02,Success
2019-11-13,Long March 6,Taiyuan Launch Center,LEO,100.0,Ningxia-1 03,Success
2019-11-13,Long March 6,Taiyuan Launch Center,LEO,100.0,Ningxia-1 04,Success
2019-11-13,Long March 6,Taiyuan Launch Center,LEO,100.0,Ningxia-1 05,Success
2021-07-09,Long March 6,Taiyuan Launch Center,LEO,100.0,Ningxia-2 01,Success
2021-07-09,Long March 6,Taiyuan Launch Center,LEO,100.0,Ningxia-2 02,Success
2021-07-09,Long March 6,Taiyuan Launch Center,LEO,100.0,Ningxia-2 03,Success
2021-07-09,Long March 6,Taiyuan Launch Center,LEO,100.0,Ningxia-2 04,Success
2021-07-09,Long March 6,Taiyuan Launch Center,LEO,100.0,Ningxia-2 05,Success
2017-06-22,PSLV,Satish Dhawan Space Centre,LEO,15.0,NIt (Noorul Islam University Satellite),Success
2019-02-21,Falcon 9,Cape Canaveral,GEO,4100.0,Nntara Satu,Success
1998-05-13,Titan 2,Vandenberg AFB,LEO,2223.0,NOAA-15 (NOAA-K),Success
2005-05-20,Delta 2,Vandenberg AFB,LEO,2223.0,"NOAA-18 (NOAA-N, COSPAS-SARSAT)",Success
2009-02-06,Delta 2,Vandenberg AFB,LEO,1420.0,"NOAA-19 (NOAA-N Prime, COSPAS-SARSAT)",Success
2017-11-18,Delta 2,Vandenberg AFB,LEO,2294.0,NOAA-20 (JPSS-1),Success
2022-04-08,Qased,Shahroud Missile Range,LEO,15.0,Noor-2,Success
2020-09-28,Soyuz-2.1a,Plesetsk Cosmodrome,LEO,9.0,Norbi,Failure
2017-07-14,Soyuz-2.1a,Baikonur Cosmodrome,LEO,30.0,NorSat-1,Success
2017-07-14,Soyuz-2.1a,Baikonur Cosmodrome,LEO,16.0,NorSat-2,Success
2021-04-29,Vega W18,Guiana Space Center,LEO,15.0,NorSat-3,Success
2023-04-15,Falcon 9,Vandenberg AFB,LEO,35.0,NorSat-TD,Success
2018-09-16,PSLV,Satish Dhawan Space Centre,LEO,430.0,NovaSAR-1,Success
2011-10-28,Delta 2,Vandenberg AFB,LEO,2128.0,NPP (National Polar-orbiting Operational Environmental Satellite System [NPOESS]),Success
2019-06-25,Falcon Heavy,Cape Canaveral,LEO,85.0,NPSat-1 (Naval Postgraduate Satellite 1),Success
2020-06-13,Electron,Rocket Lab Launch Complex 1,LEO,,NROL RASR Smallsat-2 (USA 301),Success
2020-06-13,Electron,Rocket Lab Launch Complex 1,LEO,,NROL RASR Smallsat-3 (USA 302),Success
2020-06-13,Electron,Rocket Lab Launch Complex 1,LEO,,NROL RASR Smallsat-4 (USA 303),Success
2020-07-15,Minotaur 4,Wallops Island Flight Facility,LEO,,NROL-129 (USA 305),Success
2020-07-15,Minotaur 4,Wallops Island Flight Facility,LEO,,NROL-129 (USA 306),Success
2020-07-15,Minotaur 4,Wallops Island Flight Facility,LEO,,NROL-129 (USA 307),Success
2020-07-15,Minotaur 4,Wallops Island Flight Facility,LEO,,NROL-129 (USA 308),Success
2020-01-31,Electron,Rocket Lab Launch Complex 1,LEO,,NROL-151 (USA 294),Success
2022-07-13,Electron,Rocket Lab Launch Complex 1,LEO,55.0,NROL-162 (USA 334),Success
2022-08-04,Electron,Rocket Lab Launch Complex 1,LEO,100.0,NROL-199 (USA 335),Success
2017-05-01,Falcon 9,Cape Canaveral,LEO,,NROL-76 (USA 276),Failure
2022-04-17,Falcon 9,Vandenberg AFB,LEO,1000.0,NROL-85 (USA 327),Success
2022-02-02,Falcon 9,Vandenberg AFB,LEO,20000.0,NROL-86 (USA 326),Success
2019-07-05,Soyuz-2.1b,Vostochny Cosmodrome,LEO,8.0,NSLSat-1 ,Success
2023-01-03,Falcon 9,Cape Canaveral,LEO,10.0,NSLSat-2,Success
2005-02-03,Proton/Breeze M,Baikonur Cosmodrome,GEO,5396.0,"NSS-10 (Star One C-12, AMC-12, Americom 12, Worldsat 2)",Success
2000-10-02,Proton K,Baikonur Cosmodrome,GEO,3582.0,"NSS-11 (Worldsat-1, AAP-1, GE-1A) ",Success
2009-10-29,Ariane 5,Guiana Space Center,GEO,,NSS-12,Success
2002-12-17,Ariane 4,Guiana Space Center,GEO,4575.0,NSS-6 ,Success
2002-04-16,Ariane 42L,Guiana Space Center,GEO,4500.0,NSS-7 ,Success
2009-02-11,Ariane 5 ECA,Guiana Space Center,GEO,2238.0,NSS-9,Success
2020-11-06,Long March 6,Taiyuan Launch Center,LEO,45.0,ÑuSat-10 (Caroline),Success
2020-11-06,Long March 6,Taiyuan Launch Center,LEO,45.0,ÑuSat-11 (Cora),Success
2020-11-06,Long March 6,Taiyuan Launch Center,LEO,45.0,ÑuSat-12 (Dorothy),Success
2020-11-06,Long March 6,Taiyuan Launch Center,LEO,45.0,ÑuSat-13 (Emmy),Success
2020-11-06,Long March 6,Taiyuan Launch Center,LEO,45.0,ÑuSat-14 (Hedy),Success
2020-11-06,Long March 6,Taiyuan Launch Center,LEO,45.0,ÑuSat-15 (Katherine),Success
2020-11-06,Long March 6,Taiyuan Launch Center,LEO,45.0,ÑuSat-16 (Lise),Success
2020-11-06,Long March 6,Taiyuan Launch Center,LEO,45.0,ÑuSat-17 (Mary),Success
2020-11-06,Long March 6,Taiyuan Launch Center,LEO,45.0,ÑuSat-18 (Vera),Success
2021-06-30,Falcon 9,Cape Canaveral,LEO,37.0,ÑuSat-19 (Rosalind),Success
2021-06-30,Falcon 9,Cape Canaveral,LEO,37.0,ÑuSat-20 (Grace),Success
2021-06-30,Falcon 9,Cape Canaveral,LEO,37.0,ÑuSat-21 (Elisa),Success
2021-06-30,Falcon 9,Cape Canaveral,LEO,37.0,ÑuSat-22 (Sofya),Success
2022-04-04,Falcon 9,Cape Canaveral,LEO,42.0,ÑuSat-23 (Annie Maunder),Success
2022-04-04,Falcon 9,Cape Canaveral,LEO,42.0,ÑuSat-24 (Kaplana Chawla),Success
2022-04-04,Falcon 9,Cape Canaveral,LEO,42.0,ÑuSat-25 (Maria Telkes),Success
2022-04-04,Falcon 9,Cape Canaveral,LEO,42.0,ÑuSat-26 (Mary Somerville),Success
2022-04-04,Falcon 9,Cape Canaveral,LEO,42.0,ÑuSat-27 (Sally Ride),Success
2022-05-25,Falcon 9,Cape Canaveral,LEO,42.0,ÑuSat-28 (Alice Lee),Success
2022-05-25,Falcon 9,Cape Canaveral,LEO,42.0,ÑuSat-29 (Edith Clarke) ,Success
2017-06-15,Long March 4B,Jiuquan Satellite Launch Center,LEO,35.0,ÑuSat-3 (Milanesat),Success
2022-05-25,Falcon 9,Cape Canaveral,LEO,42.0,ÑuSat-30 (Margherita) ,Success
2022-05-25,Falcon 9,Cape Canaveral,LEo,42.0,ÑuSat-31 (Ruby Payne-Scott),Success
2023-01-03,Falcon 9,Cape Canaveral,LEO,42.0,ÑuSat-32 (Albania-1),Success
2023-01-03,Falcon 9,Cape Canaveral,LEO,42.0,ÑuSat-33 (Albania-2),Success
2023-01-03,Falcon 9,Cape Canaveral,LEO,42.0,ÑuSat-34 (Amelia Earhart),Success
2023-01-03,Falcon 9,Cape Canaveral,LEO,42.0,ÑuSat-35 (Williamina),Success
2023-04-15,Falcon 9,Vandenberg AFB,LEO,42.0,ÑuSat-36 (Annie Cannon),Success
2023-04-15,Falcon 9,Vandenberg AFB,LEO,42.0,ÑuSat-37 (Joan Clarke ),Success
2023-04-15,Falcon 9,Vandenberg AFB,LEO,42.0,ÑuSat-38 (Maria Gaetana Agnesi),Success
2023-04-15,Falcon 9,Vandenberg AFB,LEO,42.0,ÑuSat-39 (Tikvah Alper),Success
2018-02-02,Long March 2D,Jiuquan Satellite Launch Center,LEO,35.0,ÑuSat-4 (Ada),Success
2018-02-02,Long March 2D,Jiuquan Satellite Launch Center,LEO,35.0,ÑuSat-5 (Maryam),Success
2020-09-02,Vega,Guiana Space Center,LEO,35.0,ÑuSat-6 (Hypatia),Success
2020-01-15,Long March 2D,Taiyuan Launch Center,LEO,45.0,ÑuSat-7 (Sophie),Success
2020-01-15,Long March 2D,Taiyuan Launch Center,LEO,45.0,ÑuSat-8 (Marie),Failure
2020-11-06,Long March 6,Taiyuan Launch Center,LEO,45.0,ÑuSat-9 (Alice),Success
2012-06-13,Pegasus XL,Kwajalein Island,LEO,360.0,NuSTAR (Nuclear Spectroscopic Telescope Array),Success
2010-11-20,Minotaur 4,Kodiak Launch Complex,LEO,5.5,"O/OREOS (Organism/Organic Exposure to Orbital Stresses,  219)",Success
2013-06-25,Soyuz-ST,Guiana Space Center,MEO,700.0,O3b FM02,Success
2014-07-10,Soyuz-ST-B,Guiana Space Center,MEO,650.0,O3b FM03,Success
2013-06-25,Soyuz-ST,Guiana Space Center,MEO,700.0,O3b FM04,Success
2013-06-25,Soyuz-ST,Guiana Space Center,MEO,700.0,O3b FM05 (Other 3 Billion),Success
2014-07-10,Soyuz-ST-B,Guiana Space Center,MEO,650.0,O3b FM06,Success
2014-07-10,Soyuz-ST-B,Guiana Space Center,MEO,650.0,O3b FM07,Success
2014-07-10,Soyuz-ST-B,Guiana Space Center,MEO,650.0,O3b FM08,Success
2014-12-18,Soyuz-ST-B,Guiana Space Center,MEO,650.0,O3b FM09,Success
2014-12-18,Soyuz-ST-B,Guiana Space Center,MEO,650.0,O3b FM10,Success
2014-12-18,Soyuz-ST-B,Guiana Space Center,MEO,650.0,O3b FM11,Failure
2014-12-18,Soyuz-ST-B,Guiana Space Center,MEO,650.0,O3b FM12,Success
2018-03-09,Soyuz-2.1b,Guiana Space Center,MEO,650.0,O3b FM13,Success
2018-03-09,Soyuz-2.1b,Guiana Space Center,MEO,650.0,O3b FM14,Failure
2018-03-09,Soyuz-2.1b,Guiana Space Center,MEO,650.0,O3b FM15,Success
2018-03-09,Soyuz-2.1b,Guiana Space Center,MEO,650.0,O3b FM16,Success
2019-04-04,Soyuz-ST-B,Guiana Space Center,MEO,700.0,O3b FM17,Success
2019-04-04,Soyuz-ST-B,Guiana Space Center,MEO,700.0,O3b FM18,Success
2019-04-04,Soyuz-ST-B,Guiana Space Center,MEO,700.0,O3b FM19,Success
2019-04-04,Soyuz-ST-B,Guiana Space Center,MEO,700.0,O3b FM20,Failure
2013-06-25,Soyuz-ST,Guiana Space Center,MEO,700.0,O3b PFM,Success
2014-07-02,Delta 2,Vandenberg AFB,LEO,454.0,OCO 2  (Orbiting Carbon Observatory),Success
2019-06-25,Falcon Heavy,Cape Canaveral,Elliptical,70.0,Oculus ASR,Success
2001-02-20,Start 1,Svobodny Cosmodrome,LEO,250.0,Odin ,Success
2021-06-13,Pegasus XL,Vandenberg AFB,LEO,,Odyssey (TacRL-2),Success
2014-04-09,Shavit,Palmachim Launch Complex ,LEO,300.0,Ofeq 10,Success
2016-09-13,Shavit,Palmachim Launch Complex ,LEO,300.0,Ofeq 11,Success
2023-03-28,Shavit,Palmachim Launch Complex ,LEO,300.0,Ofeq 13,Success
2020-07-06,Shavit 2,Palmachim Launch Complex ,LEO,300.0,Ofeq 16,Success
2002-05-28,Shavit,Palmachim Launch Complex ,LEO,300.0,Ofeq 5 ,Success
2007-06-10,Shavit,Palmachim Launch Complex ,LEO,300.0,Ofeq 7,Success
2010-06-22,Shavit,Palmachim Launch Complex ,LEO,300.0,Ofeq 9,Success
2019-02-27,Soyuz ST-B,Guiana Space Center,LEO,147.7,OneWeb-0006,Success
2019-02-27,Soyuz ST-B,Guiana Space Center,LEO,147.7,OneWeb-0007,Failure
2019-02-27,Soyuz ST-B,Guiana Space Center,LEO,147.7,OneWeb-0008,Success
2019-02-27,Soyuz ST-B,Guiana Space Center,LEO,147.7,OneWeb-0010,Failure
2019-02-27,Soyuz ST-B,Guiana Space Center,LEO,147.7,OneWeb-0011,Success
2019-02-27,Soyuz ST-B,Guiana Space Center,LEO,147.7,OneWeb-0012,Success
2020-02-06,Soyuz-2.1b,Baikonur Cosmodrome,LEO,148.0,OneWeb-0013,Failure
2020-02-06,Soyuz-2.1b,Baikonur Cosmodrome,LEO,148.0,OneWeb-0017,Success
2020-03-21,Soyuz-2.1b,Baikonur Cosmodrome,LEO,148.0,OneWeb-0018,Success
2020-03-21,Soyuz-2.1b,Baikonur Cosmodrome,LEO,148.0,OneWeb-0019,Success
2020-02-06,Soyuz-2.1b,Baikonur Cosmodrome,LEO,148.0,OneWeb-0020,Success
2020-02-06,Soyuz-2.1b,Baikonur Cosmodrome,LEO,148.0,OneWeb-0021,Success
2020-02-06,Soyuz-2.1b,Baikonur Cosmodrome,LEO,148.0,OneWeb-0022,Success
2020-02-06,Soyuz-2.1b,Baikonur Cosmodrome,LEO,148.0,OneWeb-0023,Success
2020-02-06,Soyuz-2.1b,Baikonur Cosmodrome,LEO,148.0,OneWeb-0024,Success
2020-02-06,Soyuz-2.1b,Baikonur Cosmodrome,LEO,148.0,OneWeb-0025,Success
2020-02-06,Soyuz-2.1b,Baikonur Cosmodrome,LEO,148.0,OneWeb-0026,Success
2020-03-21,Soyuz-2.1b,Baikonur Cosmodrome,LEO,148.0,OneWeb-0027,Success
2020-02-06,Soyuz-2.1b,Baikonur Cosmodrome,LEO,148.0,OneWeb-0028,Success
2020-03-21,Soyuz-2.1b,Baikonur Cosmodrome,LEO,148.0,OneWeb-0029,Success
2020-03-21,Soyuz-2.1b,Baikonur Cosmodrome,LEO,148.0,OneWeb-0031,Success
2020-02-06,Soyuz-2.1b,Baikonur Cosmodrome,LEO,148.0,OneWeb-0032,Success
2020-02-06,Soyuz-2.1b,Baikonur Cosmodrome,LEO,148.0,OneWeb-0033,Success
2020-03-21,Soyuz-2.1b,Baikonur Cosmodrome,LEO,148.0,OneWeb-0034,Success
2020-02-06,Soyuz-2.1b,Baikonur Cosmodrome,LEO,148.0,OneWeb-0035,Success
2020-02-06,Soyuz-2.1b,Baikonur Cosmodrome,LEO,148.0,OneWeb-0036,Success
2020-03-21,Soyuz-2.1b,Baikonur Cosmodrome,LEO,148.0,OneWeb-0037,Success
2020-02-06,Soyuz-2.1b,Baikonur Cosmodrome,LEO,148.0,OneWeb-0038,Success
2020-02-06,Soyuz-2.1b,Baikonur Cosmodrome,LEO,148.0,OneWeb-0039,Success
2020-02-06,Soyuz-2.1b,Baikonur Cosmodrome,LEO,148.0,OneWeb-0040,Success
2020-02-06,Soyuz-2.1b,Baikonur Cosmodrome,LEO,148.0,OneWeb-0041,Failure
2020-03-21,Soyuz-2.1b,Baikonur Cosmodrome,LEO,148.0,OneWeb-0042,Failure
2020-02-06,Soyuz-2.1b,Baikonur Cosmodrome,LEO,148.0,OneWeb-0043,Success
2020-02-06,Soyuz-2.1b,Baikonur Cosmodrome,LEO,148.0,OneWeb-0044,Success
2020-02-06,Soyuz-2.1b,Baikonur Cosmodrome,LEO,148.0,OneWeb-0045,Success
2020-03-21,Soyuz-2.1b,Baikonur Cosmodrome,LEO,148.0,OneWeb-0046,Success
2020-02-06,Soyuz-2.1b,Baikonur Cosmodrome,LEO,148.0,OneWeb-0047,Failure
2020-02-06,Soyuz-2.1b,Baikonur Cosmodrome,LEO,148.0,OneWeb-0048,Success
2020-02-06,Soyuz-2.1b,Baikonur Cosmodrome,LEO,148.0,OneWeb-0049,Failure
2020-03-21,Soyuz-2.1b,Baikonur Cosmodrome,LEO,148.0,OneWeb-0050,Success
2020-02-06,Soyuz-2.1b,Baikonur Cosmodrome,LEO,148.0,OneWeb-0051,Success
2020-02-06,Soyuz-2.1b,Baikonur Cosmodrome,LEO,148.0,OneWeb-0052,Success
2020-02-06,Soyuz-2.1b,Baikonur Cosmodrome,LEO,148.0,OneWeb-0053,Success
2020-02-06,Soyuz-2.1b,Baikonur Cosmodrome,LEO,148.0,OneWeb-0054,Success
2020-03-21,Soyuz-2.1b,Baikonur Cosmodrome,LEO,148.0,OneWeb-0055,Success
2020-02-06,Soyuz-2.1b,Baikonur Cosmodrome,LEO,148.0,OneWeb-0056,Success
2020-02-06,Soyuz-2.1b,Baikonur Cosmodrome,LEO,148.0,OneWeb-0057,Success
2020-02-06,Soyuz-2.1b,Baikonur Cosmodrome,LEO,148.0,OneWeb-0058,Success
2020-02-06,Soyuz-2.1b,Baikonur Cosmodrome,LEO,148.0,OneWeb-0059,Success
2020-03-21,Soyuz-2.1b,Baikonur Cosmodrome,LEO,148.0,OneWeb-0060,Success
2020-03-21,Soyuz-2.1b,Baikonur Cosmodrome,LEO,148.0,OneWeb-0061,Success
2020-02-06,Soyuz-2.1b,Baikonur Cosmodrome,LEO,148.0,OneWeb-0062,Success
2020-03-21,Soyuz-2.1b,Baikonur Cosmodrome,LEO,148.0,OneWeb-0063,Success
2020-03-21,Soyuz-2.1b,Baikonur Cosmodrome,LEO,148.0,OneWeb-0064,Success
2020-02-06,Soyuz-2.1b,Baikonur Cosmodrome,LEO,148.0,OneWeb-0065,Success
2020-03-21,Soyuz-2.1b,Baikonur Cosmodrome,LEO,148.0,OneWeb-0066,Success
2020-03-21,Soyuz-2.1b,Baikonur Cosmodrome,LEO,148.0,OneWeb-0067,Success
2020-03-21,Soyuz-2.1b,Baikonur Cosmodrome,LEO,148.0,OneWeb-0068,Success
2020-03-21,Soyuz-2.1b,Baikonur Cosmodrome,LEO,148.0,OneWeb-0069,Success
2020-03-21,Soyuz-2.1b,Baikonur Cosmodrome,LEO,148.0,OneWeb-0080,Success
2020-03-21,Soyuz-2.1b,Baikonur Cosmodrome,LEO,148.0,OneWeb-0081,Success
2020-03-21,Soyuz-2.1b,Baikonur Cosmodrome,LEO,148.0,OneWeb-0082,Success
2020-03-21,Soyuz-2.1b,Baikonur Cosmodrome,LEO,148.0,OneWeb-0083,Success
2020-03-21,Soyuz-2.1b,Baikonur Cosmodrome,LEO,148.0,OneWeb-0085,Success
2020-03-21,Soyuz-2.1b,Baikonur Cosmodrome,LEO,148.0,OneWeb-0086,Success
2020-03-21,Soyuz-2.1b,Baikonur Cosmodrome,LEO,148.0,OneWeb-0087,Success
2020-03-21,Soyuz-2.1b,Baikonur Cosmodrome,LEO,148.0,OneWeb-0088,Success
2020-03-21,Soyuz-2.1b,Baikonur Cosmodrome,LEO,148.0,OneWeb-0090,Success
2020-03-21,Soyuz-2.1b,Baikonur Cosmodrome,LEO,148.0,OneWeb-0092,Failure
2020-03-21,Soyuz-2.1b,Baikonur Cosmodrome,LEO,148.0,OneWeb-0093,Success
2020-03-21,Soyuz-2.1b,Baikonur Cosmodrome,LEO,148.0,OneWeb-0094,Success
2020-03-21,Soyuz-2.1b,Baikonur Cosmodrome,LEO,148.0,OneWeb-0095,Success
2020-03-21,Soyuz-2.1b,Baikonur Cosmodrome,LEO,148.0,OneWeb-0096,Success
2020-03-21,Soyuz-2.1b,Baikonur Cosmodrome,LEO,148.0,OneWeb-0098,Success
2021-03-25,Soyuz-2.1b,Vostochny Cosmodrome,LEO,148.0,OneWeb-0101 ,Failure
2020-12-18,Soyuz-2.1b,Vostochny Cosmodrome,LEO,148.0,OneWeb-0102,Success
2021-03-25,Soyuz-2.1b,Vostochny Cosmodrome,LEO,148.0,OneWeb-0107 ,Success
2021-03-25,Soyuz-2.1b,Vostochny Cosmodrome,LEO,148.0,OneWeb-0108 ,Success
2020-12-18,Soyuz-2.1b,Vostochny Cosmodrome,LEO,148.0,OneWeb-0109 ,Success
2020-12-18,Soyuz-2.1b,Vostochny Cosmodrome,LEO,148.0,OneWeb-0110 ,Success
2020-12-18,Soyuz-2.1b,Vostochny Cosmodrome,LEO,148.0,OneWeb-0111 ,Success
2021-03-25,Soyuz-2.1b,Vostochny Cosmodrome,LEO,148.0,OneWeb-0112 ,Failure
2021-03-25,Soyuz-2.1b,Vostochny Cosmodrome,LEO,148.0,OneWeb-0113 ,Success
2020-12-18,Soyuz-2.1b,Vostochny Cosmodrome,LEO,148.0,OneWeb-0114 ,Success
2021-03-25,Soyuz-2.1b,Vostochny Cosmodrome,LEO,148.0,OneWeb-0115 ,Success
2021-03-25,Soyuz-2.1b,Vostochny Cosmodrome,LEO,148.0,OneWeb-0116 ,Failure
2020-12-18,Soyuz-2.1b,Vostochny Cosmodrome,LEO,148.0,OneWeb-0117 ,Success
2020-12-18,Soyuz-2.1b,Vostochny Cosmodrome,LEO,148.0,OneWeb-0118 ,Success
2020-12-18,Soyuz-2.1b,Vostochny Cosmodrome,LEO,148.0,OneWeb-0119 ,Success
2020-12-18,Soyuz-2.1b,Vostochny Cosmodrome,LEO,148.0,OneWeb-0120 ,Success
2020-12-18,Soyuz-2.1b,Vostochny Cosmodrome,LEO,148.0,OneWeb-0121 ,Failure
2020-12-18,Soyuz-2.1b,Vostochny Cosmodrome,LEO,148.0,OneWeb-0122 ,Failure
2020-12-18,Soyuz-2.1b,Vostochny Cosmodrome,LEO,148.0,OneWeb-0123 ,Success
2020-12-18,Soyuz-2.1b,Vostochny Cosmodrome,LEO,148.0,OneWeb-0124 ,Success
2020-12-18,Soyuz-2.1b,Vostochny Cosmodrome,LEO,148.0,OneWeb-0125 ,Success
2020-12-18,Soyuz-2.1b,Vostochny Cosmodrome,LEO,148.0,OneWeb-0126 ,Success
2020-12-18,Soyuz-2.1b,Vostochny Cosmodrome,LEO,148.0,OneWeb-0127 ,Success
2020-12-18,Soyuz-2.1b,Vostochny Cosmodrome,LEO,148.0,OneWeb-0128 ,Success
2020-12-18,Soyuz-2.1b,Vostochny Cosmodrome,LEO,148.0,OneWeb-0129 ,Success
2020-12-18,Soyuz-2.1b,Vostochny Cosmodrome,LEO,148.0,OneWeb-0130 ,Success
2020-12-18,Soyuz-2.1b,Vostochny Cosmodrome,LEO,148.0,OneWeb-0131 ,Failure
2020-12-18,Soyuz-2.1b,Vostochny Cosmodrome,LEO,148.0,OneWeb-0132 ,Success
2020-12-18,Soyuz-2.1b,Vostochny Cosmodrome,LEO,148.0,OneWeb-0133 ,Success
2020-12-18,Soyuz-2.1b,Vostochny Cosmodrome,LEO,148.0,OneWeb-0134 ,Success
2020-12-18,Soyuz-2.1b,Vostochny Cosmodrome,LEO,148.0,OneWeb-0135 ,Success
2020-12-18,Soyuz-2.1b,Vostochny Cosmodrome,LEO,148.0,OneWeb-0136 ,Success
2020-12-18,Soyuz-2.1b,Vostochny Cosmodrome,LEO,148.0,OneWeb-0137 ,Success
2020-12-18,Soyuz-2.1b,Vostochny Cosmodrome,LEO,148.0,OneWeb-0138 ,Success
2020-12-18,Soyuz-2.1b,Vostochny Cosmodrome,LEO,148.0,OneWeb-0139 ,Success
2020-12-18,Soyuz-2.1b,Vostochny Cosmodrome,LEO,148.0,OneWeb-0140 ,Success
2020-12-18,Soyuz-2.1b,Vostochny Cosmodrome,LEO,148.0,OneWeb-0141 ,Success
2020-12-18,Soyuz-2.1b,Vostochny Cosmodrome,LEO,148.0,OneWeb-0142 ,Success
2020-12-18,Soyuz-2.1b,Vostochny Cosmodrome,LEO,148.0,OneWeb-0143 ,Success
2020-12-18,Soyuz-2.1b,Vostochny Cosmodrome,LEO,148.0,OneWeb-0144 ,Success
2020-12-18,Soyuz-2.1b,Vostochny Cosmodrome,LEO,148.0,OneWeb-0145 ,Success
2020-12-18,Soyuz-2.1b,Vostochny Cosmodrome,LEO,148.0,OneWeb-0146 ,Success
2020-12-18,Soyuz-2.1b,Vostochny Cosmodrome,LEO,148.0,OneWeb-0147 ,Success
2021-03-25,Soyuz-2.1b,Vostochny Cosmodrome,LEO,148.0,OneWeb-0148 ,Success
2021-03-25,Soyuz-2.1b,Vostochny Cosmodrome,LEO,148.0,OneWeb-0149 ,Success
2021-03-25,Soyuz-2.1b,Vostochny Cosmodrome,LEO,148.0,OneWeb-0150 ,Success
2021-03-25,Soyuz-2.1b,Vostochny Cosmodrome,LEO,148.0,OneWeb-0151 ,Failure
2021-03-25,Soyuz-2.1b,Vostochny Cosmodrome,LEO,148.0,OneWeb-0152 ,Success
2021-03-25,Soyuz-2.1b,Vostochny Cosmodrome,LEO,148.0,OneWeb-0153 ,Success
2021-03-25,Soyuz-2.1b,Vostochny Cosmodrome,LEO,148.0,OneWeb-0154 ,Success
2021-03-25,Soyuz-2.1b,Vostochny Cosmodrome,LEO,148.0,OneWeb-0155 ,Success
2021-03-25,Soyuz-2.1b,Vostochny Cosmodrome,LEO,148.0,OneWeb-0156 ,Success
2021-03-25,Soyuz-2.1b,Vostochny Cosmodrome,LEO,148.0,OneWeb-0157 ,Success
2021-03-25,Soyuz-2.1b,Vostochny Cosmodrome,LEO,148.0,OneWeb-0158 ,Success
2021-03-25,Soyuz-2.1b,Vostochny Cosmodrome,LEO,148.0,OneWeb-0159 ,Success
2021-03-25,Soyuz-2.1b,Vostochny Cosmodrome,LEO,148.0,OneWeb-0160 ,Success
2021-03-25,Soyuz-2.1b,Vostochny Cosmodrome,LEO,148.0,OneWeb-0161 ,Failure
2021-03-25,Soyuz-2.1b,Vostochny Cosmodrome,LEO,148.0,OneWeb-0162 ,Success
2021-03-25,Soyuz-2.1b,Vostochny Cosmodrome,LEO,148.0,OneWeb-0163 ,Success
2021-03-25,Soyuz-2.1b,Vostochny Cosmodrome,LEO,148.0,OneWeb-0164 ,Success
2021-04-25,Soyuz-2.1b,Vostochny Cosmodrome,LEO,148.0,OneWeb-0165 ,Success
2021-03-25,Soyuz-2.1b,Vostochny Cosmodrome,LEO,148.0,OneWeb-0166 ,Success
2021-03-25,Soyuz-2.1b,Vostochny Cosmodrome,LEO,148.0,OneWeb-0167 ,Failure
2021-03-25,Soyuz-2.1b,Vostochny Cosmodrome,LEO,148.0,OneWeb-0168 ,Success
2021-03-25,Soyuz-2.1b,Vostochny Cosmodrome,LEO,148.0,OneWeb-0169 ,Success
2021-03-25,Soyuz-2.1b,Vostochny Cosmodrome,LEO,148.0,OneWeb-0170 ,Success
2021-03-25,Soyuz-2.1b,Vostochny Cosmodrome,LEO,148.0,OneWeb-0171 ,Success
2021-03-25,Soyuz-2.1b,Vostochny Cosmodrome,LEO,148.0,OneWeb-0172 ,Success
2021-03-25,Soyuz-2.1b,Vostochny Cosmodrome,LEO,148.0,OneWeb-0173 ,Success
2021-03-25,Soyuz-2.1b,Vostochny Cosmodrome,LEO,148.0,OneWeb-0174 ,Failure
2021-03-25,Soyuz-2.1b,Vostochny Cosmodrome,LEO,148.0,OneWeb-0175 ,Success
2021-04-25,Soyuz-2.1b,Vostochny Cosmodrome,LEO,148.0,OneWeb-0176 ,Success
2021-03-25,Soyuz-2.1b,Vostochny Cosmodrome,LEO,148.0,OneWeb-0177 ,Success
2021-03-25,Soyuz-2.1b,Vostochny Cosmodrome,LEO,148.0,OneWeb-0178 ,Success
2021-04-25,Soyuz-2.1b,Vostochny Cosmodrome,LEO,148.0,OneWeb-0179 ,Success
2021-04-25,Soyuz-2.1b,Vostochny Cosmodrome,LEO,148.0,OneWeb-0180 ,Success
2021-04-25,Soyuz-2.1b,Vostochny Cosmodrome,LEO,148.0,OneWeb-0181 ,Success
2021-04-25,Soyuz-2.1b,Vostochny Cosmodrome,LEO,148.0,OneWeb-0182 ,Success
2021-04-25,Soyuz-2.1b,Vostochny Cosmodrome,LEO,148.0,OneWeb-0183 ,Success
2021-04-25,Soyuz-2.1b,Vostochny Cosmodrome,LEO,148.0,OneWeb-0184 ,Success
2021-04-25,Soyuz-2.1b,Vostochny Cosmodrome,LEO,148.0,OneWeb-0185 ,Success
2021-04-25,Soyuz-2.1b,Vostochny Cosmodrome,LEO,148.0,OneWeb-0186 ,Success
2021-04-25,Soyuz-2.1b,Vostochny Cosmodrome,LEO,148.0,OneWeb-0187 ,Success
2021-04-25,Soyuz-2.1b,Vostochny Cosmodrome,LEO,148.0,OneWeb-0188 ,Success
2021-04-25,Soyuz-2.1b,Vostochny Cosmodrome,LEO,148.0,OneWeb-0189 ,Success
2021-05-28,Soyuz-2.1b,Vostochny Cosmodrome,LEO,148.0,OneWeb-0190,Success
2021-04-25,Soyuz-2.1b,Vostochny Cosmodrome,LEO,148.0,OneWeb-0191 ,Success
2021-04-25,Soyuz-2.1b,Vostochny Cosmodrome,LEO,148.0,OneWeb-0192 ,Failure
2021-04-25,Soyuz-2.1b,Vostochny Cosmodrome,LEO,148.0,OneWeb-0193 ,Success
2021-04-25,Soyuz-2.1b,Vostochny Cosmodrome,LEO,148.0,OneWeb-0194 ,Success
2021-04-25,Soyuz-2.1b,Vostochny Cosmodrome,LEO,148.0,OneWeb-0195 ,Success
2021-04-25,Soyuz-2.1b,Vostochny Cosmodrome,LEO,148.0,OneWeb-0196 ,Success
2021-04-25,Soyuz-2.1b,Vostochny Cosmodrome,LEO,148.0,OneWeb-0197 ,Success
2021-04-25,Soyuz-2.1b,Vostochny Cosmodrome,LEO,148.0,OneWeb-0198 ,Success
2021-04-25,Soyuz-2.1b,Vostochny Cosmodrome,LEO,148.0,OneWeb-0199 ,Failure
2021-04-25,Soyuz-2.1b,Vostochny Cosmodrome,LEO,148.0,OneWeb-0200 ,Success
2021-04-25,Soyuz-2.1b,Vostochny Cosmodrome,LEO,148.0,OneWeb-0201 ,Success
2021-04-25,Soyuz-2.1b,Vostochny Cosmodrome,LEO,148.0,OneWeb-0202 ,Success
2021-04-25,Soyuz-2.1b,Vostochny Cosmodrome,LEO,148.0,OneWeb-0203 ,Success
2021-04-25,Soyuz-2.1b,Vostochny Cosmodrome,LEO,148.0,OneWeb-0204 ,Success
2021-04-25,Soyuz-2.1b,Vostochny Cosmodrome,LEO,148.0,OneWeb-0205 ,Success
2021-04-25,Soyuz-2.1b,Vostochny Cosmodrome,LEO,148.0,OneWeb-0206 ,Success
2021-04-25,Soyuz-2.1b,Vostochny Cosmodrome,LEO,148.0,OneWeb-0207 ,Success
2021-04-25,Soyuz-2.1b,Vostochny Cosmodrome,LEO,148.0,OneWeb-0208 ,Success
2021-04-25,Soyuz-2.1b,Vostochny Cosmodrome,LEO,148.0,OneWeb-0209 ,Success
2021-05-28,Soyuz-2.1b,Vostochny Cosmodrome,LEO,148.0,OneWeb-0210,Success
2021-05-28,Soyuz-2.1b,Vostochny Cosmodrome,LEO,148.0,OneWeb-0211,Success
2021-05-28,Soyuz-2.1b,Vostochny Cosmodrome,LEO,148.0,OneWeb-0212,Success
2021-05-28,Soyuz-2.1b,Vostochny Cosmodrome,LEO,148.0,OneWeb-0213,Success
2021-05-28,Soyuz-2.1b,Vostochny Cosmodrome,LEO,148.0,OneWeb-0214,Success
2021-05-28,Soyuz-2.1b,Vostochny Cosmodrome,LEO,148.0,OneWeb-0215,Success
2021-05-28,Soyuz-2.1b,Vostochny Cosmodrome,LEO,148.0,OneWeb-0216,Failure
2021-04-25,Soyuz-2.1b,Vostochny Cosmodrome,LEO,148.0,OneWeb-0217 ,Success
2021-04-25,Soyuz-2.1b,Vostochny Cosmodrome,LEO,148.0,OneWeb-0218 ,Success
2021-04-25,Soyuz-2.1b,Vostochny Cosmodrome,LEO,148.0,OneWeb-0219 ,Success
2021-04-25,Soyuz-2.1b,Vostochny Cosmodrome,LEO,148.0,OneWeb-0220 ,Success
2021-05-28,Soyuz-2.1b,Vostochny Cosmodrome,LEO,148.0,OneWeb-0221,Success
2021-05-28,Soyuz-2.1b,Vostochny Cosmodrome,LEO,148.0,OneWeb-0222,Failure
2021-05-28,Soyuz-2.1b,Vostochny Cosmodrome,LEO,148.0,OneWeb-0223,Success
2021-05-28,Soyuz-2.1b,Vostochny Cosmodrome,LEO,148.0,OneWeb-0224,Success
2021-05-28,Soyuz-2.1b,Vostochny Cosmodrome,LEO,148.0,OneWeb-0225,Success
2021-05-28,Soyuz-2.1b,Vostochny Cosmodrome,LEO,148.0,OneWeb-0226,Success
2021-05-28,Soyuz-2.1b,Vostochny Cosmodrome,LEO,148.0,OneWeb-0227,Success
2021-05-28,Soyuz-2.1b,Vostochny Cosmodrome,LEO,148.0,OneWeb-0228,Success
2021-05-28,Soyuz-2.1b,Vostochny Cosmodrome,LEO,148.0,OneWeb-0229,Success
2021-05-28,Soyuz-2.1b,Vostochny Cosmodrome,LEO,148.0,OneWeb-0230,Success
2021-05-28,Soyuz-2.1b,Vostochny Cosmodrome,LEO,148.0,OneWeb-0231,Success
2021-05-28,Soyuz-2.1b,Vostochny Cosmodrome,LEO,148.0,OneWeb-0232,Success
2021-05-28,Soyuz-2.1b,Vostochny Cosmodrome,LEO,148.0,OneWeb-0233,Success
2021-05-28,Soyuz-2.1b,Vostochny Cosmodrome,LEO,148.0,OneWeb-0234,Success
2021-05-28,Soyuz-2.1b,Vostochny Cosmodrome,LEO,148.0,OneWeb-0235,Success
2021-05-28,Soyuz-2.1b,Vostochny Cosmodrome,LEO,148.0,OneWeb-0236,Success
2021-05-28,Soyuz-2.1b,Vostochny Cosmodrome,LEO,148.0,OneWeb-0237,Success
2021-05-28,Soyuz-2.1b,Vostochny Cosmodrome,LEO,148.0,OneWeb-0238,Success
2021-05-28,Soyuz-2.1b,Vostochny Cosmodrome,LEO,148.0,OneWeb-0239,Success
2021-05-28,Soyuz-2.1b,Vostochny Cosmodrome,LEO,148.0,OneWeb-0240,Success
2021-05-28,Soyuz-2.1b,Vostochny Cosmodrome,LEO,148.0,OneWeb-0241,Success
2021-05-28,Soyuz-2.1b,Vostochny Cosmodrome,LEO,148.0,OneWeb-0242,Success
2021-05-28,Soyuz-2.1b,Vostochny Cosmodrome,LEO,148.0,OneWeb-0243,Success
2021-05-28,Soyuz-2.1b,Vostochny Cosmodrome,LEO,148.0,OneWeb-0244,Success
2021-05-28,Soyuz-2.1b,Vostochny Cosmodrome,LEO,148.0,OneWeb-0245,Success
2021-05-28,Soyuz-2.1b,Vostochny Cosmodrome,LEO,148.0,OneWeb-0246,Success
2021-05-28,Soyuz-2.1b,Vostochny Cosmodrome,LEO,148.0,OneWeb-0247,Success
2021-05-28,Soyuz-2.1b,Vostochny Cosmodrome,LEO,148.0,OneWeb-0248,Success
2021-07-01,Soyuz-2.1b,Vostochny Cosmodrome,LEO,148.0,OneWeb-0249,Failure
2021-07-01,Soyuz-2.1b,Vostochny Cosmodrome,LEO,148.0,OneWeb-0250,Success
2021-07-01,Soyuz-2.1b,Vostochny Cosmodrome,LEO,148.0,OneWeb-0252,Success
2021-07-01,Soyuz-2.1b,Vostochny Cosmodrome,LEO,148.0,OneWeb-0253,Success
2021-07-01,Soyuz-2.1b,Vostochny Cosmodrome,LEO,148.0,OneWeb-0254,Success
2021-07-01,Soyuz-2.1b,Vostochny Cosmodrome,LEO,148.0,OneWeb-0255,Success
2021-07-01,Soyuz-2.1b,Vostochny Cosmodrome,LEO,148.0,OneWeb-0256,Success
2021-07-01,Soyuz-2.1b,Vostochny Cosmodrome,LEO,148.0,OneWeb-0257,Success
2021-07-01,Soyuz-2.1b,Vostochny Cosmodrome,LEO,148.0,OneWeb-0258,Success
2021-07-01,Soyuz-2.1b,Vostochny Cosmodrome,LEO,148.0,OneWeb-0259,Success
2021-07-01,Soyuz-2.1b,Vostochny Cosmodrome,LEO,148.0,OneWeb-0260,Success
2021-07-01,Soyuz-2.1b,Vostochny Cosmodrome,LEO,148.0,OneWeb-0261,Failure
2021-07-01,Soyuz-2.1b,Vostochny Cosmodrome,LEO,148.0,OneWeb-0262,Success
2021-07-01,Soyuz-2.1b,Vostochny Cosmodrome,LEO,148.0,OneWeb-0263,Success
2021-07-01,Soyuz-2.1b,Vostochny Cosmodrome,LEO,148.0,OneWeb-0264,Success
2021-07-01,Soyuz-2.1b,Vostochny Cosmodrome,LEO,148.0,OneWeb-0266,Success
2021-07-01,Soyuz-2.1b,Vostochny Cosmodrome,LEO,148.0,OneWeb-0267,Success
2021-07-01,Soyuz-2.1b,Vostochny Cosmodrome,LEO,148.0,OneWeb-0268,Failure
2021-07-01,Soyuz-2.1b,Vostochny Cosmodrome,LEO,148.0,OneWeb-0269,Success
2021-07-01,Soyuz-2.1b,Vostochny Cosmodrome,LEO,148.0,OneWeb-0270,Success
2021-07-01,Soyuz-2.1b,Vostochny Cosmodrome,LEO,148.0,OneWeb-0271,Success
2021-07-01,Soyuz-2.1b,Vostochny Cosmodrome,LEO,148.0,OneWeb-0272,Success
2021-07-01,Soyuz-2.1b,Vostochny Cosmodrome,LEO,148.0,OneWeb-0273,Success
2021-07-01,Soyuz-2.1b,Vostochny Cosmodrome,LEO,148.0,OneWeb-0274,Success
2021-07-01,Soyuz-2.1b,Vostochny Cosmodrome,LEO,148.0,OneWeb-0275,Success
2021-07-01,Soyuz-2.1b,Vostochny Cosmodrome,LEO,148.0,OneWeb-0276,Success
2021-07-01,Soyuz-2.1b,Vostochny Cosmodrome,LEO,148.0,OneWeb-0277,Success
2021-07-01,Soyuz-2.1b,Vostochny Cosmodrome,LEO,148.0,OneWeb-0278,Success
2021-07-01,Soyuz-2.1b,Vostochny Cosmodrome,LEO,148.0,OneWeb-0279,Success
2021-07-01,Soyuz-2.1b,Vostochny Cosmodrome,LEO,148.0,OneWeb-0280,Success
2021-07-01,Soyuz-2.1b,Vostochny Cosmodrome,LEO,148.0,OneWeb-0281,Success
2021-07-01,Soyuz-2.1b,Vostochny Cosmodrome,LEO,148.0,OneWeb-0282,Success
2021-07-01,Soyuz-2.1b,Vostochny Cosmodrome,LEO,148.0,OneWeb-0283,Success
2021-07-01,Soyuz-2.1b,Vostochny Cosmodrome,LEO,148.0,OneWeb-0284,Success
2021-08-21,Soyuz-2.1b,Baikonur Cosmodrome,LEO,148.0,OneWeb-0285,Success
2021-08-21,Soyuz-2.1b,Baikonur Cosmodrome,LEO,148.0,OneWeb-0286,Success
2021-08-21,Soyuz-2.1b,Baikonur Cosmodrome,LEO,148.0,OneWeb-0287,Success
2021-08-21,Soyuz-2.1b,Baikonur Cosmodrome,LEO,148.0,OneWeb-0288,Success
2021-08-21,Soyuz-2.1b,Baikonur Cosmodrome,LEO,148.0,OneWeb-0289,Failure
2021-08-21,Soyuz-2.1b,Baikonur Cosmodrome,LEO,148.0,OneWeb-0290,Success
2021-08-21,Soyuz-2.1b,Baikonur Cosmodrome,LEO,148.0,OneWeb-0291,Success
2021-09-14,Soyuz-2.1b,Baikonur Cosmodrome,LEO,148.0,OneWeb-0292 ,Failure
2021-08-21,Soyuz-2.1b,Baikonur Cosmodrome,LEO,148.0,OneWeb-0293,Failure
2021-08-21,Soyuz-2.1b,Baikonur Cosmodrome,LEO,148.0,OneWeb-0294,Success
2021-08-21,Soyuz-2.1b,Baikonur Cosmodrome,LEO,148.0,OneWeb-0295,Success
2021-08-21,Soyuz-2.1b,Baikonur Cosmodrome,LEO,148.0,OneWeb-0296,Success
2021-08-21,Soyuz-2.1b,Baikonur Cosmodrome,LEO,148.0,OneWeb-0297,Success
2021-08-21,Soyuz-2.1b,Baikonur Cosmodrome,LEO,148.0,OneWeb-0298,Success
2021-08-21,Soyuz-2.1b,Baikonur Cosmodrome,LEO,148.0,OneWeb-0299,Success
2021-08-21,Soyuz-2.1b,Baikonur Cosmodrome,LEO,148.0,OneWeb-0300,Success
2021-08-21,Soyuz-2.1b,Baikonur Cosmodrome,LEO,148.0,OneWeb-0301,Failure
2021-08-21,Soyuz-2.1b,Baikonur Cosmodrome,LEO,148.0,OneWeb-0302,Failure
2021-09-14,Soyuz-2.1b,Baikonur Cosmodrome,LEO,148.0,OneWeb-0303 ,Success
2021-08-21,Soyuz-2.1b,Baikonur Cosmodrome,LEO,148.0,OneWeb-0304,Success
2021-08-21,Soyuz-2.1b,Baikonur Cosmodrome,LEO,148.0,OneWeb-0305,Success
2021-09-14,Soyuz-2.1b,Baikonur Cosmodrome,LEO,148.0,OneWeb-0306 ,Success
2021-09-14,Soyuz-2.1b,Baikonur Cosmodrome,LEO,148.0,OneWeb-0307 ,Success
2021-08-21,Soyuz-2.1b,Baikonur Cosmodrome,LEO,148.0,OneWeb-0308,Success
2021-08-21,Soyuz-2.1b,Baikonur Cosmodrome,LEO,148.0,OneWeb-0309,Success
2021-08-21,Soyuz-2.1b,Baikonur Cosmodrome,LEO,148.0,OneWeb-0310,Failure
2021-08-21,Soyuz-2.1b,Baikonur Cosmodrome,LEO,148.0,OneWeb-0311,Success
2021-08-21,Soyuz-2.1b,Baikonur Cosmodrome,LEO,148.0,OneWeb-0312,Success
2021-08-21,Soyuz-2.1b,Baikonur Cosmodrome,LEO,148.0,OneWeb-0313,Success
2021-08-21,Soyuz-2.1b,Baikonur Cosmodrome,LEO,148.0,OneWeb-0314,Success
2021-08-21,Soyuz-2.1b,Baikonur Cosmodrome,LEO,148.0,OneWeb-0315,Success
2021-08-21,Soyuz-2.1b,Baikonur Cosmodrome,LEO,148.0,OneWeb-0316,Success
2021-08-21,Soyuz-2.1b,Baikonur Cosmodrome,LEO,148.0,OneWeb-0317,Success
2021-08-21,Soyuz-2.1b,Baikonur Cosmodrome,LEO,148.0,OneWeb-0318,Success
2021-08-21,Soyuz-2.1b,Baikonur Cosmodrome,LEO,148.0,OneWeb-0319,Success
2021-09-14,Soyuz-2.1b,Baikonur Cosmodrome,LEO,148.0,OneWeb-0320 ,Success
2021-09-14,Soyuz-2.1b,Baikonur Cosmodrome,LEO,148.0,OneWeb-0321 ,Success
2021-09-14,Soyuz-2.1b,Baikonur Cosmodrome,LEO,148.0,OneWeb-0322 ,Success
2021-08-21,Soyuz-2.1b,Baikonur Cosmodrome,LEO,148.0,OneWeb-0323,Success
2021-09-14,Soyuz-2.1b,Baikonur Cosmodrome,LEO,148.0,OneWeb-0324 ,Success
2021-09-14,Soyuz-2.1b,Baikonur Cosmodrome,LEO,148.0,OneWeb-0325 ,Failure
2021-09-14,Soyuz-2.1b,Baikonur Cosmodrome,LEO,148.0,OneWeb-0326 ,Success
2021-09-14,Soyuz-2.1b,Baikonur Cosmodrome,LEO,148.0,OneWeb-0327 ,Success
2021-09-14,Soyuz-2.1b,Baikonur Cosmodrome,LEO,148.0,OneWeb-0328 ,Success
2021-08-21,Soyuz-2.1b,Baikonur Cosmodrome,LEO,148.0,OneWeb-0329,Success
2021-08-21,Soyuz-2.1b,Baikonur Cosmodrome,LEO,148.0,OneWeb-0330,Failure
2021-09-14,Soyuz-2.1b,Baikonur Cosmodrome,LEO,148.0,OneWeb-0331 ,Success
2021-10-14,Soyuz-2.1b,Vostochny Cosmodrome,LEO,148.0,OneWeb-0332 ,Success
2021-09-14,Soyuz-2.1b,Baikonur Cosmodrome,LEO,148.0,OneWeb-0333 ,Success
2021-09-14,Soyuz-2.1b,Baikonur Cosmodrome,LEO,148.0,OneWeb-0334 ,Success
2021-09-14,Soyuz-2.1b,Baikonur Cosmodrome,LEO,148.0,OneWeb-0335 ,Success
2021-09-14,Soyuz-2.1b,Baikonur Cosmodrome,LEO,148.0,OneWeb-0336 ,Success
2021-09-14,Soyuz-2.1b,Baikonur Cosmodrome,LEO,148.0,OneWeb-0337 ,Success
2021-09-14,Soyuz-2.1b,Baikonur Cosmodrome,LEO,148.0,OneWeb-0338 ,Success
2021-09-14,Soyuz-2.1b,Baikonur Cosmodrome,LEO,148.0,OneWeb-0339 ,Success
2021-09-14,Soyuz-2.1b,Baikonur Cosmodrome,LEO,148.0,OneWeb-0340 ,Success
2021-09-14,Soyuz-2.1b,Baikonur Cosmodrome,LEO,148.0,OneWeb-0341 ,Success
2021-09-14,Soyuz-2.1b,Baikonur Cosmodrome,LEO,148.0,OneWeb-0342 ,Success
2021-09-14,Soyuz-2.1b,Baikonur Cosmodrome,LEO,148.0,OneWeb-0343 ,Success
2021-09-14,Soyuz-2.1b,Baikonur Cosmodrome,LEO,148.0,OneWeb-0344 ,Success
2021-09-14,Soyuz-2.1b,Baikonur Cosmodrome,LEO,148.0,OneWeb-0345 ,Failure
2021-09-14,Soyuz-2.1b,Baikonur Cosmodrome,LEO,148.0,OneWeb-0346 ,Success
2021-10-14,Soyuz-2.1b,Vostochny Cosmodrome,LEO,148.0,OneWeb-0347 ,Failure
2021-09-14,Soyuz-2.1b,Baikonur Cosmodrome,LEO,148.0,OneWeb-0348 ,Success
2021-10-14,Soyuz-2.1b,Vostochny Cosmodrome,LEO,148.0,OneWeb-0349 ,Success
2021-09-14,Soyuz-2.1b,Baikonur Cosmodrome,LEO,148.0,OneWeb-0350 ,Success
2021-09-14,Soyuz-2.1b,Baikonur Cosmodrome,LEO,148.0,OneWeb-0351 ,Success
2021-09-14,Soyuz-2.1b,Baikonur Cosmodrome,LEO,148.0,OneWeb-0352 ,Success
2021-10-14,Soyuz-2.1b,Vostochny Cosmodrome,LEO,148.0,OneWeb-0353 ,Success
2021-09-14,Soyuz-2.1b,Baikonur Cosmodrome,LEO,148.0,OneWeb-0354 ,Success
2021-09-14,Soyuz-2.1b,Baikonur Cosmodrome,LEO,148.0,OneWeb-0355 ,Success
2021-10-14,Soyuz-2.1b,Vostochny Cosmodrome,LEO,148.0,OneWeb-0356 ,Success
2021-09-14,Soyuz-2.1b,Baikonur Cosmodrome,LEO,148.0,OneWeb-0357 ,Success
2021-10-14,Soyuz-2.1b,Vostochny Cosmodrome,LEO,148.0,OneWeb-0358 ,Success
2021-10-14,Soyuz-2.1b,Vostochny Cosmodrome,LEO,148.0,OneWeb-0359 ,Success
2021-10-14,Soyuz-2.1b,Vostochny Cosmodrome,LEO,148.0,OneWeb-0360 ,Success
2021-10-14,Soyuz-2.1b,Vostochny Cosmodrome,LEO,148.0,OneWeb-0361 ,Success
2021-10-14,Soyuz-2.1b,Vostochny Cosmodrome,LEO,148.0,OneWeb-0362 ,Success
2021-10-14,Soyuz-2.1b,Vostochny Cosmodrome,LEO,148.0,OneWeb-0363 ,Success
2021-10-14,Soyuz-2.1b,Vostochny Cosmodrome,LEO,148.0,OneWeb-0364 ,Success
2021-10-14,Soyuz-2.1b,Vostochny Cosmodrome,LEO,148.0,OneWeb-0365 ,Failure
2021-10-14,Soyuz-2.1b,Vostochny Cosmodrome,LEO,148.0,OneWeb-0366 ,Success
2021-10-14,Soyuz-2.1b,Vostochny Cosmodrome,LEO,148.0,OneWeb-0367 ,Success
2021-10-14,Soyuz-2.1b,Vostochny Cosmodrome,LEO,148.0,OneWeb-0368 ,Failure
2021-10-14,Soyuz-2.1b,Vostochny Cosmodrome,LEO,148.0,OneWeb-0369 ,Success
2021-10-14,Soyuz-2.1b,Vostochny Cosmodrome,LEO,148.0,OneWeb-0370 ,Success
2021-10-14,Soyuz-2.1b,Vostochny Cosmodrome,LEO,148.0,OneWeb-0371 ,Failure
2021-10-14,Soyuz-2.1b,Vostochny Cosmodrome,LEO,148.0,OneWeb-0372 ,Success
2021-10-14,Soyuz-2.1b,Vostochny Cosmodrome,LEO,148.0,OneWeb-0373 ,Success
2021-10-14,Soyuz-2.1b,Vostochny Cosmodrome,LEO,148.0,OneWeb-0374 ,Success
2021-10-14,Soyuz-2.1b,Vostochny Cosmodrome,LEO,148.0,OneWeb-0375 ,Success
2021-10-14,Soyuz-2.1b,Vostochny Cosmodrome,LEO,148.0,OneWeb-0376 ,Success
2021-10-14,Soyuz-2.1b,Vostochny Cosmodrome,LEO,148.0,OneWeb-0377 ,Success
2021-10-14,Soyuz-2.1b,Vostochny Cosmodrome,LEO,148.0,OneWeb-0378 ,Success
2021-10-14,Soyuz-2.1b,Vostochny Cosmodrome,LEO,148.0,OneWeb-0379 ,Success
2021-10-14,Soyuz-2.1b,Vostochny Cosmodrome,LEO,148.0,OneWeb-0380 ,Success
2021-10-14,Soyuz-2.1b,Vostochny Cosmodrome,LEO,148.0,OneWeb-0381 ,Success
2021-10-14,Soyuz-2.1b,Vostochny Cosmodrome,LEO,148.0,OneWeb-0382 ,Success
2021-10-14,Soyuz-2.1b,Vostochny Cosmodrome,LEO,148.0,OneWeb-0383 ,Success
2021-10-14,Soyuz-2.1b,Vostochny Cosmodrome,LEO,148.0,OneWeb-0384 ,Success
2021-10-14,Soyuz-2.1b,Vostochny Cosmodrome,LEO,148.0,OneWeb-0385 ,Failure
2021-10-14,Soyuz-2.1b,Vostochny Cosmodrome,LEO,148.0,OneWeb-0386 ,Success
2021-10-14,Soyuz-2.1b,Vostochny Cosmodrome,LEO,148.0,OneWeb-0387 ,Success
2021-10-14,Soyuz-2.1b,Vostochny Cosmodrome,LEO,148.0,OneWeb-0388 ,Success
2021-12-27,Soyuz-2.1b,Baikonur Cosmodrome,LEO,148.0,OneWeb-0389 ,Success
2021-12-27,Soyuz-2.1b,Baikonur Cosmodrome,LEO,148.0,OneWeb-0390 ,Failure
2021-12-27,Soyuz-2.1b,Baikonur Cosmodrome,LEO,148.0,OneWeb-0391 ,Success
2021-12-27,Soyuz-2.1b,Baikonur Cosmodrome,LEO,148.0,OneWeb-0392 ,Success
2021-12-27,Soyuz-2.1b,Baikonur Cosmodrome,LEO,148.0,OneWeb-0393 ,Success
2021-12-27,Soyuz-2.1b,Baikonur Cosmodrome,LEO,148.0,OneWeb-0394 ,Success
2021-12-27,Soyuz-2.1b,Baikonur Cosmodrome,LEO,148.0,OneWeb-0395 ,Success
2021-12-27,Soyuz-2.1b,Baikonur Cosmodrome,LEO,148.0,OneWeb-0396 ,Success
2021-12-27,Soyuz-2.1b,Baikonur Cosmodrome,LEO,148.0,OneWeb-0397 ,Success
2021-12-27,Soyuz-2.1b,Baikonur Cosmodrome,LEO,148.0,OneWeb-0398 ,Success
2021-12-27,Soyuz-2.1b,Baikonur Cosmodrome,LEO,148.0,OneWeb-0399 ,Success
2021-12-27,Soyuz-2.1b,Baikonur Cosmodrome,LEO,148.0,OneWeb-0400 ,Success
2021-12-27,Soyuz-2.1b,Baikonur Cosmodrome,LEO,148.0,OneWeb-0401 ,Success
2021-12-27,Soyuz-2.1b,Baikonur Cosmodrome,LEO,148.0,OneWeb-0402 ,Success
2021-12-27,Soyuz-2.1b,Baikonur Cosmodrome,LEO,148.0,OneWeb-0403 ,Success
2021-12-27,Soyuz-2.1b,Baikonur Cosmodrome,LEO,148.0,OneWeb-0404 ,Success
2021-12-27,Soyuz-2.1b,Baikonur Cosmodrome,LEO,148.0,OneWeb-0405 ,Success
2021-12-27,Soyuz-2.1b,Baikonur Cosmodrome,LEO,148.0,OneWeb-0406 ,Success
2021-12-27,Soyuz-2.1b,Baikonur Cosmodrome,LEO,148.0,OneWeb-0407 ,Success
2021-12-27,Soyuz-2.1b,Baikonur Cosmodrome,LEO,148.0,OneWeb-0409 ,Success
2022-02-10,Soyuz 2.1b,Guiana Space Center,LEO,148.0,OneWeb-0410,Success
2022-02-10,Soyuz 2.1b,Guiana Space Center,LEO,148.0,OneWeb-0411,Success
2021-12-27,Soyuz-2.1b,Baikonur Cosmodrome,LEO,148.0,OneWeb-0412 ,Success
2021-12-27,Soyuz-2.1b,Baikonur Cosmodrome,LEO,148.0,OneWeb-0413 ,Success
2021-12-27,Soyuz-2.1b,Baikonur Cosmodrome,LEO,148.0,OneWeb-0414 ,Success
2022-02-10,Soyuz 2.1b,Guiana Space Center,LEO,148.0,OneWeb-0415,Success
2022-02-10,Soyuz 2.1b,Guiana Space Center,LEO,148.0,OneWeb-0416,Success
2021-12-27,Soyuz-2.1b,Baikonur Cosmodrome,LEO,148.0,OneWeb-0417 ,Success
2021-12-27,Soyuz-2.1b,Baikonur Cosmodrome,LEO,148.0,OneWeb-0418 ,Success
2021-12-27,Soyuz-2.1b,Baikonur Cosmodrome,LEO,148.0,OneWeb-0419 ,Success
2021-12-27,Soyuz-2.1b,Baikonur Cosmodrome,LEO,148.0,OneWeb-0420 ,Success
2021-12-27,Soyuz-2.1b,Baikonur Cosmodrome,LEO,148.0,OneWeb-0421 ,Success
2022-02-10,Soyuz 2.1b,Guiana Space Center,LEO,148.0,OneWeb-0422,Success
2022-02-10,Soyuz 2.1b,Guiana Space Center,LEO,148.0,OneWeb-0423,Success
2021-12-27,Soyuz-2.1b,Baikonur Cosmodrome,LEO,148.0,OneWeb-0424 ,Success
2022-02-10,Soyuz 2.1b,Guiana Space Center,LEO,148.0,OneWeb-0425,Success
2021-12-27,Soyuz-2.1b,Baikonur Cosmodrome,LEO,148.0,OneWeb-0426 ,Success
2021-12-27,Soyuz-2.1b,Baikonur Cosmodrome,LEO,148.0,OneWeb-0427 ,Success
2022-02-10,Soyuz 2.1b,Guiana Space Center,LEO,148.0,OneWeb-0428,Success
2021-12-27,Soyuz-2.1b,Baikonur Cosmodrome,LEO,148.0,OneWeb-0429 ,Success
2021-12-27,Soyuz-2.1b,Baikonur Cosmodrome,LEO,148.0,OneWeb-0430 ,Success
2022-02-10,Soyuz 2.1b,Guiana Space Center,LEO,148.0,OneWeb-0431,Success
2021-12-27,Soyuz-2.1b,Baikonur Cosmodrome,LEO,148.0,OneWeb-0432 ,Success
2022-02-10,Soyuz 2.1b,Guiana Space Center,LEO,148.0,OneWeb-0434,Success
2022-02-10,Soyuz 2.1b,Guiana Space Center,LEO,148.0,OneWeb-0435,Success
2022-02-10,Soyuz 2.1b,Guiana Space Center,LEO,148.0,OneWeb-0436,Success
2022-02-10,Soyuz 2.1b,Guiana Space Center,LEO,148.0,OneWeb-0438,Success
2022-02-10,Soyuz 2.1b,Guiana Space Center,LEO,148.0,OneWeb-0439,Success
2021-12-27,Soyuz-2.1b,Baikonur Cosmodrome,LEO,148.0,OneWeb-0440 ,Success
2022-02-10,Soyuz 2.1b,Guiana Space Center,LEO,148.0,OneWeb-0442,Failure
2022-02-10,Soyuz 2.1b,Guiana Space Center,LEO,148.0,OneWeb-0443,Success
2022-02-10,Soyuz 2.1b,Guiana Space Center,LEO,148.0,OneWeb-0444,Failure
2022-02-10,Soyuz 2.1b,Guiana Space Center,LEO,148.0,OneWeb-0445,Success
2022-02-10,Soyuz 2.1b,Guiana Space Center,LEO,148.0,OneWeb-0446,Success
2022-02-10,Soyuz 2.1b,Guiana Space Center,LEO,148.0,OneWeb-0448,Success
2022-02-10,Soyuz 2.1b,Guiana Space Center,LEO,148.0,OneWeb-0449,Success
2021-12-27,Soyuz-2.1b,Baikonur Cosmodrome,LEO,148.0,OneWeb-0450 ,Success
2022-02-10,Soyuz 2.1b,Guiana Space Center,LEO,148.0,OneWeb-0451,Success
2022-02-10,Soyuz 2.1b,Guiana Space Center,LEO,148.0,OneWeb-0452,Success
2022-02-10,Soyuz 2.1b,Guiana Space Center,LEO,148.0,OneWeb-0455,Success
2022-02-10,Soyuz 2.1b,Guiana Space Center,LEO,148.0,OneWeb-0456,Failure
2022-02-10,Soyuz 2.1b,Guiana Space Center,LEO,148.0,OneWeb-0457,Success
2022-02-10,Soyuz 2.1b,Guiana Space Center,LEO,148.0,OneWeb-0458,Success
2022-02-10,Soyuz 2.1b,Guiana Space Center,LEO,148.0,OneWeb-0461,Success
2022-02-10,Soyuz 2.1b,Guiana Space Center,LEO,148.0,OneWeb-0463,Failure
2022-02-10,Soyuz 2.1b,Guiana Space Center,LEO,148.0,OneWeb-0464,Failure
2022-02-10,Soyuz 2.1b,Guiana Space Center,LEO,148.0,OneWeb-0468,Success
2022-02-10,Soyuz 2.1b,Guiana Space Center,LEO,148.0,OneWeb-0473,Success
2022-02-10,Soyuz 2.1b,Guiana Space Center,LEO,148.0,OneWeb-0474,Success
2022-02-10,Soyuz 2.1b,Guiana Space Center,LEO,148.0,OneWeb-0475,Success
2022-10-22,PSLV,Satish Dhawan Space Centre,LEO,148.0,OneWeb-0490 ,Success
2022-10-22,PSLV,Satish Dhawan Space Centre,LEO,148.0,OneWeb-0492 ,Success
2022-10-22,PSLV,Satish Dhawan Space Centre,LEO,148.0,OneWeb-0495 ,Success
2022-10-22,PSLV,Satish Dhawan Space Centre,LEO,148.0,OneWeb-0497 ,Success
2022-10-22,PSLV,Satish Dhawan Space Centre,LEO,148.0,OneWeb-0499 ,Success
2022-10-22,PSLV,Satish Dhawan Space Centre,LEO,148.0,OneWeb-0500 ,Success
2022-10-22,PSLV,Satish Dhawan Space Centre,LEO,148.0,OneWeb-0501 ,Success
2022-10-22,PSLV,Satish Dhawan Space Centre,LEO,148.0,OneWeb-0502 ,Success
2022-10-22,PSLV,Satish Dhawan Space Centre,LEO,148.0,OneWeb-0503 ,Success
2022-10-22,PSLV,Satish Dhawan Space Centre,LEO,148.0,OneWeb-0504 ,Success
2022-10-22,PSLV,Satish Dhawan Space Centre,LEO,148.0,OneWeb-0505 ,Success
2022-10-22,PSLV,Satish Dhawan Space Centre,LEO,148.0,OneWeb-0506 ,Success
2022-10-22,PSLV,Satish Dhawan Space Centre,LEO,148.0,OneWeb-0507 ,Success
2022-10-22,PSLV,Satish Dhawan Space Centre,LEO,148.0,OneWeb-0508 ,Success
2022-10-22,PSLV,Satish Dhawan Space Centre,LEO,148.0,OneWeb-0509 ,Success
2022-10-22,PSLV,Satish Dhawan Space Centre,LEO,148.0,OneWeb-0510 ,Success
2022-10-22,PSLV,Satish Dhawan Space Centre,LEO,148.0,OneWeb-0511 ,Success
2022-10-22,PSLV,Satish Dhawan Space Centre,LEO,148.0,OneWeb-0512 ,Success
2022-10-22,PSLV,Satish Dhawan Space Centre,LEO,148.0,OneWeb-0513 ,Failure
2022-10-22,PSLV,Satish Dhawan Space Centre,LEO,148.0,OneWeb-0514 ,Failure
2022-10-22,PSLV,Satish Dhawan Space Centre,LEO,148.0,OneWeb-0515 ,Success
2022-10-22,PSLV,Satish Dhawan Space Centre,LEO,148.0,OneWeb-0516 ,Success
2022-10-22,PSLV,Satish Dhawan Space Centre,LEO,148.0,OneWeb-0517 ,Success
2022-10-22,PSLV,Satish Dhawan Space Centre,LEO,148.0,OneWeb-0518 ,Success
2022-10-22,PSLV,Satish Dhawan Space Centre,LEO,148.0,OneWeb-0519 ,Success
2022-10-22,PSLV,Satish Dhawan Space Centre,LEO,148.0,OneWeb-0520 ,Success
2022-10-22,PSLV,Satish Dhawan Space Centre,LEO,148.0,OneWeb-0521 ,Success
2022-10-22,PSLV,Satish Dhawan Space Centre,LEO,148.0,OneWeb-0522 ,Success
2022-10-22,PSLV,Satish Dhawan Space Centre,LEO,148.0,OneWeb-0523 ,Success
2022-10-22,PSLV,Satish Dhawan Space Centre,LEO,148.0,OneWeb-0524 ,Success
2022-10-22,PSLV,Satish Dhawan Space Centre,LEO,148.0,OneWeb-0525 ,Success
2022-10-22,PSLV,Satish Dhawan Space Centre,LEO,148.0,OneWeb-0526 ,Success
2022-12-08,Falcon 9,Cape Canaveral,LEO,148.0,OneWeb-0527 ,Success
2022-12-08,Falcon 9,Cape Canaveral,LEO,148.0,OneWeb-0528 ,Success
2022-10-22,PSLV,Satish Dhawan Space Centre,LEO,148.0,OneWeb-0529 ,Success
2022-10-22,PSLV,Satish Dhawan Space Centre,LEO,148.0,OneWeb-0531 ,Success
2023-01-10,Falcon 9,Cape Canaveral,LEO,148.0,OneWeb-0532             ,Success
2023-01-10,Falcon 9,Cape Canaveral,LEO,148.0,OneWeb-0533                ,Failure
2022-10-22,PSLV,Satish Dhawan Space Centre,LEO,148.0,OneWeb-0535 ,Success
2022-10-22,PSLV,Satish Dhawan Space Centre,LEO,148.0,OneWeb-0536 ,Success
2022-12-08,Falcon 9,Cape Canaveral,LEO,148.0,OneWeb-0539 ,Success
2022-12-08,Falcon 9,Cape Canaveral,LEO,148.0,OneWeb-0540 ,Success
2023-01-10,Falcon 9,Cape Canaveral,LEO,148.0,OneWeb-0541                ,Failure
2022-12-08,Falcon 9,Cape Canaveral,LEO,148.0,OneWeb-0542 ,Success
2023-01-10,Falcon 9,Cape Canaveral,LEO,148.0,OneWeb-0543                ,Success
2023-01-10,Falcon 9,Cape Canaveral,LEO,148.0,OneWeb-0544                ,Success
2022-12-08,Falcon 9,Cape Canaveral,LEO,148.0,OneWeb-0545 ,Success
2023-03-26,LVM3,Satish Dhawan Space Center,LEO,148.0,OneWeb-0553                ,Success
2023-03-26,LVM3,Satish Dhawan Space Center,LEO,148.0,OneWeb-0554                ,Success
2023-03-26,LVM3,Satish Dhawan Space Center,LEO,148.0,OneWeb-0555                ,Success
2023-03-26,LVM3,Satish Dhawan Space Center,LEO,148.0,OneWeb-0557                ,Success
2023-03-26,LVM3,Satish Dhawan Space Center,LEO,148.0,OneWeb-0558                ,Success
2023-03-26,LVM3,Satish Dhawan Space Center,LEO,148.0,OneWeb-0559                ,Success
2023-01-10,Falcon 9,Cape Canaveral,LEO,148.0,OneWeb-0560                ,Success
2023-03-09,Falcon 9,Cape Canaveral,LEO,148.0,OneWeb-0564                ,Success
2023-01-10,Falcon 9,Cape Canaveral,LEO,148.0,OneWeb-0565                ,Success
2023-03-26,LVM3,Satish Dhawan Space Center,LEO,148.0,OneWeb-0566                ,Success
2023-01-10,Falcon 9,Cape Canaveral,LEO,148.0,OneWeb-0567                ,Success
2023-03-26,LVM3,Satish Dhawan Space Center,LEO,148.0,OneWeb-0568                ,Success
2023-01-10,Falcon 9,Cape Canaveral,LEO,148.0,OneWeb-0569                ,Success
2023-01-10,Falcon 9,Cape Canaveral,LEO,148.0,OneWeb-0570                ,Success
2023-01-10,Falcon 9,Cape Canaveral,LEO,148.0,OneWeb-0571                ,Success
2023-01-10,Falcon 9,Cape Canaveral,LEO,148.0,OneWeb-0572                ,Success
2023-01-10,Falcon 9,Cape Canaveral,LEO,148.0,OneWeb-0573                ,Failure
2023-03-26,LVM3,Satish Dhawan Space Center,LEO,148.0,OneWeb-0574                ,Success
2023-03-26,LVM3,Satish Dhawan Space Center,LEO,148.0,OneWeb-0575                ,Success
2023-03-26,LVM3,Satish Dhawan Space Center,LEO,148.0,OneWeb-0576                ,Success
2023-03-26,LVM3,Satish Dhawan Space Center,LEO,148.0,OneWeb-0577                ,Success
2023-03-26,LVM3,Satish Dhawan Space Center,LEO,148.0,OneWeb-0578                ,Success
2023-03-26,LVM3,Satish Dhawan Space Center,LEO,148.0,OneWeb-0579                ,Success
2022-12-08,Falcon 9,Cape Canaveral,LEO,148.0,OneWeb-0580 ,Success
2023-03-26,LVM3,Satish Dhawan Space Center,LEO,148.0,OneWeb-0581                ,Success
2022-12-08,Falcon 9,Cape Canaveral,LEO,148.0,OneWeb-0582 ,Success
2022-12-08,Falcon 9,Cape Canaveral,LEO,148.0,OneWeb-0583 ,Success
2022-12-08,Falcon 9,Cape Canaveral,LEO,148.0,OneWeb-0584 ,Success
2022-12-08,Falcon 9,Cape Canaveral,LEO,148.0,OneWeb-0585 ,Success
2022-12-08,Falcon 9,Cape Canaveral,LEO,148.0,OneWeb-0586 ,Success
2022-12-08,Falcon 9,Cape Canaveral,LEO,148.0,OneWeb-0587 ,Success
2023-01-10,Falcon 9,Cape Canaveral,LEO,148.0,OneWeb-0588                ,Success
2022-12-08,Falcon 9,Cape Canaveral,LEO,148.0,OneWeb-0589 ,Failure
2022-12-08,Falcon 9,Cape Canaveral,LEO,148.0,OneWeb-0590 ,Failure
2022-12-08,Falcon 9,Cape Canaveral,LEO,148.0,OneWeb-0591 ,Success
2022-12-08,Falcon 9,Cape Canaveral,LEO,148.0,OneWeb-0592 ,Success
2022-12-08,Falcon 9,Cape Canaveral,LEO,148.0,OneWeb-0593 ,Success
2022-12-08,Falcon 9,Cape Canaveral,LEO,148.0,OneWeb-0594 ,Success
2022-12-08,Falcon 9,Cape Canaveral,LEO,148.0,OneWeb-0595 ,Success
2022-12-08,Falcon 9,Cape Canaveral,LEO,148.0,OneWeb-0596 ,Success
2022-12-08,Falcon 9,Cape Canaveral,LEO,148.0,OneWeb-0597 ,Success
2023-01-10,Falcon 9,Cape Canaveral,LEO,148.0,OneWeb-0598                ,Success
2023-01-10,Falcon 9,Cape Canaveral,LEO,148.0,OneWeb-0599                ,Success
2022-12-08,Falcon 9,Cape Canaveral,LEO,148.0,OneWeb-0600 ,Success
2022-12-08,Falcon 9,Cape Canaveral,LEO,148.0,OneWeb-0601 ,Failure
2022-12-08,Falcon 9,Cape Canaveral,LEO,148.0,OneWeb-0602 ,Success
2022-12-08,Falcon 9,Cape Canaveral,LEO,148.0,OneWeb-0603 ,Success
2022-12-08,Falcon 9,Cape Canaveral,LEO,148.0,OneWeb-0604 ,Success
2022-12-08,Falcon 9,Cape Canaveral,LEO,148.0,OneWeb-0605 ,Success
2022-12-08,Falcon 9,Cape Canaveral,LEO,148.0,OneWeb-0606 ,Success
2022-12-08,Falcon 9,Cape Canaveral,LEO,148.0,OneWeb-0607 ,Success
2022-12-08,Falcon 9,Cape Canaveral,LEO,148.0,OneWeb-0608 ,Success
2023-03-26,LVM3,Satish Dhawan Space Center,LEO,148.0,OneWeb-0609                ,Failure
2022-12-08,Falcon 9,Cape Canaveral,LEO,148.0,OneWeb-0610 ,Success
2022-12-08,Falcon 9,Cape Canaveral,LEO,148.0,OneWeb-0611 ,Success
2022-12-08,Falcon 9,Cape Canaveral,LEO,148.0,OneWeb-0612 ,Success
2023-03-26,LVM3,Satish Dhawan Space Center,LEO,148.0,OneWeb-0613                ,Success
2023-01-10,Falcon 9,Cape Canaveral,LEO,148.0,OneWeb-0614                ,Success
2022-12-08,Falcon 9,Cape Canaveral,LEO,148.0,OneWeb-0615 ,Success
2023-01-10,Falcon 9,Cape Canaveral,LEO,148.0,OneWeb-0616                ,Success
2023-01-10,Falcon 9,Cape Canaveral,LEO,148.0,OneWeb-0617                ,Success
2023-01-10,Falcon 9,Cape Canaveral,LEO,148.0,OneWeb-0618                ,Success
2023-01-10,Falcon 9,Cape Canaveral,LEO,148.0,OneWeb-0619                ,Failure
2023-01-10,Falcon 9,Cape Canaveral,LEO,148.0,OneWeb-0620                ,Success
2023-01-10,Falcon 9,Cape Canaveral,LEO,148.0,OneWeb-0621                ,Success
2023-01-10,Falcon 9,Cape Canaveral,LEO,148.0,OneWeb-0622                ,Success
2023-01-10,Falcon 9,Cape Canaveral,LEO,148.0,OneWeb-0623                ,Success
2023-01-10,Falcon 9,Cape Canaveral,LEO,148.0,OneWeb-0624                ,Success
2023-01-10,Falcon 9,Cape Canaveral,LEO,148.0,OneWeb-0625                ,Success
2023-01-10,Falcon 9,Cape Canaveral,LEO,148.0,OneWeb-0626                ,Success
2023-01-10,Falcon 9,Cape Canaveral,LEO,148.0,OneWeb-0627                ,Success
2023-01-10,Falcon 9,Cape Canaveral,LEO,148.0,OneWeb-0628                ,Success
2023-03-26,LVM3,Satish Dhawan Space Center,LEO,148.0,OneWeb-0630                ,Success
2023-03-26,LVM3,Satish Dhawan Space Center,LEO,148.0,OneWeb-0632                ,Success
2023-03-26,LVM3,Satish Dhawan Space Center,LEO,148.0,OneWeb-0633                ,Success
2023-03-26,LVM3,Satish Dhawan Space Center,LEO,148.0,OneWeb-0634                ,Success
2023-03-26,LVM3,Satish Dhawan Space Center,LEO,148.0,OneWeb-0635                ,Success
2023-03-26,LVM3,Satish Dhawan Space Center,LEO,148.0,OneWeb-0636                ,Success
2023-03-26,LVM3,Satish Dhawan Space Center,LEO,148.0,OneWeb-0637                ,Success
2023-03-09,Falcon 9,Cape Canaveral,LEO,148.0,OneWeb-0638                ,Success
2023-03-09,Falcon 9,Cape Canaveral,LEO,148.0,OneWeb-0639                ,Success
2023-03-09,Falcon 9,Cape Canaveral,LEO,148.0,OneWeb-0640                ,Success
2023-03-09,Falcon 9,Cape Canaveral,LEO,148.0,OneWeb-0641                ,Success
2023-03-09,Falcon 9,Cape Canaveral,LEO,148.0,OneWeb-0642                ,Success
2023-03-09,Falcon 9,Cape Canaveral,LEO,148.0,OneWeb-0643                ,Success
2023-03-09,Falcon 9,Cape Canaveral,LEO,148.0,OneWeb-0644                ,Success
2023-03-09,Falcon 9,Cape Canaveral,LEO,148.0,OneWeb-0645                ,Success
2023-03-09,Falcon 9,Cape Canaveral,LEO,148.0,OneWeb-0646                ,Success
2023-03-26,LVM3,Satish Dhawan Space Center,LEO,148.0,OneWeb-0647                ,Success
2023-03-09,Falcon 9,Cape Canaveral,LEO,148.0,OneWeb-0648                ,Failure
2023-03-09,Falcon 9,Cape Canaveral,LEO,148.0,OneWeb-0649                ,Success
2023-03-09,Falcon 9,Cape Canaveral,LEO,148.0,OneWeb-0650                ,Success
2023-03-26,LVM3,Satish Dhawan Space Center,LEO,148.0,OneWeb-0651                ,Success
2023-03-09,Falcon 9,Cape Canaveral,LEO,148.0,OneWeb-0652                ,Success
2023-03-09,Falcon 9,Cape Canaveral,LEO,148.0,OneWeb-0653                ,Success
2023-03-09,Falcon 9,Cape Canaveral,LEO,148.0,OneWeb-0654                ,Success
2022-12-08,Falcon 9,Cape Canaveral,LEO,148.0,OneWeb-0655 ,Success
2023-03-09,Falcon 9,Cape Canaveral,LEO,148.0,OneWeb-0656                ,Success
2023-03-09,Falcon 9,Cape Canaveral,LEO,148.0,OneWeb-0657                ,Success
2023-03-09,Falcon 9,Cape Canaveral,LEO,148.0,OneWeb-0658                ,Success
2022-12-08,Falcon 9,Cape Canaveral,LEO,148.0,OneWeb-0659 ,Success
2023-03-09,Falcon 9,Cape Canaveral,LEO,148.0,OneWeb-0660                ,Success
2023-03-09,Falcon 9,Cape Canaveral,LEO,148.0,OneWeb-0661                ,Success
2023-03-09,Falcon 9,Cape Canaveral,LEO,148.0,OneWeb-0662                ,Success
2023-03-09,Falcon 9,Cape Canaveral,LEO,148.0,OneWeb-0663                ,Success
2023-03-09,Falcon 9,Cape Canaveral,LEO,148.0,OneWeb-0664                ,Failure
2023-03-09,Falcon 9,Cape Canaveral,LEO,148.0,OneWeb-0665                ,Success
2023-03-09,Falcon 9,Cape Canaveral,LEO,148.0,OneWeb-0666                ,Success
2023-03-09,Falcon 9,Cape Canaveral,LEO,148.0,OneWeb-0667                ,Success
2023-03-09,Falcon 9,Cape Canaveral,LEO,148.0,OneWeb-0669                ,Failure
2023-03-09,Falcon 9,Cape Canaveral,LEO,148.0,OneWeb-0670                ,Success
2023-03-09,Falcon 9,Cape Canaveral,LEO,148.0,OneWeb-0671                ,Success
2022-12-08,Falcon 9,Cape Canaveral,LEO,148.0,OneWeb-0685 ,Success
2022-12-08,Falcon 9,Cape Canaveral,LEO,148.0,OneWeb-0712 ,Success
2022-12-08,Falcon 9,Cape Canaveral,LEO,148.0,OneWeb-0714 ,Success
2023-03-26,LVM3,Satish Dhawan Space Center,LEO,148.0,OneWeb-0718                ,Success
2013-11-21,Dnepr,Dombarovsky Air Base,LEO,3.0,OPTOS,Success
2017-08-01,Vega,Guiana Space Center,LEO,368.0,Optsat-3000,Success
2014-09-11,Ariane 5 ECA,Guiana Space Center,GEO,3270.0,Optus 10,Failure
2003-06-12,Ariane 5G,Guiana Space Center,GEO,4800.0,Optus and Defence C1 ,Success
2006-10-13,Ariane 5 ECA,Guiana Space Center,GEO,2300.0,Optus D1 ,Success
2007-10-05,Ariane 5,Guiana Space Center,GEO,2400.0,Optus D2,Success
2009-08-21,Ariane 5,Guiana Space Center,GEO,2501.0,Optus D3,Success
1997-12-23,Pegasus,Wallops Island Flight Facility,LEO,45.0,ORBCOMM FM-10 (ORBCOMM A2),Success
1997-12-23,Pegasus,Wallops Island Flight Facility,LEO,45.0,ORBCOMM FM-11 (ORBCOMM A3),Success
1997-12-23,Pegasus,Wallops Island Flight Facility,LEO,45.0,ORBCOMM FM-12 (ORBCOMM A4),Success
1998-08-02,Pegasus XL,Wallops Island Flight Facility,LEO,45.0,ORBCOMM FM-13 (ORBCOMM B1),Success
1998-08-02,Pegasus XL,Wallops Island Flight Facility,LEO,45.0,ORBCOMM FM-14 (ORBCOMM B2),Success
1998-08-02,Pegasus XL,Wallops Island Flight Facility,LEO,45.0,ORBCOMM FM-15 (ORBCOMM B3),Success
1998-08-02,Pegasus XL,Wallops Island Flight Facility,LEO,45.0,ORBCOMM FM-18 (ORBCOMM B6),Success
1998-08-02,Pegasus XL,Wallops Island Flight Facility,LEO,45.0,ORBCOMM FM-19 (ORBCOMM B7),Success
1998-08-02,Pegasus XL,Wallops Island Flight Facility,LEO,45.0,ORBCOMM FM-20 (ORBCOMM B8),Success
1998-09-23,Pegasus,Wallops Island Flight Facility,LEO,45.0,ORBCOMM FM-21 (ORBCOMM C1),Failure
1998-09-23,Pegasus,Wallops Island Flight Facility,LEO,45.0,ORBCOMM FM-23 (ORBCOMM C3),Success
1998-09-23,Pegasus,Wallops Island Flight Facility,LEO,45.0,ORBCOMM FM-27 (ORBCOMM C7),Success
1999-12-04,Pegasus XL,Wallops Island Flight Facility,LEO,45.0,ORBCOMM FM-30 (ORBCOMM D2),Success
1999-12-04,Pegasus XL,Wallops Island Flight Facility,LEO,45.0,ORBCOMM FM-31 (ORBCOMM D3),Success
1999-12-04,Pegasus XL,Wallops Island Flight Facility,LEO,45.0,ORBCOMM FM-32 (ORBCOMM D4),Success
1999-12-04,Pegasus XL,Wallops Island Flight Facility,LEO,45.0,ORBCOMM FM-35 (ORBCOMM D7),Success
1999-12-04,Pegasus XL,Wallops Island Flight Facility,LEO,45.0,ORBCOMM FM-36 (ORBCOMM D8),Success
1998-02-10,Taurus,Vandenberg AFB,LEO,45.0,ORBCOMM FM-4 (ORBCOMM G2),Success
1997-12-23,Pegasus,Wallops Island Flight Facility,LEO,45.0,ORBCOMM FM-5 (ORBCOMM A6),Success
1997-12-23,Pegasus,Wallops Island Flight Facility,LEO,45.0,ORBCOMM FM-6 (ORBCOMM A7),Success
1997-12-23,Pegasus,Wallops Island Flight Facility,LEO,45.0,ORBCOMM FM-7 (ORBCOMM A8),Success
1997-12-23,Pegasus,Wallops Island Flight Facility,LEO,45.0,ORBCOMM FM-8 (ORBCOMM A1),Success
1997-12-23,Pegasus,Wallops Island Flight Facility,LEO,45.0,ORBCOMM FM-9 (ORBCOMM A5),Success
2014-07-14,Falcon 9,Cape Canaveral,LEO,172.0,ORBCOMM OG2 FM-103,Failure
2014-07-14,Falcon 9,Cape Canaveral,LEO,172.0,ORBCOMM OG2 FM-107,Success
2015-12-22,Falcon 9,Cape Canaveral,LEO,172.0,ORBCOMM OG2 FM-108,Success
2014-07-14,Falcon 9,Cape Canaveral,LEO,172.0,ORBCOMM OG2 FM-109,Success
2015-12-22,Falcon 9,Cape Canaveral,LEO,172.0,ORBCOMM OG2 FM-110,Success
2015-12-22,Falcon 9,Cape Canaveral,LEO,172.0,ORBCOMM OG2 FM-112,Success
2015-12-22,Falcon 9,Cape Canaveral,LEO,172.0,ORBCOMM OG2 FM-113,Success
2015-12-22,Falcon 9,Cape Canaveral,LEO,172.0,ORBCOMM OG2 FM-114,Success
2015-12-22,Falcon 9,Cape Canaveral,LEO,172.0,ORBCOMM OG2 FM-115,Success
2015-12-22,Falcon 9,Cape Canaveral,LEO,172.0,ORBCOMM OG2 FM-116,Success
2015-12-22,Falcon 9,Cape Canaveral,LEO,172.0,ORBCOMM OG2 FM-117,Success
2015-12-22,Falcon 9,Cape Canaveral,LEO,172.0,ORBCOMM OG2 FM-118,Success
2018-12-03,Falcon 9,Vandenberg AFB,LEO,,Orbweaver-1,Success
2018-12-03,Falcon 9,Vandenberg AFB,LEO,,Orbweaver-2,Success
2019-08-08,SEOPS Slingshot deployer ,Cygnus,LEO,9.0,ORCA-2 ,Success
2021-02-20,SEOPS Slingshot deployer ,Cygnus,LEO,9.0,ORCA-6,Success
2021-02-20,SEOPS Slingshot deployer ,Cygnus,LEO,9.0,ORCA-7,Success
2022-03-15,Rocket 3.3,Kodiak Island,LEO,1.0,OreSat0,Success
2017-08-26,Minotaur 4,Cape Canaveral,LEO,140.0,"ORS-5 (Operationally Responsive Space-5, SensorSat)",Success
2019-06-25,Falcon Heavy,Cape Canaveral,LEO,138.0,OTB-1 (Orbital Test Bed 1),Success
2021-06-30,Falcon 9,Cape Canaveral,LEO,10.0,PACE-1 (Payload Accelerator for Cubesat Endeavors),Failure
2019-06-29,Electron,Rocket Lab Launch Complex 1,LEO,4.0,Painani-1,Success
2021-06-30,Falcon 9,Cape Canaveral,LEO,4.0,Painani-2,Success
2011-08-11,Long March 3B,Xichang Satellite Launch Center,GEO,5120.0,Paksat-1R ,Success
2018-07-09,Long March 2C,Jiuquan Satellite Launch Center,LEO,285.0,PakTES-1a,Success
2019-10-17,Electron,Rocket Lab Launch Complex 1,LEO,20.0,Palisade,Success
2009-09-08,Atlas 5,Cape Canaveral,GEO,,"PAN-1 (Nemesis, Palladium at Night, P360,  207)",Success
2022-01-13,LauncherOne,Virgin Orbit,LEO,4.0,PAN-A (Pathfinder for Autonomous Navigation A),Success
2022-01-13,LauncherOne,Virgin Orbit,LEO,4.0,PAN-B (Pathfinder for Autonomous Navigation B),Success
2019-06-25,Falcon Heavy,Cape Canaveral,Elliptical,6.0,ParkinsonSat-2 (Navy-Oscar-104),Success
2018-12-03,Falcon 9,Vandenberg AFB,LEO,20.0,"Pathfinder II (Sirion, Helios)",Success
2018-02-22,Falcon 9,Vandenberg AFB,LEO,1450.0,Paz,Success
2019-08-19,Electron,Rocket Lab Launch Complex 1,LEO,8.0,Pearl White 1,Success
2019-08-19,Electron,Rocket Lab Launch Complex 1,LEO,8.0,Pearl White 2,Success
2017-02-15,PSLV XL,Satish Dhawan Space Centre,LEO,10.0,PEASSS (PiezoElectric Assisted Small Satellite),Success
2014-06-19,Dnepr,Dombarovsky Air Base,LEO,6.0,Perseus M1,Success
2014-06-19,Dnepr,Dombarovsky Air Base,LEO,6.0,Perseus M2,Failure
2013-06-07,Soyuz-2.1b,Plesetsk Cosmodrome,LEO,7000.0,Persona-2 (Cosmos 2486),Success
2015-06-23,Soyuz-2.1b,Plesetsk Cosmodrome,LEO,7000.0,Persona-3 (Cosmos 2506),Success
2016-09-16,Vega,Guiana Space Center,LEO,430.0,Pert-1,Success
2021-03-22,Electron,Rocket Lab Launch Complex 1,LEO,20.0,Photon Pathstone,Failure
2020-09-02,Vega,Guiana Space Center,LEO,4.0,PICASSO (Pico-Satellite for Atmospheric and Space Science Observations),Success
2021-01-17,LauncherOne,FANTM-RAiL [Xtenti],LEO,1.0,PICS-1 (Passive Inspection CubeSat),Success
2021-01-17,LauncherOne,FANTM-RAiL [Xtenti],LEO,1.0,PICS-2 (Passive Inspection CubeSat),Success
2021-06-25,Soyuz 2.1b,Plesetsk Cosmodrome,LEO,6500.0,Pion-NKS 901 (Cosmos 2550) ,Success
2016-09-26,PSLV,Satish Dhawan Space Centre,LEO,6.0,PISAT ,Success
2021-01-24,Falcon 9,Cape Canaveral,LEO,5.0,PIXL-1 (Cube L),Success
2022-04-01,Falcon 9,Cape Canaveral,LEO,4.0,PlantSat,Success
2011-12-17,Soyuz-2/Fregat,Guiana Space Center,LEO,1000.0,Pléiades HR1A,Success
2012-12-02,Soyuz STA/Fregat,Guiana Space Center,LEO,970.0,Pléiades HR1B,Failure
2021-04-29,Vega,Guiana Space Center,LEO,920.0,Pléiades Neo 3,Success
2021-08-17,Vega,Guiana Space Center,LEO,920.0,Pléiades Neo 4,Failure
2023-04-15,Falcon 9,Vandenberg AFB,LEO,1.0,Pléiades Yearling,Failure
2018-12-03,Falcon 9,Vandenberg AFB,LEO,6.0,"Polar Scout A (Polar Scout 1, ORS-7, Yukon)",Success
2018-12-03,Falcon 9,Vandenberg AFB,LEO,6.0,"Polar Scout B (Polar Scout 2, ORS-7, Kodiak)",Success
2021-01-17,LauncherOne,FANTM-RAiL (Xtenti),LEO,4.0,PolarCube,Success
2014-06-19,Dnepr,Dombarovsky Air Base,LEO,1.0,PolyITAN-1,Success
2023-01-03,Falcon 9,Cape Canaveral,LEO,2.0,PolyITAN-HP-30,Success
2022-08-09,Soyuz,Baikonur Cosmodrome,LEO,5.0,Polytech Universe-1,Success
2022-08-09,Soyuz,Baikonur Cosmodrome,LEO,5.0,Polytech Universe-2,Success
2019-03-22,Vega,Guiana Space Center,LEO,550.0,PRISMA (PRecursore IperSpettrale della Missione Applicativa),Failure
2001-10-22,PSLV C3,Satish Dhawan Space Centre,LEO,100.0,Proba 1 (Project for On-Board Autonomy),Success
2009-11-02,Breeze KM,Plesetsk Cosmodrome,LEO,130.0,Proba 2 (Project for On-Board Autonomy),Success
2013-05-07,Vega,Guiana Space Center,LEO,140.0,Proba 5 (Project for On-Board Autonomy),Success
2016-11-11,Atlas 5,Vandenberg AFB,LEO,1.0,Prometheus 2.1 ,Success
2021-01-24,Falcon 9,Cape Canaveral,LEO,2.0,Prometheus 2.10,Success
2017-08-26,Minotaur 4,Cape Canaveral,LEO,1.0,Prometheus 2.3,Success
2015-10-08,Atlas 5,Cape Canaveral,LEO,1.0,PropCube-1 (PropCube Merryweather),Success
2015-10-08,Atlas 5,Cape Canaveral,LEO,1.0,PropCube-3 (PropCube Flora),Success
2019-06-25,Falcon Heavy,Cape Canaveral,LEO,70.0,Prox-1 (Nanosat 7),Success
2018-11-10,Electron,Rocket Lab Launch Complex 1,LEO,1.0,Proxima-1,Success
2018-11-10,Electron,Rocket Lab Launch Complex 1,LEO,1.0,Proxima-2,Success
2018-07-09,Long March 2C,Jiuquan Satellite Launch Center,LEO,1200.0,PRSS-1 (Pakistan Remote Sensing Satellite-1),Success
2021-01-24,Falcon 9,Cape Canaveral,LEO,9.0,PTD-1 (Pathfinder Technology Demonstrator-1),Success
2015-09-24,Long March 11,Jiuquan Satellite Launch Center,LEO,,Pujiang-1,Success
2022-03-29,Long March 6A,Taiyuan Launch Center,LEO,2000.0,Pujiang-2,Failure
2021-03-22,Soyuz-2.1a,Baikonur Cosmodrome,LEO,3.0,PUMBAA,Failure
2022-06-21,Nuri,Naro Space Center,LEO,163.0,PVSAT (Performance Verification Satellite),Success
2020-02-19,Nanorack Deployer,International Space Station,LEO,5.0,"QARMAN (Qubesat for Aerothermodynamic Research and Measurements on AblatioN, QB50 BE05)",Failure
2019-08-17,Jielong 1,Jiuquan Satellite Launch Center,LEO,65.0,Qiancheng-01,Success
2021-04-27,Long March 6,Taiyuan Launch Center,LEO,100.0,Qilu 1,Success
2023-01-15,Long March 2D,Taiyuan Launch Center,LEO,189.0,Qilu 2,Success
2023-01-15,Long March 2D,Taiyuan Launch Center,LEO,186.0,Qilu 3,Success
2021-04-27,Long March 6,Taiyuan Launch Center,LEO,100.0,Qilu 4,Success
2022-02-27,Long March 8,Wenchang Satellite Launch Center,LEO,19.0,Qimingxing-1 (Phospherus 1),Success
2021-06-30,Falcon 9,Cape Canaveral,LEO,1.0,QMR-KWT (Moon of Kuwait),Success
2019-12-11,PSLV,Satish Dhawan Space Centre,LEO,100.0,QPS-SAR 1 (Izanagi),Success
2021-01-24,Falcon 9/Sherpa FX,Cape Canaveral,LEO,100.0,QPS-SAR 2 (Izanami),Success
2014-11-06,Dnepr,Dombarovsky Air Base,LEO,49.0,Qsat-EOS (KYUshu SATellite - Earth Observation System),Failure
2016-08-15,Long March 2D,Jiuquan Satellite Launch Center,LEO,700.0,"Quantum Science Satellite (QSS, Micius, Mozi)",Success
2011-09-29,Proton M,Baikonur Cosmodrome,GEO,5514.0,QuetzSat-1,Success
2010-09-11,H2A,Tanegashima Space Center,GEO,4000.0,"QZS-1 (Quazi-Zenith Satellite System, Michibiki-1)",Failure
2021-10-26,H2A,Tanegashima Space Center,GEO,4100.0,"QZS-1R (Quazi-Zenith Satellite System, Michibiki Shogoki Kokei-ki)",Success
2017-05-31,H2A,Tanegashima Space Center,GEO,4000.0,"QZS-2 (Quazi-Zenith Satellite System, Michibiki-2)",Success
2017-08-19,H2A,Tanegashima Space Center,GEO,4000.0,"QZS-3 (Quazi-Zenith Satellite System, Michibiki-3)",Success
2017-10-09,H2A,Tanegashima Space Center,GEO,4000.0,"QZS-4 (Quazi-Zenith Satellite System, Michibiki-4)",Success
2020-06-13,Electron,Rocket Lab Launch Complex 1,LEO,9.0,RAAF M2 Pathfinder,Failure
2021-03-22,Electron,Rocket Lab Launch Complex 1,LEO,9.0,RAAF MS-A,Success
2007-12-14,Soyuz,Baikonur Cosmodrome,LEO,2924.0,Radarsat-2 ,Success
2021-08-17,Vega,Guiana Space Center,LEO,4.0,RadCube,Success
2017-11-18,Delta 2,Vandenberg AFB,LEO,4.0,RadFxSat (Fox-1),Success
2010-01-28,Proton M,Baikonur Cosmodrome,GEO,2500.0,Raduga 1-M2 (Raduga 1-9),Success
2013-11-11,Proton M,Baikonur Cosmodrome,GEO,2400.0,Raduga 1-M3 ,Success
2021-11-08,H2A,Uchinoura Space Center,LEO,110.0,RAISE-2 (Rapid Innovative Payload Demonstration Satellite 2),Success
2021-06-14,Nanorack Deployer,International Space Station,LEO,3.0,RAMSAT ,Success
2022-06-21,Nuri,Naro Space Center,LEO,4.0,RANDEV,Success
2018-12-03,Falcon 9,Vandenberg AFB,LEO,1.5,RANGE-A (Ranging and Nanosatellite Guidance Experiment),Success
2018-12-03,Falcon 9,Vandenberg AFB,LEO,2.0,RANGE-B (Ranging and Nanosatellite Guidance Experiment),Failure
2011-02-06,Minotaur 4,Vandenberg AFB,LEO,350.0,"Rapid Pathfinder Program (NROL-66,  225)",Success
2019-01-17,Epsilon,Uchinoura Space Center,LEO,200.0,RAPIS-1 (RAPid Innovative payload demonstration Satellite 1),Success
2011-08-17,Dnepr,Dombarovsky Air Base,LEO,113.0,RASAT,Success
2010-08-04,Ariane 5,Guiana Space Center,GEO,3050.0,Rascom-QAF 1R,Success
2016-11-11,Atlas 5,Vandenberg AFB,LEO,5.0,RAVAN (Radiometer Assessment using Vertically Aligned Nanotubes),Success
2019-06-12,Falcon 9,Vandenberg AFB,LEO,1430.0,RCM-1 (Radar Constellation Mission 1),Success
2019-06-12,Falcon 9,Vandenberg AFB,LEO,1430.0,RCM-2 (Radar Constellation Mission 2),Success
2019-06-12,Falcon 9,Vandenberg AFB,LEO,1430.0,RCM-3 (Radar Constellation Mission 3),Success
2018-11-29,PSLV,Satish Dhawan Space Centre,LEO,4.0,Reaktor Hello World,Success
2005-08-23,Dnepr,Baikonur Cosmodrome,LEO,70.0,Reimei (Innovative Technology Demonstration Experiment Satellite - INDEX),Success
2014-07-08,Soyuz-2.1b,Baikonur Cosmodrome,LEO,253.0,Relek (ICA-FC1),Success
2011-04-20,PSLV C16,Satish Dhawan Space Centre,LEO,1206.0,Resourcesat 2 (exactView-2),Success
2016-12-07,PSLV,Satish Dhawan Space Centre,LEO,1235.0,Resourcesat 2A,Success
2013-06-25,Soyuz-2.1b,Baikonur Cosmodrome,LEO,5900.0,Resurs-P1,Success
2014-12-26,Soyuz-2.1b,Baikonur Cosmodrome,LEO,5900.0,Resurs-P2,Success
2016-03-13,Soyuz-2.1b,Baikonur Cosmodrome,LEO,5900.0,Resurs-P3,Failure
2012-04-25,PSLV XL,Satish Dhawan Space Centre,LEO,1858.0,RISat-1 (Radar Imaging Satellite 1),Success
2019-05-22,PSLV,Satish Dhawan Space Centre,LEO,615.0,RISat-2B (Radar Imaging Satellite 2B),Success
2019-12-11,PSLV,Satish Dhawan Space Centre,LEO,628.0,RISat-2BR1 (Radar Imaging Satellite 2BR1),Success
2019-01-18,Epsilon,Uchinoura Space Center,LEO,59.0,RISESAT (Rapid International Scientific Experiment Satellite),Success
2014-05-24,H2A,Tanegashima Space Center,LEO,41.0,Rising-2,Success
2017-06-23,PSLV,Satish Dhawan Space Centre,LEO,5.0,Robusta-1B (Radiation on Bipolar Test for University Satellite Application),Success
2005-12-21,Kosmos 3M,Plesetsk Cosmodrome,LEO,225.0,"Rodnik (Cosmos 2416, Strela 3M)",Success
2008-05-23,Rokot,Plesetsk Cosmodrome,LEO,280.0,"Rodnik (Cosmos 2437, Strela 3M)",Success
2008-05-23,Rokot,Plesetsk Cosmodrome,LEO,280.0,"Rodnik (Cosmos 2438, Strela 3M)",Success
2008-05-23,Rokot,Plesetsk Cosmodrome,LEO,280.0,"Rodnik (Cosmos 2439, Strela 3M)",Failure
2009-07-06,Rokot,Plesetsk Cosmodrome,LEO,280.0,"Rodnik (Cosmos 2451, Strela 3M)",Success
2009-07-06,Rokot,Plesetsk Cosmodrome,LEO,280.0,"Rodnik (Cosmos 2453, Strela 3M)",Success
2010-09-08,Rokot,Plesetsk Cosmodrome,LEO,225.0,"Rodnik (Cosmos 2467, Strela 3M)",Success
2010-09-08,Rokot,Plesetsk Cosmodrome,LEO,225.0,"Rodnik (Cosmos 2468, Strela 3M)",Success
2012-07-28,Rokot,Plesetsk Cosmodrome,LEO,280.0,"Rodnik (Cosmos 2481, Strela 3M)",Success
2013-01-15,Rokot,Plesetsk Cosmodrome,LEO,250.0,"Rodnik (Cosmos 2482, Strela 3M)",Success
2013-01-15,Rokot,Plesetsk Cosmodrome,LEO,250.0,"Rodnik (Cosmos 2483, Strela 3M)",Success
2013-01-15,Rokot,Plesetsk Cosmodrome,LEO,250.0,"Rodnik (Cosmos 2484, Strela 3M)",Success
2013-12-25,Rokot,Plesetsk Cosmodrome,LEO,280.0,"Rodnik (Cosmos 2488, Strela 3M)",Success
2013-12-25,Rokot,Plesetsk Cosmodrome,LEO,280.0,"Rodnik (Cosmos 2489, Strela 3M)",Success
2013-12-25,Rokot,Plesetsk Cosmodrome,LEO,280.0,"Rodnik (Cosmos 2490, Strela 3M)",Success
2014-05-23,Rokot,Plesetsk Cosmodrome,LEO,280.0,"Rodnik (Cosmos 2496, Strela 3M)",Success
2014-05-23,Rokot,Plesetsk Cosmodrome,LEO,280.0,"Rodnik (Cosmos 2497, Strela 3M)",Failure
2014-05-23,Rokot,Plesetsk Cosmodrome,LEO,280.0,"Rodnik (Cosmos 2498, Strela 3M)",Success
2015-09-23,Rokot,Plesetsk Cosmodrome,LEO,280.0,"Rodnik (Cosmos 2507, Strela 3M)",Success
2015-09-23,Rokot,Plesetsk Cosmodrome,LEO,280.0,"Rodnik (Cosmos 2508, Strela 3M)",Success
2015-09-23,Rokot,Plesetsk Cosmodrome,LEO,280.0,"Rodnik (Cosmos 2509, Strela 3M)",Success
2018-10-30,Rokot,Plesetsk Cosmodrome,LEO,280.0,"Rodnik (Cosmos 2530, Strela 3M)",Success
2018-10-30,Rokot,Plesetsk Cosmodrome,LEO,280.0,"Rodnik (Cosmos 2531, Strela 3M)",Success
2018-10-30,Rokot,Plesetsk Cosmodrome,LEO,280.0,"Rodnik (Cosmos 2532, Strela 3M)",Success
2023-04-15,Falcon 9,Vandenberg AFB,LEO,1.0,RoseyCubesat-1   ,Success
2021-03-24,Long March 2C,Jiuquan Satellite Launch Center,LEO,300.0,RSW-1 01 (Ronghe Shiyan Weixing 1),Success
2021-03-24,Long March 2C,Jiuquan Satellite Launch Center,LEO,300.0,RSW-1 02 (Ronghe Shiyan Weixing 2),Success
2000-08-09,Soyuz,Baikonur Cosmodrome,Elliptical,1200.0,"Rumba (part of Cluster quartet, Cluster 2 FM5)",Success
2018-01-31,Soyuz-2.1a,Vostochny Cosmodrome,LEO,8.5,S-Net-1,Success
2018-01-31,Soyuz-2.1a,Vostochny Cosmodrome,LEO,8.5,S-Net-2,Success
2018-01-31,Soyuz-2.1a,Vostochny Cosmodrome,LEO,9.0,S-Net-3,Success
2018-01-31,Soyuz-2.1a,Vostochny Cosmodrome,LEO,9.0,S-Net-4,Success
2021-02-28,PSLV,Satish Dhawan Space Centre,LEO,3.0,SAI NanoConnect 2,Failure
2000-07-16,Soyuz,Baikonur Cosmodrome,Elliptical,1200.0,"Salsa (part of Cluster quartet, Cluster 2 FM6)",Success
2020-09-28,Soyuz-2.1b,Plesetsk Cosmodrome,LEO,12.0,SALSAT (Spectrum AnaLysis Satellite),Success
2000-07-16,Soyuz,Baikonur Cosmodrome,Elliptical,1200.0,"Samba (part of Cluster quartet, Cluster 2 FM7)",Success
2022-01-13,Falcon 9,Cape Canaveral,LEO,0.5,Sanosat-1,Success
2018-10-07,Falcon 9,Vandenberg AFB,LEO,1650.0,SAOCOM-1A (Satélite Argentino de Observación Con Microondas),Success
2020-08-31,Falcon 9,Cape Canaveral,LEO,3050.0,SAOCOM-1B (Satélite Argentino de Observación Con Microondas),Success
2023-04-15,Falcon 9,Vandenberg AFB,LEO,1.0,Sapling Giganteum (Sapling-2),Success
2013-02-25,PSLV,Satish Dhawan Space Centre,LEO,148.0,Sapphire (Space Surveillance Mission of Canada),Success
2006-12-19,Kosmos 3M,Plesetsk Cosmodrome,LEO,770.0,SAR-Lupe 1,Success
2007-07-02,Kosmos 3M,Plesetsk Cosmodrome,LEO,770.0,SAR-Lupe 2,Failure
2007-11-01,Kosmos 3M,Plesetsk Cosmodrome,LEO,770.0,SAR-Lupe 3,Success
2008-03-27,Kosmos 3M,Plesetsk Cosmodrome,LEO,770.0,SAR-Lupe 4,Success
2008-07-22,Kosmos 3M,Plesetsk Cosmodrome,LEO,770.0,SAR-Lupe 5,Success
2022-06-18,Falcon 9,Vandenberg AFB,LEO,4000.0,SARah-1,Success
2013-02-25,PSLV,Satish Dhawan Space Centre,LEO,407.0,SARAL (Satellite with ARGOS and ALTIKA),Failure
2021-03-22,Soyuz-2.1a,Baikonur Cosmodrome,LEO,4.0,Sateliot Enxaneta (3B5GSAT),Success
2023-04-15,Falcon 9,Vandenberg AFB,LEO,4.0,Sateliot-0,Success
2022-01-13,Falcon 9,Cape Canaveral,LEO,0.5,SATTLA-2B,Success
2004-06-29,Dnepr,Baikonur Cosmodrome,LEO,12.0,Saudicomsat-1,Success
2004-06-29,Dnepr,Baikonur Cosmodrome,LEO,12.0,Saudicomsat-2 ,Success
2007-04-17,Dnepr,Baikonur Cosmodrome,LEO,12.0,Saudicomsat-3,Success
2007-04-17,Dnepr,Baikonur Cosmodrome,LEO,12.0,Saudicomsat-4,Failure
2007-04-17,Dnepr,Baikonur Cosmodrome,LEO,12.0,Saudicomsat-5,Failure
2007-04-17,Dnepr,Baikonur Cosmodrome,LEO,12.0,Saudicomsat-6,Success
2007-04-17,Dnepr,Baikonur Cosmodrome,LEO,12.0,Saudicomsat-7,Success
2002-12-20,Dnepr,Baikonur Cosmodrome,LEO,10.0,"Saudisat-1C (Oscar 50, SO 50)",Failure
2004-06-29,Dnepr,Baikonur Cosmodrome,LEO,35.0,Saudisat-2 ,Success
2007-04-17,Dnepr,Baikonur Cosmodrome,LEO,200.0,Saudisat-3 ,Success
2018-12-07,Long March 2D,Jiuquan Satellite Launch Center,LEO,425.0,Saudisat-5A,Failure
2018-12-07,Long March 2D,Jiuquan Satellite Launch Center,LEO,425.0,Saudisat-5B,Success
2005-02-03,Atlas 3B,Cape Canaveral,LEO,5000.0,"SB-WASS 3-3 (Space Based Wide Area Surveillance System) (NOSS 3-3, USA 181, NRO L23, Intruder) ",Failure
2005-02-03,Atlas 3B,Cape Canaveral,LEO,5000.0,"SB-WASS 3-3 (Space Based Wide Area Surveillance System) (NOSS 3-3, USA 181, NRO L23, Intruder) ",Success
2007-06-15,Atlas 5,Cape Canaveral,LEO,5000.0,"SB-WASS 3-4 (Space Based Wide Area Surveillance System) NOSS 3-4, USA 194, NRO L30, Intruder)",Success
2007-06-15,Atlas 5,Cape Canaveral,LEO,5000.0,"SB-WASS 3-4 (Space Based Wide Area Surveillance System) NOSS 3-4, USA 194, NRO L30, Intruder)",Success
2011-04-15,Atlas 5,Vandenberg AFB,LEO,,"SB-WASS 3-5 (Space Based Wide Area Surveillance System) NOSS 3-5, USA 229, NRO L34, Intruder)",Success
2011-04-15,Atlas 5,Vandenberg AFB,LEO,5000.0,"SB-WASS 3-5 (Space Based Wide Area Surveillance System) NOSS 3-5, USA 229, NRO L34, Intruder)",Success
2012-09-13,Atlas 5,Vandenberg AFB,LEO,6500.0,"SB-WASS 3-6 (Space Based Wide Area Surveillance System) NOSS 3-6, USA 238, NRO L36, Intruder)",Success
2012-09-13,Atlas 5,Vandenberg AFB,LEO,6500.0,"SB-WASS 3-6 (Space Based Wide Area Surveillance System) NOSS 3-6, USA 238, NRO L36, Intruder)",Success
2015-10-08,Atlas 5,Vandenberg AFB,LEO,6500.0,"SB-WASS 3-7 (Space Based Wide Area Surveillance System) NOSS 3-7, USA 264, NRO L55, Intruder)",Success
2015-10-08,Atlas 5,Vandenberg AFB,LEO,6500.0,"SB-WASS 3-7 (Space Based Wide Area Surveillance System) NOSS 3-7, USA 264, NRO L55, Intruder)",Success
2017-03-01,Atlas 5,Vandenberg AFB,LEO,6500.0,"SB-WASS 3-8 (Space Based Wide Area Surveillance System) NOSS 3-8, USA 274, NRO L79, Intruder)",Success
2017-03-01,Atlas 5,Vandenberg AFB,LEO,6500.0,"SB-WASS 3-8 (Space Based Wide Area Surveillance System) NOSS 3-8, USA 274, NRO L79, Intruder)",Success
2011-05-07,Atlas 5,Cape Canaveral,GEO,4500.0,"SBIRS GEO 1 (Space Based Infrared System Geosynchronous 1, USA 230)",Success
2013-03-19,Atlas 5,Cape Canaveral,GEO,4500.0,"SBIRS GEO 2 (Space Based Infrared System Geosynchronous 2, USA 241)",Success
2017-01-20,Atlas 5,Cape Canaveral,GEO,4500.0,"SBIRS GEO 3 (Space Based Infrared System Geosynchronous 3, USA 273)",Success
2018-01-19,Atlas 5,Cape Canaveral,GEO,4500.0,"SBIRS GEO 4 (Space Based Infrared System Geosynchronous 4, USA 282)",Success
2021-05-18,Atlas 5,Cape Canaveral,GEO,4850.0,"SBIRS GEO 5 (Space Based Infrared System Geosynchronous 5, USA 315)",Success
2022-08-04,Atlas 5,Cape Canaveral,GEO,4850.0,"SBIRS GEO 6 (Space Based Infrared System Geosynchronous 6, USA 336)",Success
2010-09-26,Minotaur 4,Vandenberg AFB,LEO,1031.0,"SBSS-1 (Space Based Space Surveillance Satellite, SBSS Block 10 SV1, USA 216)",Success
2016-09-26,PSLV,Satish Dhawan Space Centre,LEO,371.0,ScatSat-1,Failure
1993-02-09,Pegasus,Cape Canaveral,LEO,110.0,SCD-1 (Satélite de Coleta de Dados),Success
1998-10-23,Pegasus,Cape Canaveral,LEO,110.0,SCD-2 (Satélite de Coleta de Dados),Success
2003-08-12,Pegasus XL,Vandenberg AFB,LEO,150.0,Scisat-1 (Atmospheric Chemistry Experiment),Success
2021-11-05,Long March 6,Taiyuan Launch Center,LEO,500.0,SDGSAT 1 (Sustainable Development Science Satellite 1),Success
2010-02-11,Atlas 5,Cape Canaveral,GEO,3100.0,SDO (Solar Dynamics Observatory),Success
2004-08-31,Atlas 2AS,Cape Canaveral,Elliptical,,"SDS III-4 (Satellite Data System) (NRO L-1, USA 179, Quasar) ",Success
2007-12-10,Atlas 5,Cape Canaveral,Elliptical,,"SDS III-5 (Satellite Data System) (NRO L-24, USA 198, Quasar) ",Success
2011-03-02,Delta 4,Cape Canaveral,GEO,,"SDS III-6 (Satellite Data System) NRO L-27, USA 227, Quasar)",Success
2012-06-20,Atlas 5,Cape Canaveral,GEO,,"SDS III-7 (Satellite Data System) NRO L-38, USA 236, Quasar)",Failure
2014-05-22,Atlas 5,Cape Canaveral,GEO,,"SDS III-8 (Satellite Data System) NRO L-33, USA 252, Quasar)",Success
2016-07-28,Atlas 5,Cape Canaveral,GEO,,"SDS IV-1 (Satellite Data System, NRO L-61, USA 269, Quasar)",Success
2017-10-15,Atlas 5,Cape Canaveral,GEO,,"SDS IV-2 (Satellite Data System, NRO L-62, USA 279, Quasar)",Success
2012-05-17,H2A,Tanegashima Space Center,LEO,50.0,SDS-4 (Small Demonstration Satellite-4),Success
2018-12-03,Falcon 9,Vandenberg AFB,LEO,4.0,Seahawk-1,Success
2008-04-28,PSLV C9,Satish Dhawan Space Centre,LEO,3.0,SEEDS 2,Success
2018-12-03,Falcon 9,Vandenberg AFB,LEO,25.0,SeeMe (Space Enabled Effects for Military Engagements satellite),Success
2014-04-03,Soyuz,Guiana Space Center,LEO,2300.0,Sentinel 1A,Success
2016-04-25,Soyuz-2.1a,Guiana Space Center,LEO,2300.0,Sentinel 1B,Success
2015-06-23,Vega,Guiana Space Center,LEO,1130.0,Sentinel 2A,Success
2017-03-06,Vega,Guiana Space Center,LEO,1130.0,Sentinel 2B,Success
2016-02-16,Rokot,Plesetsk Cosmodrome,LEO,2300.0,Sentinel 3A,Failure
2018-04-25,Rokot,Plesetsk Cosmodrome,LEO,2300.0,Sentinel 3B,Success
2017-10-13,Rokot,Plesetsk Cosmodrome,LEO,820.0,Sentinel 5P (Sentinel 5 Precursor),Success
2020-11-21,Falcon 9,Vandenberg AFB,LEO,1192.0,Sentinel 6 (Michael Freilich),Success
2010-04-24,Proton M,Baikonur Cosmodrome,GEO,,SES-1 (AMC-4R),Success
2017-03-30,Falcon 9,Cape Canaveral,GEO,5271.0,SES-10,Success
2017-10-11,Falcon 9,Cape Canaveral,GEO,5200.0,SES-11/EchoStar 105,Success
2018-06-04,Falcon 9,Cape Canaveral,GEO,5300.0,SES-12,Success
2018-01-25,Ariane 5,Guiana Space Center,GEO,4423.0,SES-14,Failure
2017-05-18,Soyuz,Guiana Space Center,GEO,,SES-15,Success
2021-10-24,Ariane 5,Guiana Space Center,GEO,6411.0,SES-17,Success
2023-03-17,Falcon 9,Cape Canaveral,GEO,3605.0,SES-18,Success
2023-03-17,Falcon 9,Cape Canaveral,GEO,3650.0,SES-19,Success
2011-09-21,Ariane 5 ECA,Guiana Space Center,GEO,3200.0,SES-2,Success
2022-10-04,Atlas 5,Cape Canaveral,GEO,1600.0,SES-20,Success
2022-10-04,Atlas 5,Cape Canaveral,GEO,1600.0,SES-21,Success
2022-06-29,Falcon 9,Cape Canaveral,GEO,3500.0,SES-22,Success
2011-07-15,Proton M,Baikonur Cosmodrome,GEO,3112.0,SES-3,Success
2012-02-14,Proton M,Baikonur Cosmodrome,GEO,,SES-4,Success
2012-07-09,Proton M,Baikonur Cosmodrome,GEO,6007.0,"SES-5 (Sirius 5, Astra 4B)",Success
2013-06-03,Proton M,Baikonur Cosmodrome,GEO,6140.0,SES-6,Success
2009-05-16,Breeze M,Baikonur Cosmodrome,GEO,4007.0,"SES-7 (Protostar 2, Indostar 2)",Success
2013-12-03,Falcon 9,Cape Canaveral,GEO,3138.0,SES-8,Failure
2016-03-04,Falcon 9,Cape Canaveral,GEO,5271.0,SES-9,Success
2017-05-04,Ariane 5,Guiana Space Center,GEO,5735.0,SGDC (Geostationary Satellite for Communications and Defense),Success
2018-02-02,Long March 2D,Jiuquan Satellite Launch Center,LEO,3.0,Shaonian Xing (Youth Star),Success
2018-12-16,Electron,Rocket Lab Launch Complex 1,LEO,5.0,"SHFT (Space-based High Frequency Testbed, Georgen)",Success
2018-12-16,Electron,Rocket Lab Launch Complex 1,LEO,4.0,Shields 1,Success
2009-11-12,Long March 2C,Jiuquan Satellite Launch Center,LEO,,Shijian 11-01 (SJ-11-01),Success
2011-07-29,Long March 2C,Jiuquan Satellite Launch Center,LEO,,Shijian 11-02 (SJ-11-02),Success
2011-07-06,Long March 2C,Jiuquan Satellite Launch Center,LEO,,Shijian 11-03 (SJ-11-03),Success
2013-07-15,Long March 2C,Jiuquan Satellite Launch Center,LEO,,Shijian 11-05 (SJ-11-05),Success
2014-03-31,Long March 2C,Jiuquan Satellite Launch Center,LEO,,Shijian 11-06 (SJ-11-06),Success
2014-09-28,Long March 2C,Jiuquan Satellite Launch Center,LEO,,Shijian 11-07 (SJ-11-07),Success
2014-10-27,Long March 2C,Jiuquan Satellite Launch Center,LEO,,Shijian 11-08 (SJ-11-08),Success
2010-06-15,Long March 2D,Jiuquan Satellite Launch Center,LEO,,Shijian 12 (SJ-12),Success
2017-04-12,Long March 3B,Xichang Satellite Launch Center,GEO,4600.0,Shijian 13 (SJ-13),Success
2013-07-19,Long March 3C,Taiyuan Launch Center,LEO,,Shijian 15 (SJ-15),Success
2013-10-25,Long March 4B,Jiuquan Satellite Launch Center,LEO,,Shijian 16-01 (SJ-16),Success
2016-06-29,Long March 4B,Jiuquan Satellite Launch Center,LEO,,Shijian 16-02,Success
2016-11-03,Long March 5,Wenchang Satellite Launch Center,GEO,3800.0,Shijian 17,Success
2019-12-27,Long March 5,Wenchang Satellite Launch Center,GEO,7600.0,Shijian 20,Success
2021-10-24,Long March 3B,Xichang Satellite Launch Center,GEO,5000.0,Shijian 21,Success
2021-10-10,Long March 4B,Jiuquan Satellite Launch Center,LEO,,Shijian 6-05A,Success
2021-10-10,Long March 4B,Jiuquan Satellite Launch Center,LEO,,Shijian 6-05B,Success
2004-09-08,Long March 4B,Taiyuan Launch Center,LEO,,"Shijian 6A (SJ-6A, Dong Fang Hong 60)",Success
2004-09-08,Long March 4B,Taiyuan Launch Center,LEO,,Shijian 6B (SJ-6B),Failure
2006-10-23,Long March 4B,Taiyuan Launch Center,LEO,,Shijian 6C (SJ-6-02A),Success
2006-10-23,Long March 4B,Taiyuan Launch Center,LEO,,Shijian 6D (SJ-6-02B),Success
2008-10-25,Long March 4B,Taiyuan Launch Center,LEO,,"Shijian 6E (SJ6-03A, SJ-6E)",Success
2008-10-25,Long March 4B,Taiyuan Launch Center,LEO,,"Shijian 6F (SJ6-03B, SJ-6F)",Success
2010-10-06,Long March 4B,Taiyuan Launch Center,LEO,,Shijian 6G (SJ6-04A),Failure
2010-10-06,Long March 4B,Taiyuan Launch Center,LEO,,Shijian 6H (SJ6_04B),Success
2005-07-05,Long March 2D,Jiuquan Satellite Launch Center,LEO,,"Shijian 7 (SJ7, Dong Fang Hong 65)",Success
2012-10-14,Long March 2C,Taiyuan Launch Center,LEO,,Shijian 9A (SJ 9A),Success
2012-10-14,Long March 2C,Taiyuan Launch Center,LEO,,Shijian 9B (SJ 9B),Success
2004-04-18,Long March 2C,Xichang Satellite Launch Center,LEO,204.0,"Shiyan 1 (SY 1, Tansuo 1, Experimental Satellite 1)",Success
2021-11-24,Kuaizhou 1A ,Jiuquan Satellite Launch Center,LEO,200.0,"Shiyan 11 (SY11, Experimental Satellite 11)",Success
2021-12-23,Long March 7A,Wenchang Satellite Launch Center,GEO,3000.0,Shiyan 12-01,Failure
2021-12-23,Long March 7A,Wenchang Satellite Launch Center,GEO,3000.0,Shiyan 12-02,Success
2022-01-17,Long March 2D,Taiyuan Launch Center,LEO,500.0,Shiyan 13,Success
2022-09-24,Kuaizhou 1A ,Taiyuan Launch Center,LEO,100.0,Shiyan 14,Success
2022-09-24,Kuaizhou 1A ,Taiyuan Launch Center,LEO,100.0,Shiyan 15,Success
2022-09-27,Long March 6,Taiyuan Launch Center,LEO,,Shiyan 16A,Success
2022-09-27,Long March 6,Taiyuan Launch Center,LEO,,Shiyan 16B,Success
2022-09-27,Long March 6,Taiyuan Launch Center,LEO,,Shiyan 17,Success
2023-03-15,Long March 11,Jiuquan Satellite Launch Center,LEO,100.0,Shiyan 19,Success
2023-01-13,Long March 2D,Jiuquan Satellite Launch Center,LEO,100.0,Shiyan 22A,Success
2023-01-13,Long March 2D,Jiuquan Satellite Launch Center,LEO,100.0,Shiyan 22B,Success
2008-11-05,Long March 2D,Jiuquan Satellite Launch Center,LEO,300.0,"Shiyan 3 (SY3, Experimental Satellite 3)",Success
2011-11-20,Long March 2D,Jiuquan Satellite Launch Center,LEO,300.0,"Shiyan 4 (SY4, Experimental Satellite 4)",Success
2013-11-25,Long March 2D,Jiuquan Satellite Launch Center,LEO,204.0,"Shiyan 5 (SY5, Experimental Satellite 5)",Success
2018-11-19,Long March 2D,Jiuquan Satellite Launch Center,LEO,,"Shiyan 6-01 (SY6-01, Experimental Satellite 6-01)",Success
2020-07-04,Long March 2D,Jiuquan Satellite Launch Center,LEO,,"Shiyan 6-02 (SY6-02, Experimental Satellite 6-02)",Success
2021-04-08,Long March 4B,Taiyuan Launch Center,LEO,1500.0,"Shiyan 6-03 (SY6-03, Experimental Satellite 6-03)",Success
2013-07-19,Long March 4C,Taiyuan Launch Center,LEO,,"Shiyan 7 (SY7, Experimental Satellite 7)",Success
2021-03-12,Long March 7A,Wenchang Satellite Launch Center,GEO,5000.0,"Shiyan 9 (SY9, Experimental Satellite 9)",Success
2022-01-13,Falcon 9,Cape Canaveral,LEO,170.0,Sich-2-1 (Sich 2-30),Success
2001-02-07,Ariane 44L,Guiana Space Center,GEO,2596.0,Sicral 1A ,Failure
2009-04-20,Zenit 3SL,Sea Launch Odyssey,GEO,3038.0,Sicral 1B,Success
2015-04-26,Ariane 5,Guiana Space Center,GEO,4400.0,Sicral 2/Syracuse 3C,Success
2020-09-02,Vega,Guiana Space Center,LEO,6.0,SIMBA (Sun-earth IMBAlance),Success
2015-10-08,Atlas 5,Cape Canaveral,LEO,2.0,SINOD D-1,Success
2015-10-08,Atlas 5,Cape Canaveral,LEO,2.0,SINOD D-3,Success
2010-09-04,Long March 3B,Xichang Satellite Launch Center,GEO,5000.0,"Sinosat-6 (Chinasat-6A, XN-6)",Success
2000-06-30,Proton K,Baikonur Cosmodrome,Elliptical,3727.0,Sirius 1 (SD Radio 1),Success
2000-09-05,Proton K,Baikonur Cosmodrome,Elliptical,3792.0,Sirius 2 (SD Radio 2),Failure
2000-11-30,Proton K,Baikonur Cosmodrome,Elliptical,3727.0,Sirius 3 (SD Radio 3),Failure
2007-11-17,Proton M,Baikonur Cosmodrome,GEO,4400.0,Sirius 4 (Astra 4A),Success
2009-06-30,Proton M,Baikonur Cosmodrome,GEO,5800.0,Sirius FM-5,Success
2013-10-25,Proton M,Baikonur Cosmodrome,GEO,6020.0,Sirius FM-6,Success
2005-03-01,Zenit 3SL,Sea Launch Odyssey,GEO,4703.0,Sirius XM-3 (Rhythm),Success
2006-10-30,Zenit 3SL,Sea Launch Odyssey,GEO,5193.0,Sirius XM-4 (Blues),Success
2010-10-14,Proton M,Baikonur Cosmodrome,GEO,5983.0,Sirius XM-5,Success
2021-06-06,Falcon 9,Cape Canaveral,GEO,7000.0,Sirius XM-8,Success
2022-04-29,Long March 2C,Jiuquan Satellite Launch Center,LEO,540.0,Siwei 01 (SuperView Neo 1-01),Success
2022-04-29,Long March 2C,Jiuquan Satellite Launch Center,LEO,540.0,Siwei 02 (SuperView Neo 1-02),Success
2022-07-15,Long March 2C,Taiyuan Launch Center,LEO,600.0,Siwei Gaojing 2-01 ,Success
2022-07-15,Long March 2C,Taiyuan Launch Center,LEO,600.0,Siwei Gaojing 2-02 ,Success
2015-05-27,Ariane 5 ECA,Guiana Space Center,GEO,3180.0,Sky Mexico-1,Success
2015-09-30,Ariane 5 ECA,Guiana Space Center,GEO,6440.0,Sky Muster 1 (NBN-1A),Success
2016-10-05,Ariane 5,Guiana Space Center,GEO,6405.0,Sky Muster 2 (NBN-1B),Success
2017-02-14,Ariane 5 ECA,Guiana Space Center,GEO,6000.0,SkyBrasil-1 (Intelsat 32E),Success
2023-01-03,Falcon 9,Cape Canaveral,LEO,50.0,Skykraft 1A,Success
2023-01-03,Falcon 9,Cape Canaveral,LEO,50.0,Skykraft 1B,Success
2023-01-03,Falcon 9,Cape Canaveral,LEO,50.0,Skykraft 1C,Success
2023-01-03,Falcon 9,Cape Canaveral,LEO,50.0,Skykraft 1D,Failure
2023-01-03,Falcon 9,Cape Canaveral,LEO,100.0,Skykraft Carrier 1,Success
1990-08-30,Ariane 44LP,Guiana Space Center,GEO,1474.0,Skynet 4C ,Success
1999-02-26,Ariane 44L,Guiana Space Center,GEO,1510.0,Skynet 4E ,Success
2007-03-11,Ariane 5 ECA,Guiana Space Center,GEO,4700.0,Skynet 5A,Success
2007-11-14,Ariane 5,Guiana Space Center,GEO,4635.0,Skynet 5B,Success
2008-06-12,Ariane 5 ECA,Guiana Space Center,GEO,4600.0,Skynet 5C,Success
2012-12-19,Ariane 5 ECA,Guiana Space Center,GEO,4638.0,Skynet 5D,Success
2013-11-21,Dnepr,Dombarovsky Air Base,LEO,,SkySat-1 (S1),Success
2017-10-31,Minotaur-C,Vandenberg AFB,LEO,110.0,"SkySat-10 (SkySat C8, S108)",Success
2017-10-31,Minotaur-C,Vandenberg AFB,LEO,110.0,"SkySat-11 (SkySat C9, S109)",Success
2017-10-31,Minotaur-C,Vandenberg AFB,LEO,110.0,"SkySat-12 (SkySat C10, S110)",Success
2017-10-31,Minotaur-C,Vandenberg AFB,LEO,110.0,"SkySat-13 (SkySat C11, S111)",Success
2018-12-03,Falcon 9,Vandenberg AFB,LEO,100.0,"SkySat-14 (SkySat C12, S112)",Failure
2018-12-03,Falcon 9,Vandenberg AFB,LEO,100.0,"SkySat-15 (SkySat C13, S113)",Success
2020-06-13,Falcon 9,Cape Canaveral,LEO,100.0,SkySat-16 (SkySat C14),Success
2020-06-13,Falcon 9,Cape Canaveral,LEO,100.0,SkySat-17 (SkySat C15),Success
2020-06-13,Falcon 9,Cape Canaveral,LEO,100.0,SkySat-18 (SkySat C16),Success
2020-08-18,Falcon 9,Cape Canaveral,LEO,110.0,SkySat-19 (SkySat C17),Success
2014-07-08,Soyuz-2.1b,Baikonur Cosmodrome,LEO,90.0,"SkySat-2 (B, S2)",Success
2020-08-18,Falcon 9,Cape Canaveral,LEO,110.0,SkySat-20 (SkySat C18),Success
2020-08-18,Falcon 9,Cape Canaveral,LEO,110.0,SkySat-21 (SkySat C19),Success
2016-06-22,PSLV XL,Satish Dhawan Space Centre,LEO,110.0,"SkySat-3 (SkySat Gen 2-1, Skysat C1, S3)",Success
2016-09-16,Vega,Guiana Space Center,LEO,110.0,"SkySat-4 (SkySat C4, S104)",Success
2016-09-16,Vega,Guiana Space Center,LEO,110.0,"SkySat-5 (SkySat C5, S105)",Success
2016-09-16,Vega,Guiana Space Center,LEO,110.0,"SkySat-6 (SkySat C2, S4)",Success
2016-09-16,Vega,Guiana Space Center,LEO,110.0,"SkySat-7 (SkySat C3, S103)",Success
2017-10-31,Minotaur-C,Vandenberg AFB,LEO,110.0,"SkySat-8 (SkySat C6, S106)",Success
2017-10-31,Minotaur-C,Vandenberg AFB,LEO,110.0,"SkySat-9 (SkySat C7, S107)",Failure
2010-11-14,Breeze M,Baikonur Cosmodrome,GEO,5360.0,SkyTerra 1,Success
1996-05-12,Titan IV,Vandenberg AFB,Elliptical,,SLDCOM-3 (Satellite Launch Dispenser Communications System) (USA 119),Success
2015-01-31,Delta 2,Vandenberg AFB,LEO,,SMAP (Soil Moisture Active Passive Satellite),Success
2012-09-13,Atlas 5,Vandenberg AFB,LEO,4.5,SMDC-ONE 1.1 (Techsat),Success
2012-09-13,Atlas 5,Vandenberg AFB,LEO,3.0,SMDC-ONE 1.2 (ORSES [Operationally Responsive Space Enabler Satellite]),Success
2013-12-06,Atlas 5,Vandenberg AFB,LEO,5.0,SMDC-ONE 2.3,Success
2013-12-06,Atlas 5,Vandenberg AFB,LEO,5.0,SMDC-ONE 2.4,Success
2009-11-02,Breeze KM,Plesetsk Cosmodrome,LEO,658.0,SMOS (Soil Moisture and Ocean Salinity satellite),Success
2015-10-08,Atlas 5,Cape Canaveral,LEO,4.5,SNaP-3 Alice,Success
2015-10-08,Atlas 5,Cape Canaveral,LEO,5.0,SNaP-3 Eddie,Success
2015-10-08,Atlas 5,Cape Canaveral,LEO,5.0,SNaP-3 Jimi,Success
2013-12-06,Atlas 5,Vandenberg AFB,LEO,,SNaP-3-1  (Space and Missile Defense Command NanoSat Program),Success
2022-06-21,Nuri,Naro Space Center,LEO,4.0,SNUGLITE 2,Success
2014-05-24,H2A,Tanegashima Space Center,LEO,48.0,SOCRATES  (Space Optical Communications Research Advanced TEchnology Satellite),Success
2009-01-23,H2A,Tanegashima Space Center,LEO,50.0,"SOHLA 1 (Space Oriented Higashiosaka Leading Association, Maido 1)",Failure
2019-07-05,Soyuz-2.1b,Vostochny Cosmodrome,LEO,4.0,SOKRAT,Success
2021-01-24,Falcon 9,Cape Canaveral,LEO,3.0,SOMP-2b (Student On-Orbit Measurement Project 2b),Success
2019-07-05,Soyuz-2.1b,Vostochny Cosmodrome,LEO,1.0,SONATE (SOlutus NAno satteliTE),Success
2003-01-25,Pegasus XL,Cape Canaveral,LEO,315.0,SORCE (SOlar Radiation and Climate Experiment),Success
2020-02-19,Nanorack Deployer,International Space Station,LEO,9.0,SORTIE (Scintillation Observations and Response of the Ionosphere to Electrodynamics),Success
2017-05-06,GSLV,Satish Dhawan Space Centre,GEO,2230.0,South Asia Satellite (GSAT 9),Success
2022-05-02,Electron,Rocket Lab Launch Complex 1,LEO,2.0,SpaceBEE NZ-15 ,Success
2022-05-02,Electron,Rocket Lab Launch Complex 1,LEO,2.0,SpaceBEE NZ-16 ,Failure
2022-05-02,Electron,Rocket Lab Launch Complex 1,LEO,2.0,SpaceBEE NZ-17 ,Success
2022-05-02,Electron,Rocket Lab Launch Complex 1,LEO,2.0,SpaceBEE NZ-18 ,Success
2022-05-02,Electron,Rocket Lab Launch Complex 1,LEO,2.0,SpaceBEE NZ-19 ,Success
2022-05-02,Electron,Rocket Lab Launch Complex 1,LEO,2.0,SpaceBEE NZ-20,Success
2022-05-02,Electron,Rocket Lab Launch Complex 1,LEO,2.0,SpaceBEE NZ-21 ,Success
2022-05-02,Electron,Rocket Lab Launch Complex 1,LEO,2.0,SpaceBEE NZ-22,Success
2021-06-30,Falcon 9,Cape Canaveral,LEO,2.0,SpaceBEE-100,Success
2021-06-30,Falcon 9,Cape Canaveral,LEO,2.0,SpaceBEE-101,Success
2021-06-30,Falcon 9,Cape Canaveral,LEO,2.0,SpaceBEE-102,Success
2021-06-30,Falcon 9,Cape Canaveral,LEO,2.0,SpaceBEE-103,Success
2021-06-30,Falcon 9,Cape Canaveral,LEO,2.0,SpaceBEE-104,Success
2021-06-30,Falcon 9,Cape Canaveral,LEO,2.0,SpaceBEE-105,Success
2021-06-30,Falcon 9,Cape Canaveral,LEO,2.0,SpaceBEE-106,Success
2021-06-30,Falcon 9,Cape Canaveral,LEO,2.0,SpaceBEE-107,Success
2021-06-30,Falcon 9,Cape Canaveral,LEO,2.0,SpaceBEE-108,Success
2021-06-30,Falcon 9,Cape Canaveral,LEO,2.0,SpaceBEE-109,Success
2021-06-30,Falcon 9,Cape Canaveral,LEO,2.0,SpaceBEE-110,Success
2021-06-30,Falcon 9,Cape Canaveral,LEO,2.0,SpaceBEE-111,Success
2022-03-15,Rocket 3.3,Kodiak Island,LEO,2.0,SpaceBEE-112 ,Success
2022-03-15,Rocket 3.3,Kodiak Island,LEO,2.0,SpaceBEE-113,Success
2022-03-15,Rocket 3.3,Kodiak Island,LEO,2.0,SpaceBEE-114,Success
2022-03-15,Rocket 3.3,Kodiak Island,LEO,2.0,SpaceBEE-115,Success
2022-03-15,Rocket 3.3,Kodiak Island,LEO,2.0,SpaceBEE-116,Success
2022-03-15,Rocket 3.3,Kodiak Island,LEO,2.0,SpaceBEE-117,Success
2022-03-15,Rocket 3.3,Kodiak Island,LEO,2.0,SpaceBEE-118,Success
2022-03-15,Rocket 3.3,Kodiak Island,LEO,2.0,SpaceBEE-119,Failure
2022-03-15,Rocket 3.3,Kodiak Island,LEO,2.0,SpaceBEE-120,Success
2022-03-15,Rocket 3.3,Kodiak Island,LEO,2.0,SpaceBEE-121,Success
2022-03-15,Rocket 3.3,Kodiak Island,LEO,2.0,SpaceBEE-122,Success
2022-03-15,Rocket 3.3,Kodiak Island,LEO,2.0,SpaceBEE-123,Success
2022-03-15,Rocket 3.3,Kodiak Island,LEO,2.0,SpaceBEE-124,Success
2022-03-15,Rocket 3.3,Kodiak Island,LEO,2.0,SpaceBEE-125,Success
2022-03-15,Rocket 3.3,Kodiak Island,LEO,2.0,SpaceBEE-126,Success
2022-03-15,Rocket 3.3,Kodiak Island,LEO,2.0,SpaceBEE-127 ,Success
2022-04-01,Falcon 9,Cape Canaveral,LEO,2.0,SpaceBEE-128,Success
2022-04-01,Falcon 9,Cape Canaveral,LEO,2.0,SpaceBEE-129,Success
2022-04-01,Falcon 9,Cape Canaveral,LEO,2.0,SpaceBEE-130,Success
2022-04-01,Falcon 9,Cape Canaveral,LEO,2.0,SpaceBEE-131,Success
2022-04-01,Falcon 9,Cape Canaveral,LEO,2.0,SpaceBEE-132,Success
2022-04-01,Falcon 9,Cape Canaveral,LEO,2.0,SpaceBEE-133,Success
2022-04-01,Falcon 9,Cape Canaveral,LEO,2.0,SpaceBEE-134,Success
2022-04-01,Falcon 9,Cape Canaveral,LEO,2.0,SpaceBEE-135,Success
2022-04-01,Falcon 9,Cape Canaveral,LEO,2.0,SpaceBEE-136,Success
2022-04-01,Falcon 9,Cape Canaveral,LEO,2.0,SpaceBEE-137,Success
2022-04-01,Falcon 9,Cape Canaveral,LEO,2.0,SpaceBEE-138,Success
2022-04-01,Falcon 9,Cape Canaveral,LEO,2.0,SpaceBEE-139,Success
2022-05-02,Electron,Rocket Lab Launch Complex 1,LEO,2.0,SpaceBEE-140 ,Success
2022-05-02,Electron,Rocket Lab Launch Complex 1,LEO,2.0,SpaceBEE-141 ,Success
2022-05-02,Electron,Rocket Lab Launch Complex 1,LEO,2.0,SpaceBEE-142 ,Success
2022-05-02,Electron,Rocket Lab Launch Complex 1,LEO,2.0,SpaceBEE-143,Success
2022-05-02,Electron,Rocket Lab Launch Complex 1,LEO,2.0,SpaceBEE-144,Success
2022-05-02,Electron,Rocket Lab Launch Complex 1,LEO,2.0,SpaceBEE-145,Success
2022-05-02,Electron,Rocket Lab Launch Complex 1,LEO,2.0,SpaceBEE-146 ,Success
2022-05-02,Electron,Rocket Lab Launch Complex 1,LEO,2.0,SpaceBEE-147 ,Success
2022-05-02,Electron,Rocket Lab Launch Complex 1,LEO,2.0,SpaceBEE-148 ,Success
2022-05-02,Electron,Rocket Lab Launch Complex 1,LEO,2.0,SpaceBEE-149,Failure
2022-05-02,Electron,Rocket Lab Launch Complex 1,LEO,2.0,SpaceBEE-150 ,Success
2022-05-02,Electron,Rocket Lab Launch Complex 1,LEO,2.0,SpaceBEE-151 ,Success
2022-05-02,Electron,Rocket Lab Launch Complex 1,LEO,2.0,SpaceBEE-152 ,Success
2022-05-02,Electron,Rocket Lab Launch Complex 1,LEO,2.0,SpaceBEE-153,Failure
2022-05-02,Electron,Rocket Lab Launch Complex 1,LEO,2.0,SpaceBEE-154 ,Success
2022-05-02,Electron,Rocket Lab Launch Complex 1,LEO,2.0,SpaceBEE-155 ,Success
2023-01-03,Falcon 9,Cape Canaveral,LEO,2.0,SpaceBEE-156,Success
2023-01-03,Fa,Cape Canaveral,LEO,2.0,SpaceBEE-157,Success
2023-01-03,Falcon 9,Cape Canaveral,LEO,2.0,SpaceBEE-158,Success
2023-01-03,Falcon 9,Cape Canaveral,LEO,2.0,SpaceBEE-159,Success
2023-01-03,Falcon 9,Cape Canaveral,LEO,2.0,SpaceBEE-160,Success
2023-01-03,Falcon 9,Cape Canaveral,LEO,2.0,SpaceBEE-161,Success
2023-01-03,Falcon 9,Cape Canaveral,LEO,2.0,SpaceBEE-162,Failure
2023-01-03,Falcon 9,Cape Canaveral,LEO,2.0,SpaceBEE-163,Success
2023-01-03,Falcon 9,Cape Canaveral,LEO,2.0,SpaceBEE-164,Success
2023-01-03,Falcon 9,Cape Canaveral,LEO,2.0,SpaceBEE-165,Failure
2023-01-03,Falcon 9,Cape Canaveral,LEO,2.0,SpaceBEE-166,Success
2023-01-03,Falcon 9,Cape Canaveral,LEO,2.0,SpaceBEE-167,Success
2018-12-03,Falcon 9,Vandenberg AFB,LEO,2.0,SpaceBEE-5,Success
2021-01-24,Falcon 9,Cape Canaveral,LEO,2.0,SpaceBEE-55 ,Success
2021-01-24,Falcon 9,Cape Canaveral,LEO,2.0,SpaceBEE-57 ,Success
2018-12-03,Falcon 9,Vandenberg AFB,LEO,2.0,SpaceBEE-6,Success
2021-01-24,Falcon 9,Cape Canaveral,LEO,2.0,SpaceBEE-62 ,Success
2018-12-03,Falcon 9,Vandenberg AFB,LEO,2.0,SpaceBEE-7,Success
2022-03-15,Rocket 3.3,Kodiak Island,LEO,2.0,SpaceBEE-NS14,Failure
2021-06-30,Falcon 9,Cape Canaveral,LEO,2.0,SpaceBEE-NZ10,Success
2022-03-15,Rocket 3.3,Kodiak Island,LEO,2.0,SpaceBEE-NZ11,Success
2022-03-15,Rocket 3.3,Kodiak Island,LEO,2.0,SpaceBEE-NZ12,Success
2022-03-15,Rocket 3.3,Kodiak Island,LEO,2.0,SpaceBEE-NZ13 ,Success
2021-06-30,Falcon 9,Cape Canaveral,LEO,2.0,SpaceBEE-NZ7,Failure
2021-06-30,Falcon 9,Cape Canaveral,LEO,2.0,SpaceBEE-NZ8,Success
2021-06-30,Falcon 9,Cape Canaveral,LEO,2.0,SpaceBEE-NZ9,Failure
2007-08-14,Ariane 5 ECA,Guiana Space Center,GEO,6100.0,Spaceway 3,Failure
2005-11-16,Ariane 5 ECA,Guiana Space Center,GEO,5993.0,Spaceway F2,Success
2006-03-11,Ariane 5,Guiana Space Center,GEO,3680.0,Spainsat,Success
2019-05-05,Electron,Rocket Lab Launch Complex 1,LEO,8.0,SPARC-1 (Space Plug and Play Architecture Research CubeSat-1),Success
2016-12-21,Long March 2D,Jiuquan Satellite Launch Center,LEO,50.0,Spark-1,Success
2022-04-01,Falcon 9,Cape Canaveral,LEO,20.0,Spark-1 (LEO-1),Success
2016-12-21,Long March 2D,Jiuquan Satellite Launch Center,LEO,50.0,Spark-2,Success
2021-06-30,Falcon 9,Cape Canaveral,LEO,10.0,SPARTAN,Success
2011-07-18,Zenit 3SLBF/Fregat SB,Baikonur Cosmodrome,Elliptical,3660.0,Spektr-R/RadioAstron,Failure
2009-02-11,Ariane 5 ECA,Guiana Space Center,Elliptical,117.0,SPIRALE-A (Système Préparatoire Infra-Rouge pour l'Alerte),Success
2009-02-11,Ariane 5 ECA,Guiana Space Center,Elliptical,117.0,SPIRALE-B (Système Préparatoire Infra-Rouge pour l'Alerte),Success
2012-09-09,PSLV,Satish Dhawan Space Centre,LEO,720.0,Spot 6 (Système Probatoire d’Observation de la Terre),Success
2014-06-30,PSLV-CA,Satish Dhawan Space Centre,LEO,714.0,Spot 7 (Système Probatoire d’Observation de la Terre),Failure
2014-05-24,H2A,Tanegashima Space Center,LEO,7.1,SPROUT  (SPace Research On Unique Technology),Failure
2011-10-12,PSLV,Satish Dhawan Space Centre,LEO,10.9,SRMSat (Sri Ramaswamy Memorial Satellite),Success
2019-11-03,Long March 4B,Taiyuan Launch Center,LEO,50.0,SRSS-1 (Sudan Remote Sensing Satellite 1),Failure
2011-12-17,Soyuz-2/Fregat,Guiana Space Center,LEO,117.0,SSOT (Sistema Satelital para la Observación de la Tierra),Success
2021-10-14,Long March 2D,Taiyuan Launch Center,LEO,30.0,SSS-1 (APSCO Student Small Satellite-1) ,Success
2021-10-14,Long March 2D,Taiyuan Launch Center,LEO,10.0,SSS-2A (APSCO Student Small Satellite 2A),Success
2023-04-15,Falcon 9,Vandenberg AFB,LEO,4.0,SSS-2B (APSCO Student Small Satellite 2B),Failure
2018-09-16,PSLV,Satish Dhawan Space Centre,LEO,440.0,SSTL-S1-4 ,Success
2011-05-20,Ariane 5,Guiana Space Center,GEO,5090.0,ST-2 (Singapore-Taiwan 2),Success
2007-11-14,Ariane 5,Guiana Space Center,GEO,4100.0,Star One C1,Success
2008-04-18,Ariane 5 ECA,Guiana Space Center,GEO,4100.0,Star One C2,Success
2012-11-10,Ariane 5 ECA,Guiana Space Center,GEO,3225.0,Star One C3,Success
2015-07-15,Ariane 5 ECA,Guiana Space Center,GEO,5634.0,Star One C4,Success
2016-12-21,Ariane 5,Guiana Space Center,GEO,6433.0,Star One D1,Success
2021-07-30,Ariane 5,Guiana Space Center,GEO,6190.0,Star One D2,Success
2023-01-03,Falcon 9,Cape Canaveral,LEO,10.0,Star Sphere 1 (Eye),Success
2023-01-03,Falcon 9,Cape Canaveral,LEO,10.0,STAR VIBE,Success
2019-11-11,Falcon 9,Cape Canaveral,LEO,227.0,Starlink-1007,Success
2019-11-11,Falcon 9,Cape Canaveral,LEO,227.0,Starlink-1008,Success
2019-11-11,Falcon 9,Cape Canaveral,LEO,227.0,Starlink-1009,Success
2019-11-11,Falcon 9,Cape Canaveral,LEO,227.0,Starlink-1010,Success
2019-11-11,Falcon 9,Cape Canaveral,LEO,227.0,Starlink-1011,Success
2019-11-11,Falcon 9,Cape Canaveral,LEO,227.0,Starlink-1012,Success
2019-11-11,Falcon 9,Cape Canaveral,LEO,227.0,Starlink-1013,Success
2019-11-11,Falcon 9,Cape Canaveral,LEO,227.0,Starlink-1014,Success
2019-11-11,Falcon 9,Cape Canaveral,LEO,227.0,Starlink-1015,Success
2019-11-11,Falcon 9,Cape Canaveral,LEO,227.0,Starlink-1017,Success
2019-11-11,Falcon 9,Cape Canaveral,LEO,227.0,Starlink-1019,Success
2019-11-11,Falcon 9,Cape Canaveral,LEO,227.0,Starlink-1020,Success
2019-11-11,Falcon 9,Cape Canaveral,LEO,227.0,Starlink-1021,Success
2019-11-11,Falcon 9,Cape Canaveral,LEO,227.0,Starlink-1022,Failure
2019-11-11,Falcon 9,Cape Canaveral,LEO,227.0,Starlink-1023,Success
2019-11-11,Falcon 9,Cape Canaveral,LEO,227.0,Starlink-1024,Success
2019-11-11,Falcon 9,Cape Canaveral,LEO,227.0,Starlink-1026,Success
2019-11-11,Falcon 9,Cape Canaveral,LEO,227.0,Starlink-1027,Success
2019-11-11,Falcon 9,Cape Canaveral,LEO,227.0,Starlink-1028,Success
2019-11-11,Falcon 9,Cape Canaveral,LEO,227.0,Starlink-1029,Success
2019-11-11,Falcon 9,Cape Canaveral,LEO,227.0,Starlink-1030,Success
2019-11-11,Falcon 9,Cape Canaveral,LEO,227.0,Starlink-1031,Success
2019-11-11,Falcon 9,Cape Canaveral,LEO,227.0,Starlink-1032,Success
2019-11-11,Falcon 9,Cape Canaveral,LEO,227.0,Starlink-1033,Success
2019-11-11,Falcon 9,Cape Canaveral,LEO,227.0,Starlink-1034,Success
2019-11-11,Falcon 9,Cape Canaveral,LEO,227.0,Starlink-1035,Success
2019-11-11,Falcon 9,Cape Canaveral,LEO,227.0,Starlink-1036,Success
2019-11-11,Falcon 9,Cape Canaveral,LEO,227.0,Starlink-1037,Success
2019-11-11,Falcon 9,Cape Canaveral,LEO,227.0,Starlink-1038,Success
2019-11-11,Falcon 9,Cape Canaveral,LEO,227.0,Starlink-1039,Success
2019-11-11,Falcon 9,Cape Canaveral,LEO,227.0,Starlink-1041,Success
2019-11-11,Falcon 9,Cape Canaveral,LEO,227.0,Starlink-1042,Success
2019-11-11,Falcon 9,Cape Canaveral,LEO,227.0,Starlink-1043,Success
2019-11-11,Falcon 9,Cape Canaveral,LEO,227.0,Starlink-1044,Success
2019-11-11,Falcon 9,Cape Canaveral,LEO,227.0,Starlink-1046,Success
2019-11-11,Falcon 9,Cape Canaveral,LEO,227.0,Starlink-1047,Success
2019-11-11,Falcon 9,Cape Canaveral,LEO,227.0,Starlink-1048,Failure
2019-11-11,Falcon 9,Cape Canaveral,LEO,227.0,Starlink-1049,Success
2019-11-11,Falcon 9,Cape Canaveral,LEO,227.0,Starlink-1052,Success
2019-11-11,Falcon 9,Cape Canaveral,LEO,227.0,Starlink-1053,Success
2019-11-11,Falcon 9,Cape Canaveral,LEO,227.0,Starlink-1054,Success
2019-11-11,Falcon 9,Cape Canaveral,LEO,227.0,Starlink-1055,Success
2019-11-11,Falcon 9,Cape Canaveral,LEO,227.0,Starlink-1056,Success
2019-11-11,Falcon 9,Cape Canaveral,LEO,227.0,Starlink-1057,Success
2019-11-11,Falcon 9,Cape Canaveral,LEO,227.0,Starlink-1058,Failure
2019-11-11,Falcon 9,Cape Canaveral,LEO,227.0,Starlink-1059,Success
2019-11-11,Falcon 9,Cape Canaveral,LEO,227.0,Starlink-1060,Failure
2019-11-11,Falcon 9,Cape Canaveral,LEO,227.0,Starlink-1061,Failure
2019-11-11,Falcon 9,Cape Canaveral,LEO,227.0,Starlink-1062,Success
2019-11-11,Falcon 9,Cape Canaveral,LEO,227.0,Starlink-1063,Success
2020-01-07,Falcon 9,Cape Canaveral,LEO,227.0,Starlink-1066,Success
2019-11-11,Falcon 9,Cape Canaveral,LEO,227.0,Starlink-1067,Success
2019-11-11,Falcon 9,Cape Canaveral,LEO,227.0,Starlink-1068,Success
2020-01-07,Falcon 9,Cape Canaveral,LEO,227.0,Starlink-1069,Failure
2020-01-07,Falcon 9,Cape Canaveral,LEO,227.0,Starlink-1070,Failure
2020-01-07,Falcon 9,Cape Canaveral,LEO,227.0,Starlink-1071,Success
2020-01-07,Falcon 9,Cape Canaveral,LEO,227.0,Starlink-1073,Success
2020-01-07,Falcon 9,Cape Canaveral,LEO,227.0,Starlink-1074,Success
2020-01-07,Falcon 9,Cape Canaveral,LEO,227.0,Starlink-1076,Success
2020-01-07,Falcon 9,Cape Canaveral,LEO,227.0,Starlink-1077,Success
2020-01-07,Falcon 9,Cape Canaveral,LEO,227.0,Starlink-1079,Success
2020-01-07,Falcon 9,Cape Canaveral,LEO,227.0,Starlink-1080,Success
2020-01-07,Falcon 9,Cape Canaveral,LEO,227.0,Starlink-1081,Failure
2020-01-07,Falcon 9,Cape Canaveral,LEO,227.0,Starlink-1082,Success
2020-01-07,Falcon 9,Cape Canaveral,LEO,227.0,Starlink-1083,Success
2020-01-07,Falcon 9,Cape Canaveral,LEO,227.0,Starlink-1084,Success
2020-01-07,Falcon 9,Cape Canaveral,LEO,227.0,Starlink-1086,Success
2020-01-07,Falcon 9,Cape Canaveral,LEO,227.0,Starlink-1088,Failure
2020-01-07,Falcon 9,Cape Canaveral,LEO,227.0,Starlink-1089,Success
2020-01-07,Falcon 9,Cape Canaveral,LEO,227.0,Starlink-1090,Success
2020-01-07,Falcon 9,Cape Canaveral,LEO,227.0,Starlink-1091,Success
2020-01-07,Falcon 9,Cape Canaveral,LEO,227.0,Starlink-1092,Success
2020-01-07,Falcon 9,Cape Canaveral,LEO,227.0,Starlink-1093,Success
2020-01-07,Falcon 9,Cape Canaveral,LEO,227.0,Starlink-1094,Success
2020-01-07,Falcon 9,Cape Canaveral,LEO,227.0,Starlink-1096,Success
2020-01-07,Falcon 9,Cape Canaveral,LEO,227.0,Starlink-1098,Success
2020-01-07,Falcon 9,Cape Canaveral,LEO,227.0,Starlink-1099,Failure
2020-01-07,Falcon 9,Cape Canaveral,LEO,227.0,Starlink-1100,Success
2020-01-07,Falcon 9,Cape Canaveral,LEO,227.0,Starlink-1102,Success
2020-01-07,Falcon 9,Cape Canaveral,LEO,227.0,Starlink-1103,Success
2020-01-07,Falcon 9,Cape Canaveral,LEO,227.0,Starlink-1104,Success
2020-01-07,Falcon 9,Cape Canaveral,LEO,227.0,Starlink-1106,Failure
2020-01-07,Falcon 9,Cape Canaveral,LEO,227.0,Starlink-1107,Failure
2020-01-07,Falcon 9,Cape Canaveral,LEO,227.0,Starlink-1108,Success
2020-01-07,Falcon 9,Cape Canaveral,LEO,227.0,Starlink-1109,Failure
2020-01-07,Falcon 9,Cape Canaveral,LEO,227.0,Starlink-1110,Success
2020-01-07,Falcon 9,Cape Canaveral,LEO,227.0,Starlink-1111,Failure
2020-01-07,Falcon 9,Cape Canaveral,LEO,227.0,Starlink-1112,Success
2020-01-07,Falcon 9,Cape Canaveral,LEO,227.0,Starlink-1113,Failure
2020-01-07,Falcon 9,Cape Canaveral,LEO,227.0,Starlink-1114,Success
2020-01-07,Falcon 9,Cape Canaveral,LEO,227.0,Starlink-1115,Success
2020-01-07,Falcon 9,Cape Canaveral,LEO,227.0,Starlink-1116,Success
2020-01-07,Falcon 9,Cape Canaveral,LEO,227.0,Starlink-1117,Failure
2020-01-07,Falcon 9,Cape Canaveral,LEO,227.0,Starlink-1119,Success
2020-01-29,Falcon 9,Cape Canaveral,LEO,227.0,Starlink-1120,Success
2020-01-07,Falcon 9,Cape Canaveral,LEO,227.0,Starlink-1121,Success
2020-01-07,Falcon 9,Cape Canaveral,LEO,227.0,Starlink-1122,Success
2020-01-07,Falcon 9,Cape Canaveral,LEO,227.0,Starlink-1123,Success
2020-01-07,Falcon 9,Cape Canaveral,LEO,227.0,Starlink-1124,Success
2020-01-07,Falcon 9,Cape Canaveral,LEO,227.0,Starlink-1125,Success
2020-01-07,Falcon 9,Cape Canaveral,LEO,227.0,Starlink-1126,Success
2020-01-07,Falcon 9,Cape Canaveral,LEO,227.0,Starlink-1128,Success
2020-01-07,Falcon 9,Cape Canaveral,LEO,227.0,Starlink-1130 (Darksat),Success
2020-01-29,Falcon 9,Cape Canaveral,LEO,227.0,Starlink-1131,Failure
2020-01-29,Falcon 9,Cape Canaveral,LEO,227.0,Starlink-1132 ,Success
2020-01-29,Falcon 9,Cape Canaveral,LEO,227.0,Starlink-1133,Success
2020-01-29,Falcon 9,Cape Canaveral,LEO,227.0,Starlink-1134,Success
2020-01-29,Falcon 9,Cape Canaveral,LEO,227.0,Starlink-1135,Success
2020-01-29,Falcon 9,Cape Canaveral,LEO,227.0,Starlink-1136,Success
2020-01-29,Falcon 9,Cape Canaveral,LEO,227.0,Starlink-1137,Success
2020-02-17,Falcon 9,Cape Canaveral,LEO,227.0,Starlink-1138,Success
2020-01-29,Falcon 9,Cape Canaveral,LEO,227.0,Starlink-1139,Success
2020-01-29,Falcon 9,Cape Canaveral,LEO,227.0,Starlink-1140,Success
2020-01-29,Falcon 9,Cape Canaveral,LEO,227.0,Starlink-1141,Success
2020-01-29,Falcon 9,Cape Canaveral,LEO,227.0,Starlink-1142,Success
2020-02-17,Falcon 9,Cape Canaveral,LEO,227.0,Starlink-1143,Success
2020-01-07,Falcon 9,Cape Canaveral,LEO,227.0,Starlink-1144,Success
2020-01-29,Falcon 9,Cape Canaveral,LEO,227.0,Starlink-1145,Success
2020-01-29,Falcon 9,Cape Canaveral,LEO,227.0,Starlink-1146,Success
2020-01-29,Falcon 9,Cape Canaveral,LEO,227.0,Starlink-1147,Success
2020-01-29,Falcon 9,Cape Canaveral,LEO,227.0,Starlink-1148,Success
2020-01-29,Falcon 9,Cape Canaveral,LEO,227.0,Starlink-1149,Success
2020-01-29,Falcon 9,Cape Canaveral,LEO,227.0,Starlink-1150,Success
2020-01-29,Falcon 9,Cape Canaveral,LEO,227.0,Starlink-1151,Success
2020-01-29,Falcon 9,Cape Canaveral,LEO,227.0,Starlink-1152,Failure
2020-01-29,Falcon 9,Cape Canaveral,LEO,227.0,Starlink-1153,Success
2020-02-17,Falcon 9,Cape Canaveral,LEO,227.0,Starlink-1154,Success
2020-01-29,Falcon 9,Cape Canaveral,LEO,227.0,Starlink-1155,Success
2020-01-29,Falcon 9,Cape Canaveral,LEO,227.0,Starlink-1156,Success
2020-01-29,Falcon 9,Cape Canaveral,LEO,227.0,Starlink-1157,Success
2020-01-29,Falcon 9,Cape Canaveral,LEO,227.0,Starlink-1158,Success
2020-01-29,Falcon 9,Cape Canaveral,LEO,227.0,Starlink-1159,Success
2020-01-29,Falcon 9,Cape Canaveral,LEO,227.0,Starlink-1160,Success
2020-01-29,Falcon 9,Cape Canaveral,LEO,227.0,Starlink-1161,Success
2020-01-29,Falcon 9,Cape Canaveral,LEO,227.0,Starlink-1162,Success
2020-01-29,Falcon 9,Cape Canaveral,LEO,227.0,Starlink-1165,Success
2020-01-29,Falcon 9,Cape Canaveral,LEO,227.0,Starlink-1166,Success
2020-01-29,Falcon 9,Cape Canaveral,LEO,227.0,Starlink-1167,Success
2020-01-29,Falcon 9,Cape Canaveral,LEO,227.0,Starlink-1168,Success
2020-01-29,Falcon 9,Cape Canaveral,LEO,227.0,Starlink-1169,Success
2020-01-29,Falcon 9,Cape Canaveral,LEO,227.0,Starlink-1170,Success
2020-01-29,Falcon 9,Cape Canaveral,LEO,227.0,Starlink-1171,Success
2020-01-29,Falcon 9,Cape Canaveral,LEO,227.0,Starlink-1172,Success
2020-01-29,Falcon 9,Cape Canaveral,LEO,227.0,Starlink-1173,Failure
2020-01-29,Falcon 9,Cape Canaveral,LEO,227.0,Starlink-1174,Success
2020-01-29,Falcon 9,Cape Canaveral,LEO,227.0,Starlink-1176,Success
2020-01-29,Falcon 9,Cape Canaveral,LEO,227.0,Starlink-1177,Failure
2020-01-29,Falcon 9,Cape Canaveral,LEO,227.0,Starlink-1179,Success
2020-01-29,Falcon 9,Cape Canaveral,LEO,227.0,Starlink-1180,Success
2020-01-29,Falcon 9,Cape Canaveral,LEO,227.0,Starlink-1181,Success
2020-01-29,Falcon 9,Cape Canaveral,LEO,227.0,Starlink-1183,Success
2020-01-29,Falcon 9,Cape Canaveral,LEO,227.0,Starlink-1184,Success
2020-01-29,Falcon 9,Cape Canaveral,LEO,227.0,Starlink-1185,Success
2020-01-29,Falcon 9,Cape Canaveral,LEO,227.0,Starlink-1186,Success
2020-02-17,Falcon 9,Cape Canaveral,LEO,227.0,Starlink-1187,Success
2020-02-17,Falcon 9,Cape Canaveral,LEO,227.0,Starlink-1189,Failure
2020-01-29,Falcon 9,Cape Canaveral,LEO,227.0,Starlink-1190,Success
2020-02-17,Falcon 9,Cape Canaveral,LEO,227.0,Starlink-1191,Success
2020-02-17,Falcon 9,Cape Canaveral,LEO,227.0,Starlink-1192,Failure
2020-01-29,Falcon 9,Cape Canaveral,LEO,227.0,Starlink-1193,Success
2020-01-29,Falcon 9,Cape Canaveral,LEO,227.0,Starlink-1194,Success
2020-01-29,Falcon 9,Cape Canaveral,LEO,227.0,Starlink-1195,Success
2020-01-29,Falcon 9,Cape Canaveral,LEO,227.0,Starlink-1196,Success
2020-02-17,Falcon 9,Cape Canaveral,LEO,227.0,Starlink-1197,Success
2020-02-17,Falcon 9,Cape Canaveral,LEO,227.0,Starlink-1199,Success
2020-02-17,Falcon 9,Cape Canaveral,LEO,227.0,Starlink-1200,Success
2020-02-17,Falcon 9,Cape Canaveral,LEO,227.0,Starlink-1201,Success
2020-02-17,Falcon 9,Cape Canaveral,LEO,227.0,Starlink-1202,Success
2020-02-17,Falcon 9,Cape Canaveral,LEO,227.0,Starlink-1203,Success
2020-02-17,Falcon 9,Cape Canaveral,LEO,227.0,Starlink-1205,Failure
2020-02-17,Falcon 9,Cape Canaveral,LEO,227.0,Starlink-1206,Success
2020-03-18,Falcon 9,Cape Canaveral,LEO,227.0,Starlink-1207,Success
2020-02-17,Falcon 9,Cape Canaveral,LEO,227.0,Starlink-1208,Success
2020-02-17,Falcon 9,Cape Canaveral,LEO,227.0,Starlink-1209,Success
2020-02-17,Falcon 9,Cape Canaveral,LEO,227.0,Starlink-1210,Success
2020-02-17,Falcon 9,Cape Canaveral,LEO,227.0,Starlink-1211,Success
2020-02-17,Falcon 9,Cape Canaveral,LEO,227.0,Starlink-1212,Success
2020-03-18,Falcon 9,Cape Canaveral,LEO,227.0,Starlink-1213,Success
2020-02-17,Falcon 9,Cape Canaveral,LEO,227.0,Starlink-1215,Success
2020-02-17,Falcon 9,Cape Canaveral,LEO,227.0,Starlink-1216,Success
2020-02-17,Falcon 9,Cape Canaveral,LEO,227.0,Starlink-1217,Success
2020-02-17,Falcon 9,Cape Canaveral,LEO,227.0,Starlink-1219,Success
2020-02-17,Falcon 9,Cape Canaveral,LEO,227.0,Starlink-1221,Success
2020-02-17,Falcon 9,Cape Canaveral,LEO,227.0,Starlink-1222,Success
2020-02-17,Falcon 9,Cape Canaveral,LEO,227.0,Starlink-1224,Success
2020-02-17,Falcon 9,Cape Canaveral,LEO,227.0,Starlink-1225,Success
2020-02-17,Falcon 9,Cape Canaveral,LEO,227.0,Starlink-1226,Success
2020-02-17,Falcon 9,Cape Canaveral,LEO,227.0,Starlink-1227,Success
2020-02-17,Falcon 9,Cape Canaveral,LEO,227.0,Starlink-1228,Success
2020-02-17,Falcon 9,Cape Canaveral,LEO,227.0,Starlink-1230,Success
2020-02-17,Falcon 9,Cape Canaveral,LEO,227.0,Starlink-1231,Success
2020-02-17,Falcon 9,Cape Canaveral,LEO,227.0,Starlink-1232,Success
2020-02-17,Falcon 9,Cape Canaveral,LEO,227.0,Starlink-1233,Success
2020-02-17,Falcon 9,Cape Canaveral,LEO,227.0,Starlink-1234,Success
2020-02-17,Falcon 9,Cape Canaveral,LEO,227.0,Starlink-1235,Success
2020-02-17,Falcon 9,Cape Canaveral,LEO,227.0,Starlink-1236,Success
2020-02-17,Falcon 9,Cape Canaveral,LEO,227.0,Starlink-1237,Success
2020-02-17,Falcon 9,Cape Canaveral,LEO,227.0,Starlink-1238,Success
2020-02-17,Falcon 9,Cape Canaveral,LEO,227.0,Starlink-1239,Success
2020-02-17,Falcon 9,Cape Canaveral,LEO,227.0,Starlink-1240,Success
2020-02-17,Falcon 9,Cape Canaveral,LEO,227.0,Starlink-1241,Success
2020-02-17,Falcon 9,Cape Canaveral,LEO,227.0,Starlink-1243,Success
2020-02-17,Falcon 9,Cape Canaveral,LEO,227.0,Starlink-1244,Success
2020-02-17,Falcon 9,Cape Canaveral,LEO,227.0,Starlink-1245,Success
2020-02-17,Falcon 9,Cape Canaveral,LEO,227.0,Starlink-1246,Success
2020-02-17,Falcon 9,Cape Canaveral,LEO,227.0,Starlink-1247,Failure
2020-03-18,Falcon 9,Cape Canaveral,LEO,227.0,Starlink-1255,Failure
2020-03-18,Falcon 9,Cape Canaveral,LEO,227.0,Starlink-1256,Success
2020-03-18,Falcon 9,Cape Canaveral,LEO,227.0,Starlink-1257,Success
2020-03-18,Falcon 9,Cape Canaveral,LEO,227.0,Starlink-1258,Success
2020-03-18,Falcon 9,Cape Canaveral,LEO,227.0,Starlink-1259,Success
2020-03-18,Falcon 9,Cape Canaveral,LEO,227.0,Starlink-1260,Success
2020-04-22,Falcon 9,Cape Canaveral,LEO,227.0,Starlink-1261,Success
2020-03-18,Falcon 9,Cape Canaveral,LEO,227.0,Starlink-1262,Success
2020-03-18,Falcon 9,Cape Canaveral,LEO,227.0,Starlink-1263,Success
2020-03-18,Falcon 9,Cape Canaveral,LEO,227.0,Starlink-1264,Success
2020-03-18,Falcon 9,Cape Canaveral,LEO,227.0,Starlink-1265,Failure
2020-03-18,Falcon 9,Cape Canaveral,LEO,227.0,Starlink-1266,Success
2020-03-18,Falcon 9,Cape Canaveral,LEO,227.0,Starlink-1267,Success
2020-02-17,Falcon 9,Cape Canaveral,LEO,227.0,Starlink-1269,Success
2020-02-17,Falcon 9,Cape Canaveral,LEO,227.0,Starlink-1270,Success
2020-02-17,Falcon 9,Cape Canaveral,LEO,227.0,Starlink-1271,Success
2020-03-18,Falcon 9,Cape Canaveral,LEO,227.0,Starlink-1272,Failure
2020-03-18,Falcon 9,Cape Canaveral,LEO,227.0,Starlink-1273,Success
2020-03-18,Falcon 9,Cape Canaveral,LEO,227.0,Starlink-1274,Success
2020-03-18,Falcon 9,Cape Canaveral,LEO,227.0,Starlink-1275,Success
2020-03-18,Falcon 9,Cape Canaveral,LEO,227.0,Starlink-1276,Failure
2020-03-18,Falcon 9,Cape Canaveral,LEO,227.0,Starlink-1277,Success
2020-03-18,Falcon 9,Cape Canaveral,LEO,227.0,Starlink-1278,Success
2020-03-18,Falcon 9,Cape Canaveral,LEO,227.0,Starlink-1279,Failure
2020-03-18,Falcon 9,Cape Canaveral,LEO,227.0,Starlink-1280,Success
2020-03-18,Falcon 9,Cape Canaveral,LEO,227.0,Starlink-1281,Success
2020-03-18,Falcon 9,Cape Canaveral,LEO,227.0,Starlink-1282,Success
2020-03-18,Falcon 9,Cape Canaveral,LEO,227.0,Starlink-1283,Success
2020-03-18,Falcon 9,Cape Canaveral,LEO,227.0,Starlink-1284,Success
2020-03-18,Falcon 9,Cape Canaveral,LEO,227.0,Starlink-1286,Success
2020-03-18,Falcon 9,Cape Canaveral,LEO,227.0,Starlink-1287,Success
2020-03-18,Falcon 9,Cape Canaveral,LEO,227.0,Starlink-1288,Success
2020-03-18,Falcon 9,Cape Canaveral,LEO,227.0,Starlink-1289,Success
2020-03-18,Falcon 9,Cape Canaveral,LEO,227.0,Starlink-1290,Success
2020-03-18,Falcon 9,Cape Canaveral,LEO,227.0,Starlink-1291,Success
2020-03-18,Falcon 9,Cape Canaveral,LEO,227.0,Starlink-1292,Success
2020-03-18,Falcon 9,Cape Canaveral,LEO,227.0,Starlink-1293,Success
2020-04-22,Falcon 9,Cape Canaveral,LEO,227.0,Starlink-1294,Success
2020-03-18,Falcon 9,Cape Canaveral,LEO,227.0,Starlink-1295,Success
2020-03-18,Falcon 9,Cape Canaveral,LEO,227.0,Starlink-1296,Success
2020-03-18,Falcon 9,Cape Canaveral,LEO,227.0,Starlink-1297,Success
2020-03-18,Falcon 9,Cape Canaveral,LEO,227.0,Starlink-1298,Success
2020-03-18,Falcon 9,Cape Canaveral,LEO,227.0,Starlink-1299,Success
2020-03-18,Falcon 9,Cape Canaveral,LEO,227.0,Starlink-1300,Success
2020-03-18,Falcon 9,Cape Canaveral,LEO,227.0,Starlink-1301,Success
2020-03-18,Falcon 9,Cape Canaveral,LEO,227.0,Starlink-1302,Failure
2020-03-18,Falcon 9,Cape Canaveral,LEO,227.0,Starlink-1303,Success
2020-03-18,Falcon 9,Cape Canaveral,LEO,227.0,Starlink-1304,Success
2020-03-18,Falcon 9,Cape Canaveral,LEO,227.0,Starlink-1305,Success
2020-03-18,Falcon 9,Cape Canaveral,LEO,227.0,Starlink-1306,Failure
2020-03-18,Falcon 9,Cape Canaveral,LEO,227.0,Starlink-1307,Success
2020-03-18,Falcon 9,Cape Canaveral,LEO,227.0,Starlink-1308,Success
2020-03-18,Falcon 9,Cape Canaveral,LEO,227.0,Starlink-1309,Failure
2020-03-18,Falcon 9,Cape Canaveral,LEO,227.0,Starlink-1310,Success
2020-03-18,Falcon 9,Cape Canaveral,LEO,227.0,Starlink-1312,Success
2020-03-18,Falcon 9,Cape Canaveral,LEO,227.0,Starlink-1313,Success
2020-03-18,Falcon 9,Cape Canaveral,LEO,227.0,Starlink-1316,Success
2020-03-18,Falcon 9,Cape Canaveral,LEO,227.0,Starlink-1317,Failure
2020-03-18,Falcon 9,Cape Canaveral,LEO,227.0,Starlink-1318,Success
2020-03-18,Falcon 9,Cape Canaveral,LEO,227.0,Starlink-1319,Success
2020-04-22,Falcon 9,Cape Canaveral,LEO,227.0,Starlink-1320,Success
2020-04-22,Falcon 9,Cape Canaveral,LEO,227.0,Starlink-1321,Success
2020-04-22,Falcon 9,Cape Canaveral,LEO,227.0,Starlink-1323,Success
2020-04-22,Falcon 9,Cape Canaveral,LEO,227.0,Starlink-1324,Success
2020-04-22,Falcon 9,Cape Canaveral,LEO,227.0,Starlink-1325,Success
2020-04-22,Falcon 9,Cape Canaveral,LEO,227.0,Starlink-1326,Success
2020-04-22,Falcon 9,Cape Canaveral,LEO,227.0,Starlink-1327,Success
2020-04-22,Falcon 9,Cape Canaveral,LEO,227.0,Starlink-1328,Success
2020-04-22,Falcon 9,Cape Canaveral,LEO,227.0,Starlink-1329,Success
2020-04-22,Falcon 9,Cape Canaveral,LEO,227.0,Starlink-1330,Success
2020-04-22,Falcon 9,Cape Canaveral,LEO,227.0,Starlink-1331,Success
2020-04-22,Falcon 9,Cape Canaveral,LEO,227.0,Starlink-1332,Success
2020-04-22,Falcon 9,Cape Canaveral,LEO,227.0,Starlink-1333,Success
2020-04-22,Falcon 9,Cape Canaveral,LEO,227.0,Starlink-1334,Failure
2020-04-22,Falcon 9,Cape Canaveral,LEO,227.0,Starlink-1335,Success
2020-04-22,Falcon 9,Cape Canaveral,LEO,227.0,Starlink-1336,Failure
2020-04-22,Falcon 9,Cape Canaveral,LEO,227.0,Starlink-1337,Success
2020-04-22,Falcon 9,Cape Canaveral,LEO,227.0,Starlink-1338,Success
2020-04-22,Falcon 9,Cape Canaveral,LEO,227.0,Starlink-1340,Success
2020-04-22,Falcon 9,Cape Canaveral,LEO,227.0,Starlink-1341,Failure
2020-04-22,Falcon 9,Cape Canaveral,LEO,227.0,Starlink-1342,Success
2020-04-22,Falcon 9,Cape Canaveral,LEO,227.0,Starlink-1343,Success
2020-04-22,Falcon 9,Cape Canaveral,LEO,227.0,Starlink-1344,Success
2020-04-22,Falcon 9,Cape Canaveral,LEO,227.0,Starlink-1346,Success
2020-04-22,Falcon 9,Cape Canaveral,LEO,227.0,Starlink-1347,Success
2020-04-22,Falcon 9,Cape Canaveral,LEO,227.0,Starlink-1348,Success
2020-04-22,Falcon 9,Cape Canaveral,LEO,227.0,Starlink-1349,Failure
2020-04-22,Falcon 9,Cape Canaveral,LEO,227.0,Starlink-1350,Success
2020-06-03,Falcon 9,Cape Canaveral,LEO,227.0,Starlink-1351 ,Success
2020-04-22,Falcon 9,Cape Canaveral,LEO,227.0,Starlink-1352,Failure
2020-04-22,Falcon 9,Cape Canaveral,LEO,227.0,Starlink-1354,Success
2020-04-22,Falcon 9,Cape Canaveral,LEO,227.0,Starlink-1355,Success
2020-04-22,Falcon 9,Cape Canaveral,LEO,227.0,Starlink-1356,Success
2020-04-22,Falcon 9,Cape Canaveral,LEO,227.0,Starlink-1357,Success
2020-04-22,Falcon 9,Cape Canaveral,LEO,227.0,Starlink-1358,Success
2020-04-22,Falcon 9,Cape Canaveral,LEO,227.0,Starlink-1360,Success
2020-04-22,Falcon 9,Cape Canaveral,LEO,227.0,Starlink-1361,Success
2020-04-22,Falcon 9,Cape Canaveral,LEO,227.0,Starlink-1362,Success
2020-04-22,Falcon 9,Cape Canaveral,LEO,227.0,Starlink-1363,Success
2020-04-22,Falcon 9,Cape Canaveral,LEO,227.0,Starlink-1364,Success
2020-04-22,Falcon 9,Cape Canaveral,LEO,227.0,Starlink-1365,Failure
2020-04-22,Falcon 9,Cape Canaveral,LEO,227.0,Starlink-1366,Success
2020-04-22,Falcon 9,Cape Canaveral,LEO,227.0,Starlink-1368,Success
2020-04-22,Falcon 9,Cape Canaveral,LEO,227.0,Starlink-1369,Success
2020-06-03,Falcon 9,Cape Canaveral,LEO,227.0,Starlink-1370,Failure
2020-04-22,Falcon 9,Cape Canaveral,LEO,227.0,Starlink-1371,Success
2020-04-22,Falcon 9,Cape Canaveral,LEO,227.0,Starlink-1372,Success
2020-04-22,Falcon 9,Cape Canaveral,LEO,227.0,Starlink-1373,Success
2020-04-22,Falcon 9,Cape Canaveral,LEO,227.0,Starlink-1374,Success
2020-04-22,Falcon 9,Cape Canaveral,LEO,227.0,Starlink-1375,Success
2020-04-22,Falcon 9,Cape Canaveral,LEO,227.0,Starlink-1376,Failure
2020-04-22,Falcon 9,Cape Canaveral,LEO,227.0,Starlink-1377,Failure
2020-04-22,Falcon 9,Cape Canaveral,LEO,227.0,Starlink-1378,Success
2020-04-22,Falcon 9,Cape Canaveral,LEO,227.0,Starlink-1390,Success
2020-06-13,Falcon 9,Cape Canaveral,LEO,227.0,Starlink-1391 ,Success
2020-06-03,Falcon 9,Cape Canaveral,LEO,227.0,Starlink-1392,Success
2020-06-03,Falcon 9,Cape Canaveral,LEO,227.0,Starlink-1393,Success
2020-06-03,Falcon 9,Cape Canaveral,LEO,227.0,Starlink-1394 ,Success
2020-06-03,Falcon 9,Cape Canaveral,LEO,227.0,Starlink-1395,Success
2020-06-03,Falcon 9,Cape Canaveral,LEO,227.0,Starlink-1396,Success
2020-06-03,Falcon 9,Cape Canaveral,LEO,227.0,Starlink-1397,Failure
2020-06-03,Falcon 9,Cape Canaveral,LEO,227.0,Starlink-1398,Success
2020-06-03,Falcon 9,Cape Canaveral,LEO,227.0,Starlink-1399 ,Failure
2020-06-03,Falcon 9,Cape Canaveral,LEO,227.0,Starlink-1400,Success
2020-06-03,Falcon 9,Cape Canaveral,LEO,227.0,Starlink-1401,Success
2020-06-03,Falcon 9,Cape Canaveral,LEO,227.0,Starlink-1402,Success
2020-06-03,Falcon 9,Cape Canaveral,LEO,227.0,Starlink-1403,Success
2020-06-03,Falcon 9,Cape Canaveral,LEO,227.0,Starlink-1404,Success
2020-06-03,Falcon 9,Cape Canaveral,LEO,227.0,Starlink-1405,Success
2020-06-03,Falcon 9,Cape Canaveral,LEO,227.0,Starlink-1407,Success
2020-06-03,Falcon 9,Cape Canaveral,LEO,227.0,Starlink-1408,Success
2020-06-03,Falcon 9,Cape Canaveral,LEO,227.0,Starlink-1409,Success
2020-06-03,Falcon 9,Cape Canaveral,LEO,227.0,Starlink-1410,Success
2020-06-03,Falcon 9,Cape Canaveral,LEO,227.0,Starlink-1411,Success
2020-06-03,Falcon 9,Cape Canaveral,LEO,227.0,Starlink-1412,Success
2020-06-03,Falcon 9,Cape Canaveral,LEO,227.0,Starlink-1413,Success
2020-06-03,Falcon 9,Cape Canaveral,LEO,227.0,Starlink-1414 ,Success
2020-06-03,Falcon 9,Cape Canaveral,LEO,227.0,Starlink-1415,Success
2020-06-03,Falcon 9,Cape Canaveral,LEO,227.0,Starlink-1416,Success
2020-06-03,Falcon 9,Cape Canaveral,LEO,227.0,Starlink-1417,Failure
2020-06-03,Falcon 9,Cape Canaveral,LEO,227.0,Starlink-1418,Success
2020-06-03,Falcon 9,Cape Canaveral,LEO,227.0,Starlink-1419,Failure
2020-06-03,Falcon 9,Cape Canaveral,LEO,227.0,Starlink-1420,Failure
2020-06-03,Falcon 9,Cape Canaveral,LEO,227.0,Starlink-1421 ,Success
2020-06-03,Falcon 9,Cape Canaveral,LEO,227.0,Starlink-1422 ,Success
2020-06-03,Falcon 9,Cape Canaveral,LEO,227.0,Starlink-1423 ,Success
2020-06-03,Falcon 9,Cape Canaveral,LEO,227.0,Starlink-1433 ,Success
2020-06-03,Falcon 9,Cape Canaveral,LEO,227.0,Starlink-1434 ,Success
2020-06-03,Falcon 9,Cape Canaveral,LEO,227.0,Starlink-1436 (VisorSat),Success
2020-06-03,Falcon 9,Cape Canaveral,LEO,227.0,Starlink-1437,Success
2020-06-03,Falcon 9,Cape Canaveral,LEO,227.0,Starlink-1438,Success
2020-06-03,Falcon 9,Cape Canaveral,LEO,227.0,Starlink-1441,Success
2020-06-03,Falcon 9,Cape Canaveral,LEO,227.0,Starlink-1442 ,Success
2020-06-03,Falcon 9,Cape Canaveral,LEO,227.0,Starlink-1443,Success
2020-06-03,Falcon 9,Cape Canaveral,LEO,227.0,Starlink-1444 ,Success
2020-06-03,Falcon 9,Cape Canaveral,LEO,227.0,Starlink-1445,Success
2020-06-03,Falcon 9,Cape Canaveral,LEO,227.0,Starlink-1446,Success
2020-06-03,Falcon 9,Cape Canaveral,LEO,227.0,Starlink-1448,Success
2020-06-03,Falcon 9,Cape Canaveral,LEO,227.0,Starlink-1449,Success
2020-06-03,Falcon 9,Cape Canaveral,LEO,227.0,Starlink-1450,Failure
2020-06-03,Falcon 9,Cape Canaveral,LEO,227.0,Starlink-1451 ,Success
2020-06-03,Falcon 9,Cape Canaveral,LEO,227.0,Starlink-1452 ,Success
2020-06-03,Falcon 9,Cape Canaveral,LEO,227.0,Starlink-1453 ,Success
2020-06-03,Falcon 9,Cape Canaveral,LEO,227.0,Starlink-1454 ,Success
2020-06-03,Falcon 9,Cape Canaveral,LEO,227.0,Starlink-1455,Success
2020-06-03,Falcon 9,Cape Canaveral,LEO,227.0,Starlink-1456 ,Success
2020-06-03,Falcon 9,Cape Canaveral,LEO,227.0,Starlink-1457,Success
2020-06-03,Falcon 9,Cape Canaveral,LEO,227.0,Starlink-1458 ,Success
2020-06-13,Falcon 9,Cape Canaveral,LEO,227.0,Starlink-1459 ,Success
2020-06-03,Falcon 9,Cape Canaveral,LEO,227.0,Starlink-1460 ,Success
2020-06-13,Falcon 9,Cape Canaveral,LEO,227.0,Starlink-1461,Success
2020-06-13,Falcon 9,Cape Canaveral,LEO,227.0,Starlink-1462 ,Success
2020-06-13,Falcon 9,Cape Canaveral,LEO,227.0,Starlink-1463 ,Success
2020-06-13,Falcon 9,Cape Canaveral,LEO,227.0,Starlink-1464 ,Success
2020-06-13,Falcon 9,Cape Canaveral,LEO,227.0,Starlink-1465 ,Success
2020-06-13,Falcon 9,Cape Canaveral,LEO,227.0,Starlink-1466 ,Success
2020-06-13,Falcon 9,Cape Canaveral,LEO,227.0,Starlink-1467,Success
2020-06-13,Falcon 9,Cape Canaveral,LEO,227.0,Starlink-1468,Success
2020-06-13,Falcon 9,Cape Canaveral,LEO,227.0,Starlink-1470,Success
2020-06-13,Falcon 9,Cape Canaveral,LEO,227.0,Starlink-1471,Success
2020-06-13,Falcon 9,Cape Canaveral,LEO,227.0,Starlink-1472 ,Success
2020-06-13,Falcon 9,Cape Canaveral,LEO,227.0,Starlink-1474 ,Success
2020-06-13,Falcon 9,Cape Canaveral,LEO,227.0,Starlink-1475,Success
2020-06-13,Falcon 9,Cape Canaveral,LEO,227.0,Starlink-1476,Success
2020-06-13,Falcon 9,Cape Canaveral,LEO,227.0,Starlink-1477,Success
2020-06-13,Falcon 9,Cape Canaveral,LEO,227.0,Starlink-1478 ,Success
2020-06-13,Falcon 9,Cape Canaveral,LEO,227.0,Starlink-1479 ,Success
2020-06-13,Falcon 9,Cape Canaveral,LEO,227.0,Starlink-1480,Success
2020-06-13,Falcon 9,Cape Canaveral,LEO,227.0,Starlink-1481,Success
2020-06-13,Falcon 9,Cape Canaveral,LEO,227.0,Starlink-1482 ,Success
2020-06-13,Falcon 9,Cape Canaveral,LEO,227.0,Starlink-1483 ,Failure
2020-06-13,Falcon 9,Cape Canaveral,LEO,227.0,Starlink-1484,Success
2020-06-13,Falcon 9,Cape Canaveral,LEO,227.0,Starlink-1485 ,Success
2020-06-13,Falcon 9,Cape Canaveral,LEO,227.0,Starlink-1486,Success
2020-06-13,Falcon 9,Cape Canaveral,LEO,227.0,Starlink-1487 ,Success
2020-06-13,Falcon 9,Cape Canaveral,LEO,227.0,Starlink-1488 ,Success
2020-06-13,Falcon 9,Cape Canaveral,LEO,227.0,Starlink-1489 ,Success
2020-06-13,Falcon 9,Cape Canaveral,LEO,227.0,Starlink-1490 ,Success
2020-06-13,Falcon 9,Cape Canaveral,LEO,227.0,Starlink-1491,Success
2020-06-13,Falcon 9,Cape Canaveral,LEO,227.0,Starlink-1492 ,Success
2020-06-13,Falcon 9,Cape Canaveral,LEO,227.0,Starlink-1493 ,Success
2020-06-13,Falcon 9,Cape Canaveral,LEO,227.0,Starlink-1494,Success
2020-06-13,Falcon 9,Cape Canaveral,LEO,227.0,Starlink-1496,Success
2020-06-13,Falcon 9,Cape Canaveral,LEO,227.0,Starlink-1497 ,Success
2020-06-13,Falcon 9,Cape Canaveral,LEO,227.0,Starlink-1498,Success
2020-06-13,Falcon 9,Cape Canaveral,LEO,227.0,Starlink-1499,Success
2020-06-13,Falcon 9,Cape Canaveral,LEO,227.0,Starlink-1500,Success
2020-06-13,Falcon 9,Cape Canaveral,LEO,227.0,Starlink-1502,Success
2020-06-13,Falcon 9,Cape Canaveral,LEO,227.0,Starlink-1503 ,Success
2020-06-13,Falcon 9,Cape Canaveral,LEO,227.0,Starlink-1504,Success
2020-06-13,Falcon 9,Cape Canaveral,LEO,227.0,Starlink-1505 ,Success
2020-06-13,Falcon 9,Cape Canaveral,LEO,227.0,Starlink-1506 ,Success
2020-06-13,Falcon 9,Cape Canaveral,LEO,227.0,Starlink-1507 ,Success
2020-06-13,Falcon 9,Cape Canaveral,LEO,227.0,Starlink-1509 ,Success
2020-06-13,Falcon 9,Cape Canaveral,LEO,227.0,Starlink-1510 ,Success
2020-06-13,Falcon 9,Cape Canaveral,LEO,227.0,Starlink-1511 ,Success
2020-06-13,Falcon 9,Cape Canaveral,LEO,227.0,Starlink-1512,Success
2020-06-13,Falcon 9,Cape Canaveral,LEO,227.0,Starlink-1513 ,Success
2020-08-07,Falcon 9,Cape Canaveral,LEO,260.0,Starlink-1515 ,Success
2020-06-13,Falcon 9,Cape Canaveral,LEO,227.0,Starlink-1517 ,Success
2020-06-13,Falcon 9,Cape Canaveral,LEO,227.0,Starlink-1521 ,Success
2020-08-07,Falcon 9,Cape Canaveral,LEO,260.0,Starlink-1522 ,Success
2020-08-07,Falcon 9,Cape Canaveral,LEO,260.0,Starlink-1523 ,Success
2020-08-07,Falcon 9,Cape Canaveral,LEO,260.0,Starlink-1524 ,Success
2020-08-07,Falcon 9,Cape Canaveral,LEO,260.0,Starlink-1525 ,Failure
2020-08-07,Falcon 9,Cape Canaveral,LEO,260.0,Starlink-1526 ,Success
2020-08-07,Falcon 9,Cape Canaveral,LEO,260.0,Starlink-1527 ,Success
2021-02-15,Falcon 9,Cape Canaveral,LEO,260.0,Starlink-1528 ,Success
2020-08-07,Falcon 9,Cape Canaveral,LEO,260.0,Starlink-1529 ,Success
2020-08-07,Falcon 9,Cape Canaveral,LEO,260.0,Starlink-1530 ,Success
2020-10-06,Falcon 9,Cape Canaveral,LEO,260.0,Starlink-1531 ,Success
2020-08-07,Falcon 9,Cape Canaveral,LEO,260.0,Starlink-1532 ,Success
2020-08-07,Falcon 9,Cape Canaveral,LEO,260.0,Starlink-1533 ,Success
2020-08-07,Falcon 9,Cape Canaveral,LEO,260.0,Starlink-1534 ,Failure
2020-08-07,Falcon 9,Cape Canaveral,LEO,260.0,Starlink-1536,Success
2020-08-07,Falcon 9,Cape Canaveral,LEO,260.0,Starlink-1538 ,Success
2020-08-07,Falcon 9,Cape Canaveral,LEO,260.0,Starlink-1539 ,Success
2020-08-07,Falcon 9,Cape Canaveral,LEO,260.0,Starlink-1540 ,Success
2020-08-07,Falcon 9,Cape Canaveral,LEO,260.0,Starlink-1541 ,Success
2020-08-07,Falcon 9,Cape Canaveral,LEO,260.0,Starlink-1542 ,Success
2020-08-07,Falcon 9,Cape Canaveral,LEO,260.0,Starlink-1543 ,Success
2020-08-07,Falcon 9,Cape Canaveral,LEO,260.0,Starlink-1544 ,Success
2020-08-18,Falcon 9,Cape Canaveral,LEO,260.0,Starlink-1545 ,Success
2020-09-03,Falcon 9,Cape Canaveral,LEO,260.0,Starlink-1546,Success
2020-09-03,Falcon 9,Cape Canaveral,LEO,260.0,Starlink-1547,Success
2020-08-07,Falcon 9,Cape Canaveral,LEO,260.0,Starlink-1548 ,Success
2020-08-07,Falcon 9,Cape Canaveral,LEO,260.0,Starlink-1549 ,Success
2020-09-03,Falcon 9,Cape Canaveral,LEO,260.0,Starlink-1550,Success
2020-08-07,Falcon 9,Cape Canaveral,LEO,260.0,Starlink-1551 ,Success
2020-08-07,Falcon 9,Cape Canaveral,LEO,260.0,Starlink-1552 ,Success
2020-09-03,Falcon 9,Cape Canaveral,LEO,260.0,Starlink-1553,Success
2020-08-07,Falcon 9,Cape Canaveral,LEO,260.0,Starlink-1554 ,Success
2020-08-07,Falcon 9,Cape Canaveral,LEO,260.0,Starlink-1555 ,Success
2020-08-07,Falcon 9,Cape Canaveral,LEO,260.0,Starlink-1556 ,Failure
2020-08-07,Falcon 9,Cape Canaveral,LEO,260.0,Starlink-1557 ,Success
2020-08-07,Falcon 9,Cape Canaveral,LEO,260.0,Starlink-1558 ,Success
2020-08-07,Falcon 9,Cape Canaveral,LEO,260.0,Starlink-1559 ,Failure
2020-08-07,Falcon 9,Cape Canaveral,LEO,260.0,Starlink-1560 ,Success
2020-08-07,Falcon 9,Cape Canaveral,LEO,260.0,Starlink-1561 ,Success
2020-08-07,Falcon 9,Cape Canaveral,LEO,260.0,Starlink-1562 ,Success
2020-08-07,Falcon 9,Cape Canaveral,LEO,260.0,Starlink-1563 ,Success
2020-08-07,Falcon 9,Cape Canaveral,LEO,260.0,Starlink-1564 ,Success
2020-08-07,Falcon 9,Cape Canaveral,LEO,260.0,Starlink-1565 ,Success
2020-08-07,Falcon 9,Cape Canaveral,LEO,260.0,Starlink-1566 ,Success
2020-08-07,Falcon 9,Cape Canaveral,LEO,260.0,Starlink-1567 ,Failure
2020-08-07,Falcon 9,Cape Canaveral,LEO,260.0,Starlink-1568 ,Success
2020-08-07,Falcon 9,Cape Canaveral,LEO,260.0,Starlink-1569 ,Failure
2020-08-07,Falcon 9,Cape Canaveral,LEO,260.0,Starlink-1570 ,Success
2020-08-07,Falcon 9,Cape Canaveral,LEO,260.0,Starlink-1571 ,Success
2020-08-07,Falcon 9,Cape Canaveral,LEO,260.0,Starlink-1572 ,Success
2020-08-07,Falcon 9,Cape Canaveral,LEO,260.0,Starlink-1573 ,Success
2020-08-07,Falcon 9,Cape Canaveral,LEO,260.0,Starlink-1574 ,Success
2020-09-03,Falcon 9,Cape Canaveral,LEO,260.0,Starlink-1575,Success
2020-08-07,Falcon 9,Cape Canaveral,LEO,260.0,Starlink-1576 ,Success
2020-08-07,Falcon 9,Cape Canaveral,LEO,260.0,Starlink-1577 ,Success
2020-08-07,Falcon 9,Cape Canaveral,LEO,260.0,Starlink-1578 ,Success
2020-08-07,Falcon 9,Cape Canaveral,LEO,260.0,Starlink-1579 ,Success
2020-08-07,Falcon 9,Cape Canaveral,LEO,260.0,Starlink-1580 ,Success
2020-08-07,Falcon 9,Cape Canaveral,LEO,260.0,Starlink-1581 ,Success
2020-08-07,Falcon 9,Cape Canaveral,LEO,260.0,Starlink-1582 ,Failure
2020-08-07,Falcon 9,Cape Canaveral,LEO,260.0,Starlink-1583 ,Success
2020-08-07,Falcon 9,Cape Canaveral,LEO,260.0,Starlink-1584 ,Success
2020-08-18,Falcon 9,Cape Canaveral,LEO,260.0,Starlink-1585 ,Success
2020-08-18,Falcon 9,Cape Canaveral,LEO,260.0,Starlink-1586 ,Success
2020-08-18,Falcon 9,Cape Canaveral,LEO,260.0,Starlink-1587 ,Failure
2020-08-18,Falcon 9,Cape Canaveral,LEO,260.0,Starlink-1588 ,Success
2020-08-18,Falcon 9,Cape Canaveral,LEO,260.0,Starlink-1589 ,Success
2020-08-18,Falcon 9,Cape Canaveral,LEO,260.0,Starlink-1590 ,Success
2020-08-07,Falcon 9,Cape Canaveral,LEO,260.0,Starlink-1591 ,Failure
2020-08-18,Falcon 9,Cape Canaveral,LEO,260.0,Starlink-1593 ,Success
2020-08-18,Falcon 9,Cape Canaveral,LEO,260.0,Starlink-1594 ,Success
2020-08-18,Falcon 9,Cape Canaveral,LEO,260.0,Starlink-1595 ,Success
2020-08-18,Falcon 9,Cape Canaveral,LEO,260.0,Starlink-1596 ,Success
2020-08-18,Falcon 9,Cape Canaveral,LEO,260.0,Starlink-1597 ,Failure
2020-08-18,Falcon 9,Cape Canaveral,LEO,260.0,Starlink-1598 ,Success
2020-08-18,Falcon 9,Cape Canaveral,LEO,260.0,Starlink-1600 ,Success
2020-08-18,Falcon 9,Cape Canaveral,LEO,260.0,Starlink-1601 ,Success
2020-08-18,Falcon 9,Cape Canaveral,LEO,260.0,Starlink-1602 ,Success
2020-08-18,Falcon 9,Cape Canaveral,LEO,260.0,Starlink-1603 ,Success
2020-08-18,Falcon 9,Cape Canaveral,LEO,260.0,Starlink-1604 ,Failure
2020-08-18,Falcon 9,Cape Canaveral,LEO,260.0,Starlink-1605 ,Success
2020-08-18,Falcon 9,Cape Canaveral,LEO,260.0,Starlink-1606 ,Success
2020-08-18,Falcon 9,Cape Canaveral,LEO,260.0,Starlink-1607 ,Success
2020-08-18,Falcon 9,Cape Canaveral,LEO,260.0,Starlink-1608 ,Success
2021-02-15,Falcon 9,Cape Canaveral,LEO,260.0,Starlink-1609 ,Success
2020-08-18,Falcon 9,Cape Canaveral,LEO,260.0,Starlink-1610 ,Success
2020-08-18,Falcon 9,Cape Canaveral,LEO,260.0,Starlink-1611 ,Success
2020-08-18,Falcon 9,Cape Canaveral,LEO,260.0,Starlink-1612 ,Success
2020-08-18,Falcon 9,Cape Canaveral,LEO,260.0,Starlink-1613 ,Failure
2020-08-18,Falcon 9,Cape Canaveral,LEO,260.0,Starlink-1614 ,Success
2020-08-18,Falcon 9,Cape Canaveral,LEO,260.0,Starlink-1615 ,Success
2020-08-18,Falcon 9,Cape Canaveral,LEO,260.0,Starlink-1616 ,Success
2020-09-03,Falcon 9,Cape Canaveral,LEO,260.0,Starlink-1617 ,Success
2020-08-18,Falcon 9,Cape Canaveral,LEO,260.0,Starlink-1618 ,Success
2020-08-18,Falcon 9,Cape Canaveral,LEO,260.0,Starlink-1619 ,Success
2020-08-18,Falcon 9,Cape Canaveral,LEO,260.0,Starlink-1620 ,Success
2020-08-18,Falcon 9,Cape Canaveral,LEO,260.0,Starlink-1621 ,Success
2020-08-18,Falcon 9,Cape Canaveral,LEO,260.0,Starlink-1622 ,Success
2020-08-18,Falcon 9,Cape Canaveral,LEO,260.0,Starlink-1623 ,Failure
2020-08-18,Falcon 9,Cape Canaveral,LEO,260.0,Starlink-1624 ,Success
2020-08-18,Falcon 9,Cape Canaveral,LEO,260.0,Starlink-1625 ,Success
2020-08-18,Falcon 9,Cape Canaveral,LEO,260.0,Starlink-1626 ,Success
2020-08-18,Falcon 9,Cape Canaveral,LEO,260.0,Starlink-1627 ,Success
2020-08-18,Falcon 9,Cape Canaveral,LEO,260.0,Starlink-1628 ,Success
2020-08-18,Falcon 9,Cape Canaveral,LEO,260.0,Starlink-1629 ,Success
2020-08-18,Falcon 9,Cape Canaveral,LEO,260.0,Starlink-1630 ,Success
2020-08-18,Falcon 9,Cape Canaveral,LEO,260.0,Starlink-1631 ,Success
2020-08-18,Falcon 9,Cape Canaveral,LEO,260.0,Starlink-1633 ,Success
2020-08-18,Falcon 9,Cape Canaveral,LEO,260.0,Starlink-1634 ,Success
2020-08-18,Falcon 9,Cape Canaveral,LEO,260.0,Starlink-1635 ,Success
2020-08-18,Falcon 9,Cape Canaveral,LEO,260.0,Starlink-1636 ,Success
2020-08-18,Falcon 9,Cape Canaveral,LEO,260.0,Starlink-1637 ,Failure
2020-08-18,Falcon 9,Cape Canaveral,LEO,260.0,Starlink-1638 ,Success
2020-08-18,Falcon 9,Cape Canaveral,LEO,260.0,Starlink-1639 ,Success
2020-08-18,Falcon 9,Cape Canaveral,LEO,260.0,Starlink-1640 ,Success
2020-08-18,Falcon 9,Cape Canaveral,LEO,260.0,Starlink-1641 ,Success
2020-08-18,Falcon 9,Cape Canaveral,LEO,260.0,Starlink-1642 ,Success
2020-08-18,Falcon 9,Cape Canaveral,LEO,260.0,Starlink-1643 ,Success
2020-10-06,Falcon 9,Cape Canaveral,LEO,260.0,Starlink-1644 ,Success
2021-02-15,Falcon 9,Cape Canaveral,LEO,260.0,Starlink-1645 ,Success
2020-09-03,Falcon 9,Cape Canaveral,LEO,260.0,Starlink-1646,Success
2021-03-24,Falcon 9,Cape Canaveral,LEO,260.0,Starlink-1647 ,Success
2020-10-06,Falcon 9,Cape Canaveral,LEO,260.0,Starlink-1648 ,Success
2020-10-06,Falcon 9,Cape Canaveral,LEO,260.0,Starlink-1650 ,Success
2020-09-03,Falcon 9,Cape Canaveral,LEO,260.0,Starlink-1651,Failure
2020-09-03,Falcon 9,Cape Canaveral,LEO,260.0,Starlink-1653,Success
2020-09-03,Falcon 9,Cape Canaveral,LEO,260.0,Starlink-1654 ,Success
2021-02-15,Falcon 9,Cape Canaveral,LEO,260.0,Starlink-1655 ,Success
2020-09-03,Falcon 9,Cape Canaveral,LEO,260.0,Starlink-1656,Success
2020-09-03,Falcon 9,Cape Canaveral,LEO,260.0,Starlink-1657,Success
2020-09-03,Falcon 9,Cape Canaveral,LEO,260.0,Starlink-1658,Success
2020-10-06,Falcon 9,Cape Canaveral,LEO,260.0,Starlink-1659 ,Success
2020-10-06,Falcon 9,Cape Canaveral,LEO,260.0,Starlink-1660 ,Success
2020-09-03,Falcon 9,Cape Canaveral,LEO,260.0,Starlink-1661,Success
2020-10-06,Falcon 9,Cape Canaveral,LEO,260.0,Starlink-1663 ,Success
2020-10-06,Falcon 9,Cape Canaveral,LEO,260.0,Starlink-1664 ,Success
2020-09-03,Falcon 9,Cape Canaveral,LEO,260.0,Starlink-1665,Success
2020-09-03,Falcon 9,Cape Canaveral,LEO,260.0,Starlink-1666,Success
2020-08-18,Falcon 9,Cape Canaveral,LEO,260.0,Starlink-1667 ,Success
2021-02-15,Falcon 9,Cape Canaveral,LEO,260.0,Starlink-1669 ,Success
2020-09-03,Falcon 9,Cape Canaveral,LEO,260.0,Starlink-1670,Success
2020-10-06,Falcon 9,Cape Canaveral,LEO,260.0,Starlink-1671 ,Success
2020-10-06,Falcon 9,Cape Canaveral,LEO,260.0,Starlink-1672 ,Success
2020-09-03,Falcon 9,Cape Canaveral,LEO,260.0,Starlink-1673,Success
2020-10-06,Falcon 9,Cape Canaveral,LEO,260.0,Starlink-1675 ,Success
2020-10-06,Falcon 9,Cape Canaveral,LEO,260.0,Starlink-1676 ,Success
2020-10-06,Falcon 9,Cape Canaveral,LEO,260.0,Starlink-1677 ,Success
2020-10-06,Falcon 9,Cape Canaveral,LEO,260.0,Starlink-1678 ,Success
2020-10-06,Falcon 9,Cape Canaveral,LEO,260.0,Starlink-1679 ,Success
2020-10-06,Falcon 9,Cape Canaveral,LEO,260.0,Starlink-1680 ,Success
2020-10-06,Falcon 9,Cape Canaveral,LEO,260.0,Starlink-1681 ,Success
2020-10-06,Falcon 9,Cape Canaveral,LEO,260.0,Starlink-1682 ,Success
2020-10-06,Falcon 9,Cape Canaveral,LEO,260.0,Starlink-1683 ,Success
2020-09-03,Falcon 9,Cape Canaveral,LEO,260.0,Starlink-1686,Success
2020-10-06,Falcon 9,Cape Canaveral,LEO,260.0,Starlink-1687 ,Success
2020-09-03,Falcon 9,Cape Canaveral,LEO,260.0,Starlink-1688,Success
2020-09-03,Falcon 9,Cape Canaveral,LEO,260.0,Starlink-1689,Failure
2020-09-03,Falcon 9,Cape Canaveral,LEO,260.0,Starlink-1690,Success
2020-10-06,Falcon 9,Cape Canaveral,LEO,260.0,Starlink-1692 ,Success
2020-10-06,Falcon 9,Cape Canaveral,LEO,260.0,Starlink-1693 ,Success
2020-10-06,Falcon 9,Cape Canaveral,LEO,260.0,Starlink-1694 ,Success
2020-09-03,Falcon 9,Cape Canaveral,LEO,260.0,Starlink-1695,Success
2020-10-06,Falcon 9,Cape Canaveral,LEO,260.0,Starlink-1696 ,Success
2020-10-06,Falcon 9,Cape Canaveral,LEO,260.0,Starlink-1697 ,Success
2020-10-06,Falcon 9,Cape Canaveral,LEO,260.0,Starlink-1698 ,Success
2020-10-06,Falcon 9,Cape Canaveral,LEO,260.0,Starlink-1699 ,Success
2020-10-06,Falcon 9,Cape Canaveral,LEO,260.0,Starlink-1700 ,Success
2020-10-06,Falcon 9,Cape Canaveral,LEO,260.0,Starlink-1701 ,Failure
2021-02-15,Falcon 9,Cape Canaveral,LEO,260.0,Starlink-1704 ,Success
2020-10-06,Falcon 9,Cape Canaveral,LEO,260.0,Starlink-1705 ,Success
2020-10-06,Falcon 9,Cape Canaveral,LEO,260.0,Starlink-1706 ,Success
2020-09-03,Falcon 9,Cape Canaveral,LEO,260.0,Starlink-1707,Failure
2020-10-06,Falcon 9,Cape Canaveral,LEO,260.0,Starlink-1708 ,Failure
2020-10-06,Falcon 9,Cape Canaveral,LEO,260.0,Starlink-1709 ,Success
2020-09-03,Falcon 9,Cape Canaveral,LEO,260.0,Starlink-1710,Success
2020-09-03,Falcon 9,Cape Canaveral,LEO,260.0,Starlink-1711,Success
2020-10-06,Falcon 9,Cape Canaveral,LEO,260.0,Starlink-1712 ,Success
2020-09-03,Falcon 9,Cape Canaveral,LEO,260.0,Starlink-1713,Success
2020-10-06,Falcon 9,Cape Canaveral,LEO,260.0,Starlink-1714 ,Success
2020-10-18,Falcon 9,Cape Canaveral,LEO,260.0,Starlink-1715 ,Success
2020-10-18,Falcon 9,Cape Canaveral,LEO,260.0,Starlink-1716 ,Success
2020-10-18,Falcon 9,Cape Canaveral,LEO,260.0,Starlink-1717 ,Success
2020-10-18,Falcon 9,Cape Canaveral,LEO,260.0,Starlink-1718 ,Success
2020-09-03,Falcon 9,Cape Canaveral,LEO,260.0,Starlink-1719 ,Success
2020-10-18,Falcon 9,Cape Canaveral,LEO,260.0,Starlink-1720 ,Success
2020-09-03,Falcon 9,Cape Canaveral,LEO,260.0,Starlink-1721,Success
2020-09-03,Falcon 9,Cape Canaveral,LEO,260.0,Starlink-1722,Success
2020-09-03,Falcon 9,Cape Canaveral,LEO,260.0,Starlink-1723,Success
2020-09-03,Falcon 9,Cape Canaveral,LEO,260.0,Starlink-1724,Success
2020-09-03,Falcon 9,Cape Canaveral,LEO,260.0,Starlink-1725,Success
2020-09-03,Falcon 9,Cape Canaveral,LEO,260.0,Starlink-1726 ,Success
2020-09-03,Falcon 9,Cape Canaveral,LEO,260.0,Starlink-1727,Success
2020-10-06,Falcon 9,Cape Canaveral,LEO,260.0,Starlink-1728 ,Success
2020-10-06,Falcon 9,Cape Canaveral,LEO,260.0,Starlink-1729 ,Success
2020-10-06,Falcon 9,Cape Canaveral,LEO,260.0,Starlink-1730 ,Success
2020-10-06,Falcon 9,Cape Canaveral,LEO,260.0,Starlink-1732 ,Success
2020-10-06,Falcon 9,Cape Canaveral,LEO,260.0,Starlink-1733 ,Success
2020-09-03,Falcon 9,Cape Canaveral,LEO,260.0,Starlink-1734,Success
2020-10-06,Falcon 9,Cape Canaveral,LEO,260.0,Starlink-1735 ,Success
2020-10-06,Falcon 9,Cape Canaveral,LEO,260.0,Starlink-1736 ,Success
2020-10-06,Falcon 9,Cape Canaveral,LEO,260.0,Starlink-1737 ,Failure
2020-09-03,Falcon 9,Cape Canaveral,LEO,260.0,Starlink-1738 ,Success
2020-09-03,Falcon 9,Cape Canaveral,LEO,260.0,Starlink-1739,Success
2020-10-06,Falcon 9,Cape Canaveral,LEO,260.0,Starlink-1740 ,Success
2020-10-06,Falcon 9,Cape Canaveral,LEO,260.0,Starlink-1741 ,Success
2020-09-03,Falcon 9,Cape Canaveral,LEO,260.0,Starlink-1742,Success
2020-10-06,Falcon 9,Cape Canaveral,LEO,260.0,Starlink-1746 ,Success
2020-10-06,Falcon 9,Cape Canaveral,LEO,260.0,Starlink-1747 ,Success
2020-10-06,Falcon 9,Cape Canaveral,LEO,260.0,Starlink-1748 ,Success
2020-10-06,Falcon 9,Cape Canaveral,LEO,260.0,Starlink-1749 ,Success
2020-09-03,Falcon 9,Cape Canaveral,LEO,260.0,Starlink-1750,Failure
2020-09-03,Falcon 9,Cape Canaveral,LEO,260.0,Starlink-1752,Success
2020-10-06,Falcon 9,Cape Canaveral,LEO,260.0,Starlink-1755 ,Success
2020-09-03,Falcon 9,Cape Canaveral,LEO,260.0,Starlink-1758,Success
2020-09-03,Falcon 9,Cape Canaveral,LEO,260.0,Starlink-1759,Success
2020-09-03,Falcon 9,Cape Canaveral,LEO,260.0,Starlink-1760 ,Success
2021-02-15,Falcon 9,Cape Canaveral,LEO,260.0,Starlink-1761 ,Success
2020-09-03,Falcon 9,Cape Canaveral,LEO,260.0,Starlink-1762,Success
2020-09-03,Falcon 9,Cape Canaveral,LEO,260.0,Starlink-1763,Success
2020-09-03,Falcon 9,Cape Canaveral,LEO,260.0,Starlink-1764,Success
2020-09-03,Falcon 9,Cape Canaveral,LEO,260.0,Starlink-1765,Success
2020-10-18,Falcon 9,Cape Canaveral,LEO,260.0,Starlink-1766 ,Success
2020-09-03,Falcon 9,Cape Canaveral,LEO,260.0,Starlink-1767,Success
2020-09-03,Falcon 9,Cape Canaveral,LEO,260.0,Starlink-1769,Success
2020-09-03,Falcon 9,Cape Canaveral,LEO,260.0,Starlink-1770 ,Success
2020-09-03,Falcon 9,Cape Canaveral,LEO,260.0,Starlink-1771,Success
2020-10-18,Falcon 9,Cape Canaveral,LEO,260.0,Starlink-1773 ,Success
2020-10-18,Falcon 9,Cape Canaveral,LEO,260.0,Starlink-1774 ,Success
2020-10-18,Falcon 9,Cape Canaveral,LEO,260.0,Starlink-1775 ,Success
2020-10-18,Falcon 9,Cape Canaveral,LEO,260.0,Starlink-1776 ,Success
2020-11-24,Falcon 9,Cape Canaveral,LEO,260.0,Starlink-1777 ,Success
2020-10-18,Falcon 9,Cape Canaveral,LEO,260.0,Starlink-1780 ,Success
2020-10-18,Falcon 9,Cape Canaveral,LEO,260.0,Starlink-1781 ,Success
2021-02-04,Falcon 9,Cape Canaveral,LEO,260.0,Starlink-1782,Success
2020-10-18,Falcon 9,Cape Canaveral,LEO,260.0,Starlink-1783 ,Success
2020-10-18,Falcon 9,Cape Canaveral,LEO,260.0,Starlink-1784 ,Success
2020-11-24,Falcon 9,Cape Canaveral,LEO,260.0,Starlink-1785 ,Success
2020-10-18,Falcon 9,Cape Canaveral,LEO,260.0,Starlink-1788 ,Failure
2020-10-18,Falcon 9,Cape Canaveral,LEO,260.0,Starlink-1789 ,Success
2020-10-18,Falcon 9,Cape Canaveral,LEO,260.0,Starlink-1790 ,Success
2020-10-18,Falcon 9,Cape Canaveral,LEO,260.0,Starlink-1791 ,Success
2020-10-18,Falcon 9,Cape Canaveral,LEO,260.0,Starlink-1792 ,Success
2020-10-18,Falcon 9,Cape Canaveral,LEO,260.0,Starlink-1793 ,Success
2020-10-18,Falcon 9,Cape Canaveral,LEO,260.0,Starlink-1794 ,Success
2020-10-18,Falcon 9,Cape Canaveral,LEO,260.0,Starlink-1795 ,Success
2020-10-18,Falcon 9,Cape Canaveral,LEO,260.0,Starlink-1797 ,Success
2020-10-24,Falcon 9,Cape Canaveral,LEO,260.0,Starlink-1798 ,Success
2020-10-18,Falcon 9,Cape Canaveral,LEO,260.0,Starlink-1799 ,Success
2020-10-18,Falcon 9,Cape Canaveral,LEO,260.0,Starlink-1800 ,Success
2020-10-18,Falcon 9,Cape Canaveral,LEO,260.0,Starlink-1801 ,Success
2020-10-18,Falcon 9,Cape Canaveral,LEO,260.0,Starlink-1802 ,Success
2020-10-18,Falcon 9,Cape Canaveral,LEO,260.0,Starlink-1803 ,Success
2020-10-18,Falcon 9,Cape Canaveral,LEO,260.0,Starlink-1804 ,Success
2020-10-18,Falcon 9,Cape Canaveral,LEO,260.0,Starlink-1805 ,Success
2021-02-04,Falcon 9,Cape Canaveral,LEO,260.0,Starlink-1806 ,Success
2020-10-18,Falcon 9,Cape Canaveral,LEO,260.0,Starlink-1807 ,Failure
2020-10-18,Falcon 9,Cape Canaveral,LEO,260.0,Starlink-1808 ,Success
2020-10-18,Falcon 9,Cape Canaveral,LEO,260.0,Starlink-1810 ,Success
2020-10-18,Falcon 9,Cape Canaveral,LEO,260.0,Starlink-1811 ,Success
2020-11-24,Falcon 9,Cape Canaveral,LEO,260.0,Starlink-1812 ,Success
2020-10-18,Falcon 9,Cape Canaveral,LEO,260.0,Starlink-1813 ,Success
2020-10-18,Falcon 9,Cape Canaveral,LEO,260.0,Starlink-1814 ,Success
2020-10-18,Falcon 9,Cape Canaveral,LEO,260.0,Starlink-1815 ,Success
2020-10-18,Falcon 9,Cape Canaveral,LEO,260.0,Starlink-1816 ,Success
2020-10-18,Falcon 9,Cape Canaveral,LEO,260.0,Starlink-1817 ,Failure
2020-10-18,Falcon 9,Cape Canaveral,LEO,260.0,Starlink-1818 ,Success
2020-10-18,Falcon 9,Cape Canaveral,LEO,260.0,Starlink-1820 ,Failure
2020-10-18,Falcon 9,Cape Canaveral,LEO,260.0,Starlink-1821 ,Success
2020-10-18,Falcon 9,Cape Canaveral,LEO,260.0,Starlink-1822 ,Failure
2020-10-18,Falcon 9,Cape Canaveral,LEO,260.0,Starlink-1825 ,Success
2020-10-18,Falcon 9,Cape Canaveral,LEO,260.0,Starlink-1826 ,Success
2020-10-18,Falcon 9,Cape Canaveral,LEO,260.0,Starlink-1828 ,Success
2020-10-18,Falcon 9,Cape Canaveral,LEO,260.0,Starlink-1829 ,Success
2020-10-18,Falcon 9,Cape Canaveral,LEO,260.0,Starlink-1830 ,Success
2020-10-24,Falcon 9,Cape Canaveral,LEO,260.0,Starlink-1832 ,Success
2020-10-24,Falcon 9,Cape Canaveral,LEO,260.0,Starlink-1833 ,Success
2020-10-24,Falcon 9,Cape Canaveral,LEO,260.0,Starlink-1834 ,Failure
2020-10-24,Falcon 9,Cape Canaveral,LEO,260.0,Starlink-1835 ,Success
2020-11-24,Falcon 9,Cape Canaveral,LEO,260.0,Starlink-1837 ,Success
2020-11-24,Falcon 9,Cape Canaveral,LEO,260.0,Starlink-1838 ,Success
2020-11-24,Falcon 9,Cape Canaveral,LEO,260.0,Starlink-1839 ,Success
2020-11-24,Falcon 9,Cape Canaveral,LEO,260.0,Starlink-1842 ,Success
2020-11-24,Falcon 9,Cape Canaveral,LEO,260.0,Starlink-1843 ,Success
2020-11-24,Falcon 9,Cape Canaveral,LEO,260.0,Starlink-1844 ,Success
2020-11-24,Falcon 9,Cape Canaveral,LEO,260.0,Starlink-1845 ,Success
2020-11-24,Falcon 9,Cape Canaveral,LEO,260.0,Starlink-1846 ,Success
2020-10-24,Falcon 9,Cape Canaveral,LEO,260.0,Starlink-1848 ,Success
2020-11-24,Falcon 9,Cape Canaveral,LEO,260.0,Starlink-1849 ,Success
2020-11-24,Falcon 9,Cape Canaveral,LEO,260.0,Starlink-1850 ,Success
2020-10-24,Falcon 9,Cape Canaveral,LEO,260.0,Starlink-1851 ,Failure
2020-11-24,Falcon 9,Cape Canaveral,LEO,260.0,Starlink-1852 ,Success
2020-11-24,Falcon 9,Cape Canaveral,LEO,260.0,Starlink-1854 ,Success
2020-11-24,Falcon 9,Cape Canaveral,LEO,260.0,Starlink-1856 ,Failure
2020-11-24,Falcon 9,Cape Canaveral,LEO,260.0,Starlink-1857 ,Success
2020-11-24,Falcon 9,Cape Canaveral,LEO,260.0,Starlink-1860 ,Failure
2020-11-24,Falcon 9,Cape Canaveral,LEO,260.0,Starlink-1861 ,Success
2020-11-24,Falcon 9,Cape Canaveral,LEO,260.0,Starlink-1862 ,Success
2020-11-24,Falcon 9,Cape Canaveral,LEO,260.0,Starlink-1863 ,Success
2020-11-24,Falcon 9,Cape Canaveral,LEO,260.0,Starlink-1864 ,Success
2020-10-24,Falcon 9,Cape Canaveral,LEO,260.0,Starlink-1865 ,Success
2020-11-24,Falcon 9,Cape Canaveral,LEO,260.0,Starlink-1866 ,Success
2020-11-24,Falcon 9,Cape Canaveral,LEO,260.0,Starlink-1867 ,Failure
2020-11-24,Falcon 9,Cape Canaveral,LEO,260.0,Starlink-1868 ,Success
2020-11-24,Falcon 9,Cape Canaveral,LEO,260.0,Starlink-1869 ,Success
2020-11-24,Falcon 9,Cape Canaveral,LEO,260.0,Starlink-1871 ,Success
2020-11-24,Falcon 9,Cape Canaveral,LEO,260.0,Starlink-1873 ,Success
2020-11-24,Falcon 9,Cape Canaveral,LEO,260.0,Starlink-1876 ,Success
2020-11-24,Falcon 9,Cape Canaveral,LEO,260.0,Starlink-1877 ,Success
2020-11-24,Falcon 9,Cape Canaveral,LEO,260.0,Starlink-1878 ,Success
2020-11-24,Falcon 9,Cape Canaveral,LEO,260.0,Starlink-1879 ,Success
2020-11-24,Falcon 9,Cape Canaveral,LEO,260.0,Starlink-1880 ,Failure
2020-10-24,Falcon 9,Cape Canaveral,LEO,260.0,Starlink-1882 ,Success
2020-10-24,Falcon 9,Cape Canaveral,LEO,260.0,Starlink-1883 ,Success
2020-11-24,Falcon 9,Cape Canaveral,LEO,260.0,Starlink-1884 ,Success
2020-11-24,Falcon 9,Cape Canaveral,LEO,260.0,Starlink-1887 ,Success
2020-11-24,Falcon 9,Cape Canaveral,LEO,260.0,Starlink-1888 ,Success
2020-11-24,Falcon 9,Cape Canaveral,LEO,260.0,Starlink-1890 ,Success
2020-11-24,Falcon 9,Cape Canaveral,LEO,260.0,Starlink-1891 ,Failure
2020-10-24,Falcon 9,Cape Canaveral,LEO,260.0,Starlink-1892 ,Success
2020-10-24,Falcon 9,Cape Canaveral,LEO,260.0,Starlink-1893 ,Success
2020-10-24,Falcon 9,Cape Canaveral,LEO,260.0,Starlink-1894 ,Success
2020-11-24,Falcon 9,Cape Canaveral,LEO,260.0,Starlink-1895 ,Success
2020-10-24,Falcon 9,Cape Canaveral,LEO,260.0,Starlink-1896 ,Success
2020-10-24,Falcon 9,Cape Canaveral,LEO,260.0,Starlink-1899 ,Success
2020-10-24,Falcon 9,Cape Canaveral,LEO,260.0,Starlink-1903 ,Success
2021-05-04,Falcon 9,Cape Canaveral,LEO,260.0,Starlink-1904,Success
2020-10-24,Falcon 9,Cape Canaveral,LEO,260.0,Starlink-1905 ,Success
2020-10-24,Falcon 9,Cape Canaveral,LEO,260.0,Starlink-1906 ,Success
2020-11-24,Falcon 9,Cape Canaveral,LEO,260.0,Starlink-1907 ,Success
2020-10-24,Falcon 9,Cape Canaveral,LEO,260.0,Starlink-1908 ,Success
2021-02-04,Falcon 9,Cape Canaveral,LEO,260.0,Starlink-1909 ,Success
2020-10-24,Falcon 9,Cape Canaveral,LEO,260.0,Starlink-1910 ,Success
2020-10-24,Falcon 9,Cape Canaveral,LEO,260.0,Starlink-1911 ,Success
2020-11-24,Falcon 9,Cape Canaveral,LEO,260.0,Starlink-1912 ,Success
2020-11-24,Falcon 9,Cape Canaveral,LEO,260.0,Starlink-1913 ,Success
2020-10-24,Falcon 9,Cape Canaveral,LEO,260.0,Starlink-1916 ,Success
2020-10-24,Falcon 9,Cape Canaveral,LEO,260.0,Starlink-1917 ,Success
2020-10-24,Falcon 9,Cape Canaveral,LEO,260.0,Starlink-1918 ,Success
2020-10-24,Falcon 9,Cape Canaveral,LEO,260.0,Starlink-1920 ,Failure
2020-10-24,Falcon 9,Cape Canaveral,LEO,260.0,Starlink-1921 ,Success
2020-10-24,Falcon 9,Cape Canaveral,LEO,260.0,Starlink-1922 ,Success
2020-10-24,Falcon 9,Cape Canaveral,LEO,260.0,Starlink-1923 ,Success
2020-10-24,Falcon 9,Cape Canaveral,LEO,260.0,Starlink-1924 ,Success
2020-10-24,Falcon 9,Cape Canaveral,LEO,260.0,Starlink-1925 ,Success
2020-10-24,Falcon 9,Cape Canaveral,LEO,260.0,Starlink-1926 ,Success
2020-11-24,Falcon 9,Cape Canaveral,LEO,260.0,Starlink-1927 ,Success
2020-10-24,Falcon 9,Cape Canaveral,LEO,260.0,Starlink-1928 ,Success
2020-10-24,Falcon 9,Cape Canaveral,LEO,260.0,Starlink-1929 ,Success
2020-10-24,Falcon 9,Cape Canaveral,LEO,260.0,Starlink-1930 ,Success
2020-10-24,Falcon 9,Cape Canaveral,LEO,260.0,Starlink-1931 ,Success
2020-10-24,Falcon 9,Cape Canaveral,LEO,260.0,Starlink-1932 ,Success
2020-10-24,Falcon 9,Cape Canaveral,LEO,260.0,Starlink-1933 ,Success
2020-10-24,Falcon 9,Cape Canaveral,LEO,260.0,Starlink-1934 ,Success
2020-10-24,Falcon 9,Cape Canaveral,LEO,260.0,Starlink-1936 ,Success
2021-02-04,Falcon 9,Cape Canaveral,LEO,260.0,Starlink-1938 ,Success
2021-02-04,Falcon 9,Cape Canaveral,LEO,260.0,Starlink-1940 ,Success
2020-10-24,Falcon 9,Cape Canaveral,LEO,260.0,Starlink-1941 ,Success
2020-10-24,Falcon 9,Cape Canaveral,LEO,260.0,Starlink-1942 ,Success
2020-10-24,Falcon 9,Cape Canaveral,LEO,260.0,Starlink-1943 ,Success
2020-10-24,Falcon 9,Cape Canaveral,LEO,260.0,Starlink-1944 ,Success
2020-10-24,Falcon 9,Cape Canaveral,LEO,260.0,Starlink-1948 ,Success
2021-02-04,Falcon 9,Cape Canaveral,LEO,260.0,Starlink-1953 ,Success
2021-02-04,Falcon 9,Cape Canaveral,LEO,260.0,Starlink-1954 ,Success
2021-02-04,Falcon 9,Cape Canaveral,LEO,260.0,Starlink-1955 ,Success
2021-02-04,Falcon 9,Cape Canaveral,LEO,260.0,Starlink-1956 ,Success
2021-02-04,Falcon 9,Cape Canaveral,LEO,260.0,Starlink-1957 ,Success
2021-02-04,Falcon 9,Cape Canaveral,LEO,260.0,Starlink-1958 ,Success
2021-02-04,Falcon 9,Cape Canaveral,LEO,260.0,Starlink-1959 ,Success
2021-02-04,Falcon 9,Cape Canaveral,LEO,260.0,Starlink-1960 ,Success
2021-02-04,Falcon 9,Cape Canaveral,LEO,260.0,Starlink-1961 ,Success
2021-02-04,Falcon 9,Cape Canaveral,LEO,260.0,Starlink-1962 ,Success
2021-02-04,Falcon 9,Cape Canaveral,LEO,260.0,Starlink-1963 ,Success
2021-02-04,Falcon 9,Cape Canaveral,LEO,260.0,Starlink-1964 ,Success
2021-02-04,Falcon 9,Cape Canaveral,LEO,260.0,Starlink-1965 ,Success
2021-02-04,Falcon 9,Cape Canaveral,LEO,260.0,Starlink-1966 ,Success
2021-02-04,Falcon 9,Cape Canaveral,LEO,260.0,Starlink-1967 ,Success
2021-02-04,Falcon 9,Cape Canaveral,LEO,260.0,Starlink-1969 ,Success
2021-02-04,Falcon 9,Cape Canaveral,LEO,260.0,Starlink-1970 ,Success
2021-02-04,Falcon 9,Cape Canaveral,LEO,260.0,Starlink-1971,Success
2021-02-15,Falcon 9,Cape Canaveral,LEO,260.0,Starlink-1972 ,Success
2021-02-15,Falcon 9,Cape Canaveral,LEO,260.0,Starlink-1973 ,Success
2021-02-15,Falcon 9,Cape Canaveral,LEO,260.0,Starlink-1974 ,Success
2021-02-04,Falcon 9,Cape Canaveral,LEO,260.0,Starlink-1975,Success
2021-02-04,Falcon 9,Cape Canaveral,LEO,260.0,Starlink-1976 ,Success
2021-02-04,Falcon 9,Cape Canaveral,LEO,260.0,Starlink-1977 ,Success
2021-02-04,Falcon 9,Cape Canaveral,LEO,260.0,Starlink-1978 ,Success
2021-02-04,Falcon 9,Cape Canaveral,LEO,260.0,Starlink-1979 ,Success
2021-02-04,Falcon 9,Cape Canaveral,LEO,260.0,Starlink-1980 ,Failure
2021-02-04,Falcon 9,Cape Canaveral,LEO,260.0,Starlink-1981 ,Success
2021-02-04,Falcon 9,Cape Canaveral,LEO,260.0,Starlink-1982 ,Success
2021-02-15,Falcon 9,Cape Canaveral,LEO,260.0,Starlink-1983 ,Success
2021-02-04,Falcon 9,Cape Canaveral,LEO,260.0,Starlink-1984 ,Success
2021-02-04,Falcon 9,Cape Canaveral,LEO,260.0,Starlink-1986 ,Success
2021-02-04,Falcon 9,Cape Canaveral,LEO,260.0,Starlink-1987 ,Success
2021-02-04,Falcon 9,Cape Canaveral,LEO,260.0,Starlink-1989 ,Success
2021-02-04,Falcon 9,Cape Canaveral,LEO,260.0,Starlink-1990 ,Success
2021-02-04,Falcon 9,Cape Canaveral,LEO,260.0,Starlink-1991 ,Success
2021-02-15,Falcon 9,Cape Canaveral,LEO,260.0,Starlink-1992 ,Failure
2021-02-04,Falcon 9,Cape Canaveral,LEO,260.0,Starlink-1993 ,Success
2021-02-04,Falcon 9,Cape Canaveral,LEO,260.0,Starlink-1994 ,Success
2021-02-04,Falcon 9,Cape Canaveral,LEO,260.0,Starlink-1995 ,Success
2021-02-04,Falcon 9,Cape Canaveral,LEO,260.0,Starlink-1996 ,Success
2021-02-04,Falcon 9,Cape Canaveral,LEO,260.0,Starlink-1997 ,Success
2021-02-04,Falcon 9,Cape Canaveral,LEO,260.0,Starlink-1998 ,Success
2021-02-04,Falcon 9,Cape Canaveral,LEO,260.0,Starlink-1999 ,Success
2021-02-04,Falcon 9,Cape Canaveral,LEO,260.0,Starlink-2000 ,Success
2021-02-04,Falcon 9,Cape Canaveral,LEO,260.0,Starlink-2001 ,Success
2021-02-04,Falcon 9,Cape Canaveral,LEO,260.0,Starlink-2002 ,Success
2021-02-04,Falcon 9,Cape Canaveral,LEO,260.0,Starlink-2003 ,Success
2021-02-04,Falcon 9,Cape Canaveral,LEO,260.0,Starlink-2004 ,Success
2021-02-04,Falcon 9,Cape Canaveral,LEO,260.0,Starlink-2005 ,Failure
2021-02-04,Falcon 9,Cape Canaveral,LEO,260.0,Starlink-2006 ,Success
2021-02-04,Falcon 9,Cape Canaveral,LEO,260.0,Starlink-2007 ,Failure
2021-02-04,Falcon 9,Cape Canaveral,LEO,260.0,Starlink-2008 ,Success
2021-02-15,Falcon 9,Cape Canaveral,LEO,260.0,Starlink-2009 ,Success
2021-02-15,Falcon 9,Cape Canaveral,LEO,260.0,Starlink-2010 ,Success
2021-01-20,Falcon 9,Cape Canaveral,LEO,260.0,Starlink-2011 ,Success
2021-02-15,Falcon 9,Cape Canaveral,LEO,260.0,Starlink-2012 ,Success
2021-02-15,Falcon 9,Cape Canaveral,LEO,260.0,Starlink-2013 ,Success
2021-02-15,Falcon 9,Cape Canaveral,LEO,260.0,Starlink-2014 ,Success
2021-02-15,Falcon 9,Cape Canaveral,LEO,260.0,Starlink-2015 ,Success
2021-02-15,Falcon 9,Cape Canaveral,LEO,260.0,Starlink-2016 ,Failure
2021-01-20,Falcon 9,Cape Canaveral,LEO,260.0,Starlink-2017 ,Success
2021-02-15,Falcon 9,Cape Canaveral,LEO,260.0,Starlink-2018 ,Success
2021-02-15,Falcon 9,Cape Canaveral,LEO,260.0,Starlink-2019 ,Success
2021-02-15,Falcon 9,Cape Canaveral,LEO,260.0,Starlink-2020 ,Success
2021-02-04,Falcon 9,Cape Canaveral,LEO,260.0,Starlink-2021 ,Success
2021-02-15,Falcon 9,Cape Canaveral,LEO,260.0,Starlink-2022 ,Success
2021-02-04,Falcon 9,Cape Canaveral,LEO,260.0,Starlink-2024 ,Success
2021-02-04,Falcon 9,Cape Canaveral,LEO,260.0,Starlink-2025 ,Success
2021-02-15,Falcon 9,Cape Canaveral,LEO,260.0,Starlink-2026 ,Success
2021-02-15,Falcon 9,Cape Canaveral,LEO,260.0,Starlink-2027 ,Success
2021-02-15,Falcon 9,Cape Canaveral,LEO,260.0,Starlink-2028 ,Success
2021-04-28,Falcon 9,Cape Canaveral,LEO,260.0,Starlink-2029 ,Success
2021-02-15,Falcon 9,Cape Canaveral,LEO,260.0,Starlink-2030 ,Failure
2021-02-15,Falcon 9,Cape Canaveral,LEO,260.0,Starlink-2031 ,Success
2021-02-15,Falcon 9,Cape Canaveral,LEO,260.0,Starlink-2032 ,Success
2021-02-15,Falcon 9,Cape Canaveral,LEO,260.0,Starlink-2033 ,Success
2021-01-20,Falcon 9,Cape Canaveral,LEO,260.0,Starlink-2034 ,Success
2021-02-15,Falcon 9,Cape Canaveral,LEO,260.0,Starlink-2035 ,Success
2021-02-15,Falcon 9,Cape Canaveral,LEO,260.0,Starlink-2036 ,Success
2021-02-15,Falcon 9,Cape Canaveral,LEO,260.0,Starlink-2037 ,Failure
2021-02-15,Falcon 9,Cape Canaveral,LEO,260.0,Starlink-2038 ,Success
2021-02-15,Falcon 9,Cape Canaveral,LEO,260.0,Starlink-2039 ,Success
2021-02-15,Falcon 9,Cape Canaveral,LEO,260.0,Starlink-2040 ,Success
2021-02-15,Falcon 9,Cape Canaveral,LEO,260.0,Starlink-2041 ,Success
2021-02-15,Falcon 9,Cape Canaveral,LEO,260.0,Starlink-2042 ,Success
2021-02-15,Falcon 9,Cape Canaveral,LEO,260.0,Starlink-2043 ,Success
2021-02-15,Falcon 9,Cape Canaveral,LEO,260.0,Starlink-2044 ,Success
2021-01-20,Falcon 9,Cape Canaveral,LEO,260.0,Starlink-2045 ,Success
2021-01-20,Falcon 9,Cape Canaveral,LEO,260.0,Starlink-2046 ,Success
2021-01-20,Falcon 9,Cape Canaveral,LEO,260.0,Starlink-2047 ,Success
2021-04-07,Falcon 9,Cape Canaveral,LEO,260.0,Starlink-2048 ,Failure
2021-01-20,Falcon 9,Cape Canaveral,LEO,260.0,Starlink-2049 ,Failure
2021-01-20,Falcon 9,Cape Canaveral,LEO,260.0,Starlink-2050 ,Success
2021-02-15,Falcon 9,Cape Canaveral,LEO,260.0,Starlink-2051 ,Success
2021-02-15,Falcon 9,Cape Canaveral,LEO,260.0,Starlink-2052 ,Success
2021-02-15,Falcon 9,Cape Canaveral,LEO,260.0,Starlink-2053 ,Success
2021-02-15,Falcon 9,Cape Canaveral,LEO,260.0,Starlink-2054 ,Success
2021-01-20,Falcon 9,Cape Canaveral,LEO,260.0,Starlink-2055 ,Success
2021-02-15,Falcon 9,Cape Canaveral,LEO,260.0,Starlink-2056 ,Success
2021-02-15,Falcon 9,Cape Canaveral,LEO,260.0,Starlink-2057 ,Success
2021-02-15,Falcon 9,Cape Canaveral,LEO,260.0,Starlink-2058 ,Success
2021-02-15,Falcon 9,Cape Canaveral,LEO,260.0,Starlink-2059 ,Success
2021-02-15,Falcon 9,Cape Canaveral,LEO,260.0,Starlink-2060 ,Success
2021-04-28,Falcon 9,Cape Canaveral,LEO,260.0,Starlink-2061 ,Success
2021-02-15,Falcon 9,Cape Canaveral,LEO,260.0,Starlink-2062 ,Success
2021-05-15,Falcon 9,Cape Canaveral,LEO,260.0,Starlink-2063,Success
2021-02-15,Falcon 9,Cape Canaveral,LEO,260.0,Starlink-2064 ,Success
2021-02-15,Falcon 9,Cape Canaveral,LEO,260.0,Starlink-2065 ,Success
2021-02-15,Falcon 9,Cape Canaveral,LEO,260.0,Starlink-2066 ,Success
2021-02-15,Falcon 9,Cape Canaveral,LEO,260.0,Starlink-2067 ,Success
2021-03-04,Falcon 9,Cape Canaveral,LEO,260.0,Starlink-2068 ,Success
2021-01-20,Falcon 9,Cape Canaveral,LEO,260.0,Starlink-2069 ,Success
2021-01-20,Falcon 9,Cape Canaveral,LEO,260.0,Starlink-2070 ,Success
2021-01-20,Falcon 9,Cape Canaveral,LEO,260.0,Starlink-2071 ,Success
2021-01-20,Falcon 9,Cape Canaveral,LEO,260.0,Starlink-2076 ,Failure
2021-01-20,Falcon 9,Cape Canaveral,LEO,260.0,Starlink-2077 ,Success
2021-02-15,Falcon 9,Cape Canaveral,LEO,260.0,Starlink-2078 ,Success
2021-01-20,Falcon 9,Cape Canaveral,LEO,260.0,Starlink-2081 ,Success
2021-01-20,Falcon 9,Cape Canaveral,LEO,260.0,Starlink-2082 ,Success
2021-02-15,Falcon 9,Cape Canaveral,LEO,260.0,Starlink-2083 ,Success
2021-01-20,Falcon 9,Cape Canaveral,LEO,260.0,Starlink-2084 ,Success
2021-01-20,Falcon 9,Cape Canaveral,LEO,260.0,Starlink-2085 ,Success
2021-01-20,Falcon 9,Cape Canaveral,LEO,260.0,Starlink-2086 ,Success
2021-03-24,Falcon 9,Cape Canaveral,LEO,260.0,Starlink-2087,Success
2021-01-20,Falcon 9,Cape Canaveral,LEO,260.0,Starlink-2088 ,Failure
2021-01-20,Falcon 9,Cape Canaveral,LEO,260.0,Starlink-2089 ,Success
2021-02-15,Falcon 9,Cape Canaveral,LEO,260.0,Starlink-2090 ,Success
2021-01-20,Falcon 9,Cape Canaveral,LEO,260.0,Starlink-2092 ,Success
2021-01-20,Falcon 9,Cape Canaveral,LEO,260.0,Starlink-2093 ,Success
2021-01-20,Falcon 9,Cape Canaveral,LEO,260.0,Starlink-2094 ,Success
2021-02-15,Falcon 9,Cape Canaveral,LEO,260.0,Starlink-2095 ,Success
2021-01-20,Falcon 9,Cape Canaveral,LEO,260.0,Starlink-2096 ,Success
2021-01-20,Falcon 9,Cape Canaveral,LEO,260.0,Starlink-2097 ,Success
2021-01-20,Falcon 9,Cape Canaveral,LEO,260.0,Starlink-2098 ,Success
2021-01-20,Falcon 9,Cape Canaveral,LEO,260.0,Starlink-2099 ,Success
2021-01-20,Falcon 9,Cape Canaveral,LEO,260.0,Starlink-2100 ,Success
2021-01-20,Falcon 9,Cape Canaveral,LEO,260.0,Starlink-2101 ,Success
2021-01-20,Falcon 9,Cape Canaveral,LEO,260.0,Starlink-2102 ,Success
2021-01-20,Falcon 9,Cape Canaveral,LEO,260.0,Starlink-2103 ,Success
2021-01-20,Falcon 9,Cape Canaveral,LEO,260.0,Starlink-2104 ,Failure
2021-01-20,Falcon 9,Cape Canaveral,LEO,260.0,Starlink-2105 ,Success
2021-01-20,Falcon 9,Cape Canaveral,LEO,260.0,Starlink-2106 ,Success
2021-03-04,Falcon 9,Cape Canaveral,LEO,260.0,Starlink-2107 ,Success
2021-01-20,Falcon 9,Cape Canaveral,LEO,260.0,Starlink-2108 ,Success
2021-01-20,Falcon 9,Cape Canaveral,LEO,260.0,Starlink-2109 ,Success
2021-01-20,Falcon 9,Cape Canaveral,LEO,260.0,Starlink-2110 ,Success
2021-01-20,Falcon 9,Cape Canaveral,LEO,260.0,Starlink-2111 ,Success
2021-01-20,Falcon 9,Cape Canaveral,LEO,260.0,Starlink-2112 ,Success
2021-01-20,Falcon 9,Cape Canaveral,LEO,260.0,Starlink-2113 ,Success
2021-01-20,Falcon 9,Cape Canaveral,LEO,260.0,Starlink-2114 ,Success
2021-01-20,Falcon 9,Cape Canaveral,LEO,260.0,Starlink-2115 ,Success
2021-03-04,Falcon 9,Cape Canaveral,LEO,260.0,Starlink-2116 ,Success
2021-01-20,Falcon 9,Cape Canaveral,LEO,260.0,Starlink-2117 ,Success
2021-01-20,Falcon 9,Cape Canaveral,LEO,260.0,Starlink-2118 ,Success
2021-01-20,Falcon 9,Cape Canaveral,LEO,260.0,Starlink-2119 ,Success
2021-01-20,Falcon 9,Cape Canaveral,LEO,260.0,Starlink-2120 ,Failure
2021-01-20,Falcon 9,Cape Canaveral,LEO,260.0,Starlink-2121 ,Success
2021-01-20,Falcon 9,Cape Canaveral,LEO,260.0,Starlink-2122 ,Success
2021-01-20,Falcon 9,Cape Canaveral,LEO,260.0,Starlink-2123 ,Success
2021-01-20,Falcon 9,Cape Canaveral,LEO,260.0,Starlink-2124 ,Success
2021-03-04,Falcon 9,Cape Canaveral,LEO,260.0,Starlink-2125 ,Success
2021-03-04,Falcon 9,Cape Canaveral,LEO,260.0,Starlink-2126 ,Failure
2021-01-20,Falcon 9,Cape Canaveral,LEO,260.0,Starlink-2127 ,Success
2021-01-20,Falcon 9,Cape Canaveral,LEO,260.0,Starlink-2128 ,Success
2021-03-04,Falcon 9,Cape Canaveral,LEO,260.0,Starlink-2129 ,Success
2021-01-20,Falcon 9,Cape Canaveral,LEO,260.0,Starlink-2130 ,Success
2021-03-04,Falcon 9,Cape Canaveral,LEO,260.0,Starlink-2131 ,Success
2021-03-04,Falcon 9,Cape Canaveral,LEO,260.0,Starlink-2132 ,Success
2021-01-20,Falcon 9,Cape Canaveral,LEO,260.0,Starlink-2133 ,Success
2021-01-20,Falcon 9,Cape Canaveral,LEO,260.0,Starlink-2134 ,Success
2021-01-20,Falcon 9,Cape Canaveral,LEO,260.0,Starlink-2135 ,Success
2021-05-15,Falcon 9,Cape Canaveral,LEO,260.0,Starlink-2139,Success
2021-03-04,Falcon 9,Cape Canaveral,LEO,260.0,Starlink-2140 ,Success
2021-03-04,Falcon 9,Cape Canaveral,LEO,260.0,Starlink-2141 ,Failure
2021-03-04,Falcon 9,Cape Canaveral,LEO,260.0,Starlink-2142 ,Success
2021-03-04,Falcon 9,Cape Canaveral,LEO,260.0,Starlink-2143 ,Success
2021-03-04,Falcon 9,Cape Canaveral,LEO,260.0,Starlink-2144 ,Success
2021-05-15,Falcon 9,Cape Canaveral,LEO,260.0,Starlink-2145,Success
2021-03-04,Falcon 9,Cape Canaveral,LEO,260.0,Starlink-2146 ,Success
2021-03-04,Falcon 9,Cape Canaveral,LEO,260.0,Starlink-2147 ,Success
2021-03-04,Falcon 9,Cape Canaveral,LEO,260.0,Starlink-2148 ,Success
2021-03-04,Falcon 9,Cape Canaveral,LEO,260.0,Starlink-2149 ,Success
2021-03-04,Falcon 9,Cape Canaveral,LEO,260.0,Starlink-2150 ,Failure
2021-05-15,Falcon 9,Cape Canaveral,LEO,260.0,Starlink-2151,Success
2021-03-04,Falcon 9,Cape Canaveral,LEO,260.0,Starlink-2152 ,Success
2021-03-24,Falcon 9,Cape Canaveral,LEO,260.0,Starlink-2153 ,Success
2021-03-04,Falcon 9,Cape Canaveral,LEO,260.0,Starlink-2154 ,Success
2021-05-15,Falcon 9,Cape Canaveral,LEO,260.0,Starlink-2155,Success
2021-03-04,Falcon 9,Cape Canaveral,LEO,260.0,Starlink-2156 ,Success
2021-03-04,Falcon 9,Cape Canaveral,LEO,260.0,Starlink-2157 ,Success
2021-03-04,Falcon 9,Cape Canaveral,LEO,260.0,Starlink-2158 ,Success
2021-03-04,Falcon 9,Cape Canaveral,LEO,260.0,Starlink-2159 ,Success
2021-03-04,Falcon 9,Cape Canaveral,LEO,260.0,Starlink-2160 ,Success
2021-03-04,Falcon 9,Cape Canaveral,LEO,260.0,Starlink-2161 ,Success
2021-03-04,Falcon 9,Cape Canaveral,LEO,260.0,Starlink-2162 ,Success
2021-03-04,Falcon 9,Cape Canaveral,LEO,260.0,Starlink-2163 ,Success
2021-03-04,Falcon 9,Cape Canaveral,LEO,260.0,Starlink-2164 ,Failure
2021-05-15,Falcon 9,Cape Canaveral,LEO,260.0,Starlink-2166,Failure
2021-05-15,Falcon 9,Cape Canaveral,LEO,260.0,Starlink-2167,Success
2021-03-04,Falcon 9,Cape Canaveral,LEO,260.0,Starlink-2168 ,Success
2021-03-04,Falcon 9,Cape Canaveral,LEO,260.0,Starlink-2169 ,Success
2021-03-04,Falcon 9,Cape Canaveral,LEO,260.0,Starlink-2170 ,Success
2021-03-04,Falcon 9,Cape Canaveral,LEO,260.0,Starlink-2171 ,Success
2021-03-04,Falcon 9,Cape Canaveral,LEO,260.0,Starlink-2174 ,Success
2021-03-04,Falcon 9,Cape Canaveral,LEO,260.0,Starlink-2175 ,Success
2021-03-04,Falcon 9,Cape Canaveral,LEO,260.0,Starlink-2178 ,Success
2021-03-04,Falcon 9,Cape Canaveral,LEO,260.0,Starlink-2179 ,Success
2021-03-04,Falcon 9,Cape Canaveral,LEO,260.0,Starlink-2180 ,Success
2021-03-04,Falcon 9,Cape Canaveral,LEO,260.0,Starlink-2181 ,Success
2021-03-04,Falcon 9,Cape Canaveral,LEO,260.0,Starlink-2182 ,Failure
2021-03-04,Falcon 9,Cape Canaveral,LEO,260.0,Starlink-2184 ,Success
2021-03-04,Falcon 9,Cape Canaveral,LEO,260.0,Starlink-2185 ,Success
2021-05-15,Falcon 9,Cape Canaveral,LEO,260.0,Starlink-2186,Success
2021-05-15,Falcon 9,Cape Canaveral,LEO,260.0,Starlink-2187,Success
2021-05-15,Falcon 9,Cape Canaveral,LEO,260.0,Starlink-2188,Success
2021-03-04,Falcon 9,Cape Canaveral,LEO,260.0,Starlink-2189 ,Success
2021-05-15,Falcon 9,Cape Canaveral,LEO,260.0,Starlink-2190,Success
2021-05-15,Falcon 9,Cape Canaveral,LEO,260.0,Starlink-2191,Failure
2021-03-04,Falcon 9,Cape Canaveral,LEO,260.0,Starlink-2192 ,Success
2021-03-04,Falcon 9,Cape Canaveral,LEO,260.0,Starlink-2193 ,Success
2021-03-04,Falcon 9,Cape Canaveral,LEO,260.0,Starlink-2194 ,Success
2021-03-04,Falcon 9,Cape Canaveral,LEO,260.0,Starlink-2195 ,Success
2021-03-04,Falcon 9,Cape Canaveral,LEO,260.0,Starlink-2196 ,Success
2021-03-04,Falcon 9,Cape Canaveral,LEO,260.0,Starlink-2197 ,Success
2021-03-04,Falcon 9,Cape Canaveral,LEO,260.0,Starlink-2198 ,Success
2021-03-04,Falcon 9,Cape Canaveral,LEO,260.0,Starlink-2209 ,Success
2021-03-04,Falcon 9,Cape Canaveral,LEO,260.0,Starlink-2210 ,Success
2021-03-04,Falcon 9,Cape Canaveral,LEO,260.0,Starlink-2211 ,Success
2021-03-04,Falcon 9,Cape Canaveral,LEO,260.0,Starlink-2212 ,Success
2021-05-15,Falcon 9,Cape Canaveral,LEO,260.0,Starlink-2213,Success
2021-03-04,Falcon 9,Cape Canaveral,LEO,260.0,Starlink-2213 ,Success
2021-05-15,Falcon 9,Cape Canaveral,LEO,260.0,Starlink-2214,Success
2021-05-15,Falcon 9,Cape Canaveral,LEO,260.0,Starlink-2215,Success
2021-05-15,Falcon 9,Cape Canaveral,LEO,260.0,Starlink-2217,Success
2021-03-24,Falcon 9,Cape Canaveral,LEO,260.0,Starlink-2218 ,Success
2021-05-15,Falcon 9,Cape Canaveral,LEO,260.0,Starlink-2219,Success
2021-05-15,Falcon 9,Cape Canaveral,LEO,260.0,Starlink-2220,Success
2021-05-15,Falcon 9,Cape Canaveral,LEO,260.0,Starlink-2221,Success
2021-05-15,Falcon 9,Cape Canaveral,LEO,260.0,Starlink-2222,Success
2021-03-04,Falcon 9,Cape Canaveral,LEO,260.0,Starlink-2223 ,Success
2021-05-15,Falcon 9,Cape Canaveral,LEO,260.0,Starlink-2224,Success
2021-05-15,Falcon 9,Cape Canaveral,LEO,260.0,Starlink-2225,Success
2021-03-24,Falcon 9,Cape Canaveral,LEO,260.0,Starlink-2226 ,Success
2021-05-15,Falcon 9,Cape Canaveral,LEO,260.0,Starlink-2227,Failure
2021-05-15,Falcon 9,Cape Canaveral,LEO,260.0,Starlink-2228,Success
2021-03-24,Falcon 9,Cape Canaveral,LEO,260.0,Starlink-2229 ,Success
2021-05-15,Falcon 9,Cape Canaveral,LEO,260.0,Starlink-2231,Success
2021-05-15,Falcon 9,Cape Canaveral,LEO,260.0,Starlink-2232,Success
2021-05-15,Falcon 9,Cape Canaveral,LEO,260.0,Starlink-2233,Success
2021-05-15,Falcon 9,Cape Canaveral,LEO,260.0,Starlink-2234,Success
2021-05-15,Falcon 9,Cape Canaveral,LEO,260.0,Starlink-2235,Success
2021-05-15,Falcon 9,Cape Canaveral,LEO,260.0,Starlink-2236,Success
2021-05-15,Falcon 9,Cape Canaveral,LEO,260.0,Starlink-2237,Success
2021-05-15,Falcon 9,Cape Canaveral,LEO,260.0,Starlink-2238,Success
2021-05-15,Falcon 9,Cape Canaveral,LEO,260.0,Starlink-2240,Success
2021-05-15,Falcon 9,Cape Canaveral,LEO,260.0,Starlink-2241,Success
2021-05-15,Falcon 9,Cape Canaveral,LEO,260.0,Starlink-2242,Success
2021-03-24,Falcon 9,Cape Canaveral,LEO,260.0,Starlink-2243 ,Success
2021-05-15,Falcon 9,Cape Canaveral,LEO,260.0,Starlink-2244,Success
2021-05-15,Falcon 9,Cape Canaveral,LEO,260.0,Starlink-2245,Success
2021-05-09,Falcon 9,Cape Canaveral,LEO,260.0,Starlink-2247,Success
2021-05-15,Falcon 9,Cape Canaveral,LEO,260.0,Starlink-2248,Success
2021-05-15,Falcon 9,Cape Canaveral,LEO,260.0,Starlink-2249,Failure
2021-05-15,Falcon 9,Cape Canaveral,LEO,260.0,Starlink-2250,Success
2021-05-15,Falcon 9,Cape Canaveral,LEO,260.0,Starlink-2251,Success
2021-05-15,Falcon 9,Cape Canaveral,LEO,260.0,Starlink-2252,Success
2021-05-15,Falcon 9,Cape Canaveral,LEO,260.0,Starlink-2253,Success
2021-03-24,Falcon 9,Cape Canaveral,LEO,260.0,Starlink-2254 ,Failure
2021-05-15,Falcon 9,Cape Canaveral,LEO,260.0,Starlink-2255,Success
2021-05-15,Falcon 9,Cape Canaveral,LEO,260.0,Starlink-2256,Success
2021-03-11,Falcon 9,Cape Canaveral,LEO,260.0,Starlink-2257 ,Success
2021-03-14,Falcon 9,Cape Canaveral,LEO,260.0,Starlink-2258 ,Success
2021-03-24,Falcon 9,Cape Canaveral,LEO,260.0,Starlink-2260 ,Success
2021-03-24,Falcon 9,Cape Canaveral,LEO,260.0,Starlink-2262 ,Success
2021-03-24,Falcon 9,Cape Canaveral,LEO,260.0,Starlink-2263 ,Success
2021-03-24,Falcon 9,Cape Canaveral,LEO,260.0,Starlink-2264 ,Success
2021-03-24,Falcon 9,Cape Canaveral,LEO,260.0,Starlink-2265 ,Success
2021-03-24,Falcon 9,Cape Canaveral,LEO,260.0,Starlink-2266 ,Success
2021-03-24,Falcon 9,Cape Canaveral,LEO,260.0,Starlink-2267 ,Success
2021-03-24,Falcon 9,Cape Canaveral,LEO,260.0,Starlink-2268 ,Success
2021-05-09,Falcon 9,Cape Canaveral,LEO,260.0,Starlink-2269,Success
2021-03-24,Falcon 9,Cape Canaveral,LEO,260.0,Starlink-2270 ,Success
2021-03-24,Falcon 9,Cape Canaveral,LEO,260.0,Starlink-2271 ,Success
2021-03-24,Falcon 9,Cape Canaveral,LEO,260.0,Starlink-2272 ,Success
2021-03-24,Falcon 9,Cape Canaveral,LEO,260.0,Starlink-2273 ,Success
2021-05-15,Falcon 9,Cape Canaveral,LEO,260.0,Starlink-2274,Success
2021-05-15,Falcon 9,Cape Canaveral,LEO,260.0,Starlink-2275,Success
2021-03-24,Falcon 9,Cape Canaveral,LEO,260.0,Starlink-2278 ,Success
2021-03-24,Falcon 9,Cape Canaveral,LEO,260.0,Starlink-2279 ,Success
2021-03-14,Falcon 9,Cape Canaveral,LEO,260.0,Starlink-2280 ,Success
2021-03-24,Falcon 9,Cape Canaveral,LEO,260.0,Starlink-2282 ,Success
2021-03-24,Falcon 9,Cape Canaveral,LEO,260.0,Starlink-2283 ,Success
2021-03-24,Falcon 9,Cape Canaveral,LEO,260.0,Starlink-2284 ,Success
2021-03-24,Falcon 9,Cape Canaveral,LEO,260.0,Starlink-2285 ,Success
2021-03-24,Falcon 9,Cape Canaveral,LEO,260.0,Starlink-2286 ,Success
2021-03-24,Falcon 9,Cape Canaveral,LEO,260.0,Starlink-2288 ,Success
2021-03-24,Falcon 9,Cape Canaveral,LEO,260.0,Starlink-2290 ,Success
2021-03-14,Falcon 9,Cape Canaveral,LEO,260.0,Starlink-2291 ,Success
2021-03-24,Falcon 9,Cape Canaveral,LEO,260.0,Starlink-2292 ,Success
2021-03-14,Falcon 9,Cape Canaveral,LEO,260.0,Starlink-2293 ,Success
2021-03-24,Falcon 9,Cape Canaveral,LEO,260.0,Starlink-2294 ,Success
2021-03-24,Falcon 9,Cape Canaveral,LEO,260.0,Starlink-2295 ,Success
2021-03-24,Falcon 9,Cape Canaveral,LEO,260.0,Starlink-2296 ,Success
2021-03-24,Falcon 9,Cape Canaveral,LEO,260.0,Starlink-2298 ,Failure
2021-03-24,Falcon 9,Cape Canaveral,LEO,260.0,Starlink-2299 ,Success
2021-03-24,Falcon 9,Cape Canaveral,LEO,260.0,Starlink-2300 ,Success
2021-03-24,Falcon 9,Cape Canaveral,LEO,260.0,Starlink-2301 ,Success
2021-03-24,Falcon 9,Cape Canaveral,LEO,260.0,Starlink-2303 ,Success
2021-03-14,Falcon 9,Cape Canaveral,LEO,260.0,Starlink-2304 ,Success
2021-03-24,Falcon 9,Cape Canaveral,LEO,260.0,Starlink-2305 ,Success
2021-03-24,Falcon 9,Cape Canaveral,LEO,260.0,Starlink-2307 ,Failure
2021-03-24,Falcon 9,Cape Canaveral,LEO,260.0,Starlink-2308 ,Success
2021-03-24,Falcon 9,Cape Canaveral,LEO,260.0,Starlink-2309 ,Success
2021-03-14,Falcon 9,Cape Canaveral,LEO,260.0,Starlink-2310 ,Success
2021-03-24,Falcon 9,Cape Canaveral,LEO,260.0,Starlink-2312 ,Success
2021-03-11,Falcon 9,Cape Canaveral,LEO,260.0,Starlink-2314 ,Success
2021-03-11,Falcon 9,Cape Canaveral,LEO,260.0,Starlink-2315 ,Failure
2021-03-24,Falcon 9,Cape Canaveral,LEO,260.0,Starlink-2317 ,Success
2021-03-11,Falcon 9,Cape Canaveral,LEO,260.0,Starlink-2319 ,Success
2021-03-14,Falcon 9,Cape Canaveral,LEO,260.0,Starlink-2320 ,Success
2021-03-14,Falcon 9,Cape Canaveral,LEO,260.0,Starlink-2321 ,Success
2021-03-11,Falcon 9,Cape Canaveral,LEO,260.0,Starlink-2322 ,Failure
2021-03-14,Falcon 9,Cape Canaveral,LEO,260.0,Starlink-2323 ,Success
2021-03-14,Falcon 9,Cape Canaveral,LEO,260.0,Starlink-2324 ,Success
2021-03-24,Falcon 9,Cape Canaveral,LEO,260.0,Starlink-2325 ,Success
2021-03-14,Falcon 9,Cape Canaveral,LEO,260.0,Starlink-2326 ,Success
2021-03-14,Falcon 9,Cape Canaveral,LEO,260.0,Starlink-2327 ,Success
2021-03-14,Falcon 9,Cape Canaveral,LEO,260.0,Starlink-2329 ,Success
2021-03-14,Falcon 9,Cape Canaveral,LEO,260.0,Starlink-2330 ,Failure
2021-03-14,Falcon 9,Cape Canaveral,LEO,260.0,Starlink-2331 ,Success
2021-03-14,Falcon 9,Cape Canaveral,LEO,260.0,Starlink-2332 ,Success
2021-03-14,Falcon 9,Cape Canaveral,LEO,260.0,Starlink-2333 ,Success
2021-03-11,Falcon 9,Cape Canaveral,LEO,260.0,Starlink-2334 ,Success
2021-03-14,Falcon 9,Cape Canaveral,LEO,260.0,Starlink-2335 ,Success
2021-03-14,Falcon 9,Cape Canaveral,LEO,260.0,Starlink-2336 ,Success
2021-03-14,Falcon 9,Cape Canaveral,LEO,260.0,Starlink-2337 ,Success
2021-03-11,Falcon 9,Cape Canaveral,LEO,260.0,Starlink-2338 ,Success
2021-03-14,Falcon 9,Cape Canaveral,LEO,260.0,Starlink-2339 ,Success
2021-03-14,Falcon 9,Cape Canaveral,LEO,260.0,Starlink-2340 ,Success
2021-03-11,Falcon 9,Cape Canaveral,LEO,260.0,Starlink-2341 ,Success
2021-03-14,Falcon 9,Cape Canaveral,LEO,260.0,Starlink-2342 ,Failure
2021-03-14,Falcon 9,Cape Canaveral,LEO,260.0,Starlink-2343 ,Success
2021-03-14,Falcon 9,Cape Canaveral,LEO,260.0,Starlink-2344 ,Success
2021-03-14,Falcon 9,Cape Canaveral,LEO,260.0,Starlink-2345 ,Success
2021-03-14,Falcon 9,Cape Canaveral,LEO,260.0,Starlink-2346 ,Success
2021-03-11,Falcon 9,Cape Canaveral,LEO,260.0,Starlink-2347 ,Success
2021-03-14,Falcon 9,Cape Canaveral,LEO,260.0,Starlink-2348 ,Failure
2021-03-14,Falcon 9,Cape Canaveral,LEO,260.0,Starlink-2349 ,Success
2021-03-14,Falcon 9,Cape Canaveral,LEO,260.0,Starlink-2351 ,Success
2021-03-14,Falcon 9,Cape Canaveral,LEO,260.0,Starlink-2352 ,Success
2021-03-14,Falcon 9,Cape Canaveral,LEO,260.0,Starlink-2353 ,Success
2021-03-14,Falcon 9,Cape Canaveral,LEO,260.0,Starlink-2354 ,Success
2021-03-14,Falcon 9,Cape Canaveral,LEO,260.0,Starlink-2355 ,Success
2021-03-14,Falcon 9,Cape Canaveral,LEO,260.0,Starlink-2356 ,Success
2021-03-14,Falcon 9,Cape Canaveral,LEO,260.0,Starlink-2357 ,Success
2021-03-14,Falcon 9,Cape Canaveral,LEO,260.0,Starlink-2358 ,Success
2021-03-14,Falcon 9,Cape Canaveral,LEO,260.0,Starlink-2359 ,Failure
2021-03-14,Falcon 9,Cape Canaveral,LEO,260.0,Starlink-2360 ,Success
2021-03-14,Falcon 9,Cape Canaveral,LEO,260.0,Starlink-2361 ,Success
2021-03-14,Falcon 9,Cape Canaveral,LEO,260.0,Starlink-2362 ,Success
2021-03-14,Falcon 9,Cape Canaveral,LEO,260.0,Starlink-2363 ,Success
2021-03-14,Falcon 9,Cape Canaveral,LEO,260.0,Starlink-2364 ,Success
2021-03-14,Falcon 9,Cape Canaveral,LEO,260.0,Starlink-2365 ,Success
2021-03-14,Falcon 9,Cape Canaveral,LEO,260.0,Starlink-2366 ,Success
2021-03-14,Falcon 9,Cape Canaveral,LEO,260.0,Starlink-2367 ,Success
2021-03-14,Falcon 9,Cape Canaveral,LEO,260.0,Starlink-2368 ,Success
2021-03-14,Falcon 9,Cape Canaveral,LEO,260.0,Starlink-2369 ,Success
2021-03-14,Falcon 9,Cape Canaveral,LEO,260.0,Starlink-2370 ,Success
2021-03-14,Falcon 9,Cape Canaveral,LEO,260.0,Starlink-2371 ,Success
2021-03-14,Falcon 9,Cape Canaveral,LEO,260.0,Starlink-2372 ,Success
2021-03-11,Falcon 9,Cape Canaveral,LEO,260.0,Starlink-2373 ,Failure
2021-03-14,Falcon 9,Cape Canaveral,LEO,260.0,Starlink-2374 ,Success
2021-03-14,Falcon 9,Cape Canaveral,LEO,260.0,Starlink-2375 ,Success
2021-03-14,Falcon 9,Cape Canaveral,LEO,260.0,Starlink-2376 ,Success
2021-03-11,Falcon 9,Cape Canaveral,LEO,260.0,Starlink-2377 ,Success
2021-03-14,Falcon 9,Cape Canaveral,LEO,260.0,Starlink-2378 ,Failure
2021-03-11,Falcon 9,Cape Canaveral,LEO,260.0,Starlink-2379 ,Success
2021-03-11,Falcon 9,Cape Canaveral,LEO,260.0,Starlink-2380 ,Success
2021-03-11,Falcon 9,Cape Canaveral,LEO,260.0,Starlink-2381 ,Success
2021-03-11,Falcon 9,Cape Canaveral,LEO,260.0,Starlink-2382 ,Success
2021-03-11,Falcon 9,Cape Canaveral,LEO,260.0,Starlink-2383 ,Success
2021-03-11,Falcon 9,Cape Canaveral,LEO,260.0,Starlink-2384 ,Success
2021-03-11,Falcon 9,Cape Canaveral,LEO,260.0,Starlink-2385 ,Failure
2021-03-11,Falcon 9,Cape Canaveral,LEO,260.0,Starlink-2386 ,Success
2021-03-11,Falcon 9,Cape Canaveral,LEO,260.0,Starlink-2387 ,Success
2021-03-11,Falcon 9,Cape Canaveral,LEO,260.0,Starlink-2388 ,Failure
2021-03-11,Falcon 9,Cape Canaveral,LEO,260.0,Starlink-2389 ,Success
2021-03-11,Falcon 9,Cape Canaveral,LEO,260.0,Starlink-2390 ,Success
2021-03-11,Falcon 9,Cape Canaveral,LEO,260.0,Starlink-2391 ,Success
2021-03-11,Falcon 9,Cape Canaveral,LEO,260.0,Starlink-2392 ,Success
2021-03-11,Falcon 9,Cape Canaveral,LEO,260.0,Starlink-2393 ,Success
2021-03-11,Falcon 9,Cape Canaveral,LEO,260.0,Starlink-2394 ,Success
2021-03-11,Falcon 9,Cape Canaveral,LEO,260.0,Starlink-2395 ,Success
2021-03-11,Falcon 9,Cape Canaveral,LEO,260.0,Starlink-2396 ,Success
2021-03-14,Falcon 9,Cape Canaveral,LEO,260.0,Starlink-2397 ,Success
2021-03-14,Falcon 9,Cape Canaveral,LEO,260.0,Starlink-2398 ,Success
2021-03-11,Falcon 9,Cape Canaveral,LEO,260.0,Starlink-2399 ,Failure
2019-05-24,Falcon 9,Cape Canaveral,LEO,227.0,Starlink-24 ,Success
2021-03-11,Falcon 9,Cape Canaveral,LEO,260.0,Starlink-2400 ,Success
2021-03-11,Falcon 9,Cape Canaveral,LEO,260.0,Starlink-2401 ,Success
2021-03-11,Falcon 9,Cape Canaveral,LEO,260.0,Starlink-2402 ,Success
2021-03-11,Falcon 9,Cape Canaveral,LEO,260.0,Starlink-2403 ,Success
2021-04-07,Falcon 9,Cape Canaveral,LEO,260.0,Starlink-2404 ,Success
2021-03-14,Falcon 9,Cape Canaveral,LEO,260.0,Starlink-2405 ,Success
2021-03-11,Falcon 9,Cape Canaveral,LEO,260.0,Starlink-2406 ,Success
2021-03-11,Falcon 9,Cape Canaveral,LEO,260.0,Starlink-2407 ,Success
2021-03-11,Falcon 9,Cape Canaveral,LEO,260.0,Starlink-2408 ,Success
2021-03-11,Falcon 9,Cape Canaveral,LEO,260.0,Starlink-2409 ,Success
2021-03-11,Falcon 9,Cape Canaveral,LEO,260.0,Starlink-2410 ,Success
2021-03-11,Falcon 9,Cape Canaveral,LEO,260.0,Starlink-2411 ,Success
2021-04-07,Falcon 9,Cape Canaveral,LEO,260.0,Starlink-2412 ,Success
2021-03-11,Falcon 9,Cape Canaveral,LEO,260.0,Starlink-2413 ,Failure
2021-04-07,Falcon 9,Cape Canaveral,LEO,260.0,Starlink-2414 ,Success
2021-03-11,Falcon 9,Cape Canaveral,LEO,260.0,Starlink-2415 ,Success
2021-03-11,Falcon 9,Cape Canaveral,LEO,260.0,Starlink-2416 ,Success
2021-04-07,Falcon 9,Cape Canaveral,LEO,260.0,Starlink-2417 ,Success
2021-04-07,Falcon 9,Cape Canaveral,LEO,260.0,Starlink-2418 ,Failure
2021-03-11,Falcon 9,Cape Canaveral,LEO,260.0,Starlink-2419 ,Success
2021-03-11,Falcon 9,Cape Canaveral,LEO,260.0,Starlink-2420 ,Success
2021-04-07,Falcon 9,Cape Canaveral,LEO,260.0,Starlink-2421 ,Success
2021-03-11,Falcon 9,Cape Canaveral,LEO,260.0,Starlink-2422 ,Success
2021-03-11,Falcon 9,Cape Canaveral,LEO,260.0,Starlink-2423 ,Success
2021-03-11,Falcon 9,Cape Canaveral,LEO,260.0,Starlink-2424 ,Success
2021-03-11,Falcon 9,Cape Canaveral,LEO,260.0,Starlink-2425 ,Success
2021-03-11,Falcon 9,Cape Canaveral,LEO,260.0,Starlink-2426 ,Success
2021-03-11,Falcon 9,Cape Canaveral,LEO,260.0,Starlink-2427 ,Success
2021-04-07,Falcon 9,Cape Canaveral,LEO,260.0,Starlink-2428 ,Success
2021-03-11,Falcon 9,Cape Canaveral,LEO,260.0,Starlink-2429 ,Success
2021-04-07,Falcon 9,Cape Canaveral,LEO,260.0,Starlink-2430 ,Success
2021-03-11,Falcon 9,Cape Canaveral,LEO,260.0,Starlink-2431 ,Success
2021-03-11,Falcon 9,Cape Canaveral,LEO,260.0,Starlink-2432 ,Success
2021-03-11,Falcon 9,Cape Canaveral,LEO,260.0,Starlink-2433 ,Success
2021-03-11,Falcon 9,Cape Canaveral,LEO,260.0,Starlink-2434 ,Success
2021-03-11,Falcon 9,Cape Canaveral,LEO,260.0,Starlink-2435 ,Success
2021-04-07,Falcon 9,Cape Canaveral,LEO,260.0,Starlink-2436 ,Failure
2021-04-07,Falcon 9,Cape Canaveral,LEO,260.0,Starlink-2437 ,Success
2021-04-07,Falcon 9,Cape Canaveral,LEO,260.0,Starlink-2438 ,Success
2021-04-07,Falcon 9,Cape Canaveral,LEO,260.0,Starlink-2439 ,Success
2021-04-07,Falcon 9,Cape Canaveral,LEO,260.0,Starlink-2440 ,Success
2021-04-28,Falcon 9,Cape Canaveral,LEO,260.0,Starlink-2441 ,Success
2021-04-07,Falcon 9,Cape Canaveral,LEO,260.0,Starlink-2442 ,Success
2021-04-07,Falcon 9,Cape Canaveral,LEO,260.0,Starlink-2443 ,Success
2021-04-07,Falcon 9,Cape Canaveral,LEO,260.0,Starlink-2444 ,Success
2021-04-07,Falcon 9,Cape Canaveral,LEO,260.0,Starlink-2445 ,Success
2021-03-11,Falcon 9,Cape Canaveral,LEO,260.0,Starlink-2446 ,Success
2021-04-07,Falcon 9,Cape Canaveral,LEO,260.0,Starlink-2447 ,Success
2021-04-07,Falcon 9,Cape Canaveral,LEO,260.0,Starlink-2448 ,Success
2021-04-07,Falcon 9,Cape Canaveral,LEO,260.0,Starlink-2449 ,Success
2021-04-07,Falcon 9,Cape Canaveral,LEO,260.0,Starlink-2450 ,Success
2021-04-07,Falcon 9,Cape Canaveral,LEO,260.0,Starlink-2451 ,Success
2021-04-07,Falcon 9,Cape Canaveral,LEO,260.0,Starlink-2452 ,Success
2021-03-11,Falcon 9,Cape Canaveral,LEO,260.0,Starlink-2453 ,Success
2021-04-07,Falcon 9,Cape Canaveral,LEO,260.0,Starlink-2454 ,Success
2021-04-07,Falcon 9,Cape Canaveral,LEO,260.0,Starlink-2455 ,Success
2021-03-11,Falcon 9,Cape Canaveral,LEO,260.0,Starlink-2456 ,Failure
2021-04-28,Falcon 9,Cape Canaveral,LEO,260.0,Starlink-2457 ,Failure
2021-04-07,Falcon 9,Cape Canaveral,LEO,260.0,Starlink-2458 ,Success
2021-04-07,Falcon 9,Cape Canaveral,LEO,260.0,Starlink-2459 ,Success
2021-04-07,Falcon 9,Cape Canaveral,LEO,260.0,Starlink-2460 ,Success
2021-05-09,Falcon 9,Cape Canaveral,LEO,260.0,Starlink-2461,Success
2021-04-07,Falcon 9,Cape Canaveral,LEO,260.0,Starlink-2462 ,Success
2021-04-07,Falcon 9,Cape Canaveral,LEO,260.0,Starlink-2463 ,Success
2021-04-07,Falcon 9,Cape Canaveral,LEO,260.0,Starlink-2464 ,Success
2021-04-07,Falcon 9,Cape Canaveral,LEO,260.0,Starlink-2465 ,Success
2021-04-07,Falcon 9,Cape Canaveral,LEO,260.0,Starlink-2466 ,Success
2021-04-07,Falcon 9,Cape Canaveral,LEO,260.0,Starlink-2467 ,Success
2021-04-07,Falcon 9,Cape Canaveral,LEO,260.0,Starlink-2468 ,Success
2021-04-07,Falcon 9,Cape Canaveral,LEO,260.0,Starlink-2469 ,Success
2021-04-28,Falcon 9,Cape Canaveral,LEO,260.0,Starlink-2470 ,Success
2021-04-07,Falcon 9,Cape Canaveral,LEO,260.0,Starlink-2471 ,Success
2021-04-07,Falcon 9,Cape Canaveral,LEO,260.0,Starlink-2472 ,Success
2021-04-07,Falcon 9,Cape Canaveral,LEO,260.0,Starlink-2473 ,Success
2021-04-07,Falcon 9,Cape Canaveral,LEO,260.0,Starlink-2474 ,Success
2021-04-07,Falcon 9,Cape Canaveral,LEO,260.0,Starlink-2475 ,Success
2021-04-07,Falcon 9,Cape Canaveral,LEO,260.0,Starlink-2476 ,Success
2021-04-28,Falcon 9,Cape Canaveral,LEO,260.0,Starlink-2477 ,Success
2021-04-07,Falcon 9,Cape Canaveral,LEO,260.0,Starlink-2478 ,Success
2021-04-07,Falcon 9,Cape Canaveral,LEO,260.0,Starlink-2479 ,Success
2021-04-07,Falcon 9,Cape Canaveral,LEO,260.0,Starlink-2480 ,Success
2021-04-07,Falcon 9,Cape Canaveral,LEO,260.0,Starlink-2481 ,Success
2021-04-07,Falcon 9,Cape Canaveral,LEO,260.0,Starlink-2482 ,Success
2021-04-07,Falcon 9,Cape Canaveral,LEO,260.0,Starlink-2483 ,Success
2021-04-07,Falcon 9,Cape Canaveral,LEO,260.0,Starlink-2484 ,Success
2021-04-07,Falcon 9,Cape Canaveral,LEO,260.0,Starlink-2485 ,Success
2021-04-07,Falcon 9,Cape Canaveral,LEO,260.0,Starlink-2486 ,Success
2021-04-07,Falcon 9,Cape Canaveral,LEO,260.0,Starlink-2487 ,Success
2021-04-07,Falcon 9,Cape Canaveral,LEO,260.0,Starlink-2488 ,Success
2021-04-07,Falcon 9,Cape Canaveral,LEO,260.0,Starlink-2489 ,Success
2021-04-07,Falcon 9,Cape Canaveral,LEO,260.0,Starlink-2490 ,Failure
2021-04-07,Falcon 9,Cape Canaveral,LEO,260.0,Starlink-2491 ,Success
2021-04-07,Falcon 9,Cape Canaveral,LEO,260.0,Starlink-2492 ,Success
2021-04-07,Falcon 9,Cape Canaveral,LEO,260.0,Starlink-2493 ,Success
2021-05-09,Falcon 9,Cape Canaveral,LEO,260.0,Starlink-2494,Success
2021-04-28,Falcon 9,Cape Canaveral,LEO,260.0,Starlink-2495 ,Success
2021-05-09,Falcon 9,Cape Canaveral,LEO,260.0,Starlink-2496,Success
2021-05-09,Falcon 9,Cape Canaveral,LEO,260.0,Starlink-2497,Failure
2021-04-28,Falcon 9,Cape Canaveral,LEO,260.0,Starlink-2498 ,Success
2021-05-04,Falcon 9,Cape Canaveral,LEO,260.0,Starlink-2499,Success
2021-05-09,Falcon 9,Cape Canaveral,LEO,260.0,Starlink-2500,Success
2021-04-28,Falcon 9,Cape Canaveral,LEO,260.0,Starlink-2501 ,Success
2021-04-28,Falcon 9,Cape Canaveral,LEO,260.0,Starlink-2502 ,Success
2021-04-07,Falcon 9,Cape Canaveral,LEO,260.0,Starlink-2503 ,Success
2021-04-28,Falcon 9,Cape Canaveral,LEO,260.0,Starlink-2504 ,Success
2021-05-04,Falcon 9,Cape Canaveral,LEO,260.0,Starlink-2505,Success
2021-04-28,Falcon 9,Cape Canaveral,LEO,260.0,Starlink-2506 ,Success
2021-04-28,Falcon 9,Cape Canaveral,LEO,260.0,Starlink-2507 ,Failure
2021-05-09,Falcon 9,Cape Canaveral,LEO,260.0,Starlink-2508,Success
2021-04-28,Falcon 9,Cape Canaveral,LEO,260.0,Starlink-2509 ,Success
2021-04-28,Falcon 9,Cape Canaveral,LEO,260.0,Starlink-2510 ,Success
2021-04-28,Falcon 9,Cape Canaveral,LEO,260.0,Starlink-2511 ,Success
2021-04-28,Falcon 9,Cape Canaveral,LEO,260.0,Starlink-2512 ,Success
2021-04-28,Falcon 9,Cape Canaveral,LEO,260.0,Starlink-2513 ,Success
2021-04-28,Falcon 9,Cape Canaveral,LEO,260.0,Starlink-2514 ,Success
2021-04-28,Falcon 9,Cape Canaveral,LEO,260.0,Starlink-2515 ,Failure
2021-04-28,Falcon 9,Cape Canaveral,LEO,260.0,Starlink-2516 ,Success
2021-04-28,Falcon 9,Cape Canaveral,LEO,260.0,Starlink-2517 ,Success
2021-04-28,Falcon 9,Cape Canaveral,LEO,260.0,Starlink-2518 ,Success
2021-04-28,Falcon 9,Cape Canaveral,LEO,260.0,Starlink-2519 ,Success
2021-04-28,Falcon 9,Cape Canaveral,LEO,260.0,Starlink-2520 ,Success
2021-05-26,Falcon 9,Cape Canaveral,LEO,260.0,Starlink-2521,Success
2021-04-28,Falcon 9,Cape Canaveral,LEO,260.0,Starlink-2523 ,Success
2021-04-28,Falcon 9,Cape Canaveral,LEO,260.0,Starlink-2524 ,Success
2021-05-09,Falcon 9,Cape Canaveral,LEO,260.0,Starlink-2525,Success
2021-05-04,Falcon 9,Cape Canaveral,LEO,260.0,Starlink-2526,Success
2021-04-28,Falcon 9,Cape Canaveral,LEO,260.0,Starlink-2527 ,Success
2021-04-28,Falcon 9,Cape Canaveral,LEO,260.0,Starlink-2528 ,Success
2021-05-09,Falcon 9,Cape Canaveral,LEO,260.0,Starlink-2529,Success
2021-04-28,Falcon 9,Cape Canaveral,LEO,260.0,Starlink-2530 ,Success
2021-05-09,Falcon 9,Cape Canaveral,LEO,260.0,Starlink-2531,Success
2021-04-28,Falcon 9,Cape Canaveral,LEO,260.0,Starlink-2532 ,Failure
2021-04-28,Falcon 9,Cape Canaveral,LEO,260.0,Starlink-2533 ,Success
2021-04-28,Falcon 9,Cape Canaveral,LEO,260.0,Starlink-2534 ,Success
2021-04-28,Falcon 9,Cape Canaveral,LEO,260.0,Starlink-2535 ,Success
2021-04-28,Falcon 9,Cape Canaveral,LEO,260.0,Starlink-2536 ,Failure
2021-04-28,Falcon 9,Cape Canaveral,LEO,260.0,Starlink-2537 ,Success
2021-04-28,Falcon 9,Cape Canaveral,LEO,260.0,Starlink-2538 ,Success
2021-04-28,Falcon 9,Cape Canaveral,LEO,260.0,Starlink-2540 ,Success
2021-04-28,Falcon 9,Cape Canaveral,LEO,260.0,Starlink-2541 ,Success
2021-04-28,Falcon 9,Cape Canaveral,LEO,260.0,Starlink-2542 ,Success
2021-04-28,Falcon 9,Cape Canaveral,LEO,260.0,Starlink-2543 ,Success
2021-04-28,Falcon 9,Cape Canaveral,LEO,260.0,Starlink-2544 ,Success
2021-04-28,Falcon 9,Cape Canaveral,LEO,260.0,Starlink-2545 ,Success
2021-04-28,Falcon 9,Cape Canaveral,LEO,260.0,Starlink-2546 ,Success
2021-04-28,Falcon 9,Cape Canaveral,LEO,260.0,Starlink-2547 ,Success
2021-04-28,Falcon 9,Cape Canaveral,LEO,260.0,Starlink-2548 ,Success
2021-04-28,Falcon 9,Cape Canaveral,LEO,260.0,Starlink-2549 ,Success
2021-04-28,Falcon 9,Cape Canaveral,LEO,260.0,Starlink-2550 ,Success
2021-04-28,Falcon 9,Cape Canaveral,LEO,260.0,Starlink-2555 ,Success
2021-04-28,Falcon 9,Cape Canaveral,LEO,260.0,Starlink-2556 ,Success
2021-04-28,Falcon 9,Cape Canaveral,LEO,260.0,Starlink-2557 ,Success
2021-04-28,Falcon 9,Cape Canaveral,LEO,260.0,Starlink-2558 ,Success
2021-04-28,Falcon 9,Cape Canaveral,LEO,260.0,Starlink-2559 ,Success
2021-05-04,Falcon 9,Cape Canaveral,LEO,260.0,Starlink-2560,Success
2021-05-04,Falcon 9,Cape Canaveral,LEO,260.0,Starlink-2561,Success
2021-04-28,Falcon 9,Cape Canaveral,LEO,260.0,Starlink-2562 ,Success
2021-05-04,Falcon 9,Cape Canaveral,LEO,260.0,Starlink-2563,Success
2021-04-28,Falcon 9,Cape Canaveral,LEO,260.0,Starlink-2564 ,Success
2021-04-28,Falcon 9,Cape Canaveral,LEO,260.0,Starlink-2565 ,Success
2021-04-28,Falcon 9,Cape Canaveral,LEO,260.0,Starlink-2566 ,Failure
2021-04-28,Falcon 9,Cape Canaveral,LEO,260.0,Starlink-2567 ,Success
2021-05-04,Falcon 9,Cape Canaveral,LEO,260.0,Starlink-2568,Success
2021-04-28,Falcon 9,Cape Canaveral,LEO,260.0,Starlink-2569 ,Success
2021-05-04,Falcon 9,Cape Canaveral,LEO,260.0,Starlink-2570,Success
2021-05-04,Falcon 9,Cape Canaveral,LEO,260.0,Starlink-2571,Failure
2021-05-04,Falcon 9,Cape Canaveral,LEO,260.0,Starlink-2572,Success
2021-05-04,Falcon 9,Cape Canaveral,LEO,260.0,Starlink-2573,Success
2021-05-04,Falcon 9,Cape Canaveral,LEO,260.0,Starlink-2574,Success
2021-05-04,Falcon 9,Cape Canaveral,LEO,260.0,Starlink-2575,Success
2021-05-04,Falcon 9,Cape Canaveral,LEO,260.0,Starlink-2576,Success
2021-05-04,Falcon 9,Cape Canaveral,LEO,260.0,Starlink-2578,Success
2021-05-09,Falcon 9,Cape Canaveral,LEO,260.0,Starlink-2579,Failure
2021-04-28,Falcon 9,Cape Canaveral,LEO,260.0,Starlink-2580 ,Success
2021-05-04,Falcon 9,Cape Canaveral,LEO,260.0,Starlink-2581,Failure
2021-05-09,Falcon 9,Cape Canaveral,LEO,260.0,Starlink-2582,Success
2021-05-09,Falcon 9,Cape Canaveral,LEO,260.0,Starlink-2583,Success
2021-05-04,Falcon 9,Cape Canaveral,LEO,260.0,Starlink-2585,Success
2021-05-04,Falcon 9,Cape Canaveral,LEO,260.0,Starlink-2586,Success
2021-05-04,Falcon 9,Cape Canaveral,LEO,260.0,Starlink-2587,Success
2021-05-04,Falcon 9,Cape Canaveral,LEO,260.0,Starlink-2588,Success
2021-05-04,Falcon 9,Cape Canaveral,LEO,260.0,Starlink-2589,Success
2021-05-04,Falcon 9,Cape Canaveral,LEO,260.0,Starlink-2590,Success
2021-05-04,Falcon 9,Cape Canaveral,LEO,260.0,Starlink-2591,Success
2021-05-04,Falcon 9,Cape Canaveral,LEO,260.0,Starlink-2592,Success
2021-05-04,Falcon 9,Cape Canaveral,LEO,260.0,Starlink-2593,Success
2021-05-04,Falcon 9,Cape Canaveral,LEO,260.0,Starlink-2594,Success
2021-05-04,Falcon 9,Cape Canaveral,LEO,260.0,Starlink-2595,Success
2021-05-04,Falcon 9,Cape Canaveral,LEO,260.0,Starlink-2596,Success
2021-05-04,Falcon 9,Cape Canaveral,LEO,260.0,Starlink-2598,Success
2021-05-04,Falcon 9,Cape Canaveral,LEO,260.0,Starlink-2599,Success
2021-05-04,Falcon 9,Cape Canaveral,LEO,260.0,Starlink-2600,Success
2021-05-09,Falcon 9,Cape Canaveral,LEO,260.0,Starlink-2600,Success
2021-05-04,Falcon 9,Cape Canaveral,LEO,260.0,Starlink-2601,Success
2021-05-04,Falcon 9,Cape Canaveral,LEO,260.0,Starlink-2602,Success
2021-05-04,Falcon 9,Cape Canaveral,LEO,260.0,Starlink-2603,Success
2021-05-04,Falcon 9,Cape Canaveral,LEO,260.0,Starlink-2604,Success
2021-05-04,Falcon 9,Cape Canaveral,LEO,260.0,Starlink-2605,Success
2021-05-04,Falcon 9,Cape Canaveral,LEO,260.0,Starlink-2606,Success
2021-05-04,Falcon 9,Cape Canaveral,LEO,260.0,Starlink-2607,Failure
2021-05-04,Falcon 9,Cape Canaveral,LEO,260.0,Starlink-2608,Success
2021-05-04,Falcon 9,Cape Canaveral,LEO,260.0,Starlink-2609,Success
2021-05-04,Falcon 9,Cape Canaveral,LEO,260.0,Starlink-2610,Success
2021-05-04,Falcon 9,Cape Canaveral,LEO,260.0,Starlink-2611,Failure
2021-05-04,Falcon 9,Cape Canaveral,LEO,260.0,Starlink-2612,Success
2021-05-04,Falcon 9,Cape Canaveral,LEO,260.0,Starlink-2613,Success
2021-05-04,Falcon 9,Cape Canaveral,LEO,260.0,Starlink-2614,Success
2021-05-26,Falcon 9,Cape Canaveral,LEO,260.0,Starlink-2615,Success
2021-05-26,Falcon 9,Cape Canaveral,LEO,260.0,Starlink-2616,Success
2021-05-26,Falcon 9,Cape Canaveral,LEO,260.0,Starlink-2617,Success
2021-05-26,Falcon 9,Cape Canaveral,LEO,260.0,Starlink-2618,Success
2021-05-09,Falcon 9,Cape Canaveral,LEO,260.0,Starlink-2619,Success
2021-05-09,Falcon 9,Cape Canaveral,LEO,260.0,Starlink-2620,Success
2021-05-04,Falcon 9,Cape Canaveral,LEO,260.0,Starlink-2621,Success
2021-05-04,Falcon 9,Cape Canaveral,LEO,260.0,Starlink-2622,Success
2021-05-04,Falcon 9,Cape Canaveral,LEO,260.0,Starlink-2623,Success
2021-05-04,Falcon 9,Cape Canaveral,LEO,260.0,Starlink-2624,Success
2021-05-04,Falcon 9,Cape Canaveral,LEO,260.0,Starlink-2626,Success
2021-05-26,Falcon 9,Cape Canaveral,LEO,260.0,Starlink-2627,Success
2021-05-04,Falcon 9,Cape Canaveral,LEO,260.0,Starlink-2628,Failure
2021-05-26,Falcon 9,Cape Canaveral,LEO,260.0,Starlink-2629,Success
2021-05-04,Falcon 9,Cape Canaveral,LEO,260.0,Starlink-2630,Success
2021-05-04,Falcon 9,Cape Canaveral,LEO,260.0,Starlink-2631,Success
2021-05-09,Falcon 9,Cape Canaveral,LEO,260.0,Starlink-2632,Success
2021-05-09,Falcon 9,Cape Canaveral,LEO,260.0,Starlink-2633,Failure
2021-05-09,Falcon 9,Cape Canaveral,LEO,260.0,Starlink-2633,Failure
2021-05-09,Falcon 9,Cape Canaveral,LEO,260.0,Starlink-2634,Success
2021-05-04,Falcon 9,Cape Canaveral,LEO,260.0,Starlink-2635,Success
2021-05-04,Falcon 9,Cape Canaveral,LEO,260.0,Starlink-2636,Success
2021-05-04,Falcon 9,Cape Canaveral,LEO,260.0,Starlink-2637,Success
2021-05-09,Falcon 9,Cape Canaveral,LEO,260.0,Starlink-2639,Success
2021-05-09,Falcon 9,Cape Canaveral,LEO,260.0,Starlink-2640,Success
2021-05-04,Falcon 9,Cape Canaveral,LEO,260.0,Starlink-2641,Success
2021-05-09,Falcon 9,Cape Canaveral,LEO,260.0,Starlink-2642,Success
2021-05-04,Falcon 9,Cape Canaveral,LEO,260.0,Starlink-2643,Success
2021-05-09,Falcon 9,Cape Canaveral,LEO,260.0,Starlink-2644,Success
2021-05-09,Falcon 9,Cape Canaveral,LEO,260.0,Starlink-2645,Success
2021-05-26,Falcon 9,Cape Canaveral,LEO,260.0,Starlink-2646,Success
2021-05-26,Falcon 9,Cape Canaveral,LEO,260.0,Starlink-2647,Success
2021-05-26,Falcon 9,Cape Canaveral,LEO,260.0,Starlink-2648,Success
2021-05-26,Falcon 9,Cape Canaveral,LEO,260.0,Starlink-2649,Success
2021-05-26,Falcon 9,Cape Canaveral,LEO,260.0,Starlink-2651,Success
2021-05-09,Falcon 9,Cape Canaveral,LEO,260.0,Starlink-2652,Success
2021-05-26,Falcon 9,Cape Canaveral,LEO,260.0,Starlink-2653,Failure
2021-05-09,Falcon 9,Cape Canaveral,LEO,260.0,Starlink-2654,Failure
2021-05-09,Falcon 9,Cape Canaveral,LEO,260.0,Starlink-2655,Success
2021-05-26,Falcon 9,Cape Canaveral,LEO,260.0,Starlink-2657,Success
2021-05-09,Falcon 9,Cape Canaveral,LEO,260.0,Starlink-2658,Success
2021-05-09,Falcon 9,Cape Canaveral,LEO,260.0,Starlink-2659,Success
2021-05-09,Falcon 9,Cape Canaveral,LEO,260.0,Starlink-2661,Success
2021-05-26,Falcon 9,Cape Canaveral,LEO,260.0,Starlink-2666,Success
2021-05-26,Falcon 9,Cape Canaveral,LEO,260.0,Starlink-2667,Success
2021-05-26,Falcon 9,Cape Canaveral,LEO,260.0,Starlink-2672,Success
2021-05-26,Falcon 9,Cape Canaveral,LEO,260.0,Starlink-2673,Success
2021-05-04,Falcon 9,Cape Canaveral,LEO,260.0,Starlink-2674,Failure
2021-05-09,Falcon 9,Cape Canaveral,LEO,260.0,Starlink-2675,Success
2021-05-09,Falcon 9,Cape Canaveral,LEO,260.0,Starlink-2680,Success
2021-05-09,Falcon 9,Cape Canaveral,LEO,260.0,Starlink-2681,Success
2021-05-09,Falcon 9,Cape Canaveral,LEO,260.0,Starlink-2682,Success
2021-05-09,Falcon 9,Cape Canaveral,LEO,260.0,Starlink-2683,Success
2021-05-09,Falcon 9,Cape Canaveral,LEO,260.0,Starlink-2684,Failure
2021-05-09,Falcon 9,Cape Canaveral,LEO,260.0,Starlink-2685,Success
2021-05-09,Falcon 9,Cape Canaveral,LEO,260.0,Starlink-2686,Success
2021-05-09,Falcon 9,Cape Canaveral,LEO,260.0,Starlink-2687,Success
2021-05-26,Falcon 9,Cape Canaveral,LEO,260.0,Starlink-2688,Success
2021-05-09,Falcon 9,Cape Canaveral,LEO,260.0,Starlink-2689,Success
2021-05-09,Falcon 9,Cape Canaveral,LEO,260.0,Starlink-2690,Failure
2021-05-26,Falcon 9,Cape Canaveral,LEO,260.0,Starlink-2691,Success
2021-05-09,Falcon 9,Cape Canaveral,LEO,260.0,Starlink-2692,Success
2021-05-09,Falcon 9,Cape Canaveral,LEO,260.0,Starlink-2693,Success
2021-05-26,Falcon 9,Cape Canaveral,LEO,260.0,Starlink-2695,Success
2021-05-09,Falcon 9,Cape Canaveral,LEO,260.0,Starlink-2696,Success
2021-05-09,Falcon 9,Cape Canaveral,LEO,260.0,Starlink-2697,Success
2021-05-09,Falcon 9,Cape Canaveral,LEO,260.0,Starlink-2698,Success
2021-05-09,Falcon 9,Cape Canaveral,LEO,260.0,Starlink-2699,Success
2021-05-09,Falcon 9,Cape Canaveral,LEO,260.0,Starlink-2700,Success
2021-05-26,Falcon 9,Cape Canaveral,LEO,260.0,Starlink-2701,Success
2021-05-09,Falcon 9,Cape Canaveral,LEO,260.0,Starlink-2702,Success
2021-05-09,Falcon 9,Cape Canaveral,LEO,260.0,Starlink-2703,Success
2021-05-26,Falcon 9,Cape Canaveral,LEO,260.0,Starlink-2704,Success
2021-05-26,Falcon 9,Cape Canaveral,LEO,260.0,Starlink-2705,Success
2021-05-09,Falcon 9,Cape Canaveral,LEO,260.0,Starlink-2706,Success
2021-05-26,Falcon 9,Cape Canaveral,LEO,260.0,Starlink-2707,Success
2021-05-26,Falcon 9,Cape Canaveral,LEO,260.0,Starlink-2708,Success
2021-05-26,Falcon 9,Cape Canaveral,LEO,260.0,Starlink-2709,Success
2021-05-26,Falcon 9,Cape Canaveral,LEO,260.0,Starlink-2711,Failure
2021-05-26,Falcon 9,Cape Canaveral,LEO,260.0,Starlink-2712,Failure
2021-05-15,Falcon 9,Cape Canaveral,LEO,260.0,Starlink-2714,Success
2021-05-26,Falcon 9,Cape Canaveral,LEO,260.0,Starlink-2715,Success
2021-05-26,Falcon 9,Cape Canaveral,LEO,260.0,Starlink-2717,Success
2021-05-26,Falcon 9,Cape Canaveral,LEO,260.0,Starlink-2719,Failure
2021-05-26,Falcon 9,Cape Canaveral,LEO,260.0,Starlink-2720,Success
2021-05-09,Falcon 9,Cape Canaveral,LEO,260.0,Starlink-2722,Success
2021-05-09,Falcon 9,Cape Canaveral,LEO,260.0,Starlink-2723,Success
2021-05-26,Falcon 9,Cape Canaveral,LEO,260.0,Starlink-2725,Success
2021-05-26,Falcon 9,Cape Canaveral,LEO,260.0,Starlink-2726,Success
2021-05-26,Falcon 9,Cape Canaveral,LEO,260.0,Starlink-2727,Success
2021-05-09,Falcon 9,Cape Canaveral,LEO,260.0,Starlink-2728,Success
2021-05-09,Falcon 9,Cape Canaveral,LEO,260.0,Starlink-2729,Success
2021-05-26,Falcon 9,Cape Canaveral,LEO,260.0,Starlink-2731,Success
2021-05-26,Falcon 9,Cape Canaveral,LEO,260.0,Starlink-2732,Failure
2021-05-26,Falcon 9,Cape Canaveral,LEO,260.0,Starlink-2733,Success
2021-05-26,Falcon 9,Cape Canaveral,LEO,260.0,Starlink-2734,Success
2021-05-26,Falcon 9,Cape Canaveral,LEO,260.0,Starlink-2735,Success
2021-05-26,Falcon 9,Cape Canaveral,LEO,260.0,Starlink-2736,Success
2021-05-26,Falcon 9,Cape Canaveral,LEO,260.0,Starlink-2737,Success
2021-05-26,Falcon 9,Cape Canaveral,LEO,260.0,Starlink-2738,Success
2021-05-26,Falcon 9,Cape Canaveral,LEO,260.0,Starlink-2739,Success
2021-05-26,Falcon 9,Cape Canaveral,LEO,260.0,Starlink-2740,Success
2021-05-26,Falcon 9,Cape Canaveral,LEO,260.0,Starlink-2741,Success
2021-05-26,Falcon 9,Cape Canaveral,LEO,260.0,Starlink-2742,Success
2021-05-26,Falcon 9,Cape Canaveral,LEO,260.0,Starlink-2743,Failure
2021-05-26,Falcon 9,Cape Canaveral,LEO,260.0,Starlink-2745,Success
2021-05-26,Falcon 9,Cape Canaveral,LEO,260.0,Starlink-2746,Success
2021-05-26,Falcon 9,Cape Canaveral,LEO,260.0,Starlink-2748,Success
2021-05-09,Falcon 9,Cape Canaveral,LEO,260.0,Starlink-2749,Success
2021-05-26,Falcon 9,Cape Canaveral,LEO,260.0,Starlink-2750,Success
2021-05-26,Falcon 9,Cape Canaveral,LEO,260.0,Starlink-2751,Success
2021-05-26,Falcon 9,Cape Canaveral,LEO,260.0,Starlink-2752,Success
2021-05-26,Falcon 9,Cape Canaveral,LEO,260.0,Starlink-2753,Success
2021-05-26,Falcon 9,Cape Canaveral,LEO,260.0,Starlink-2754,Success
2021-05-09,Falcon 9,Cape Canaveral,LEO,260.0,Starlink-2755,Success
2021-05-26,Falcon 9,Cape Canaveral,LEO,260.0,Starlink-2756,Success
2021-05-15,Falcon 9,Cape Canaveral,LEO,260.0,Starlink-2757,Success
2021-05-26,Falcon 9,Cape Canaveral,LEO,260.0,Starlink-2758,Success
2021-05-26,Falcon 9,Cape Canaveral,LEO,260.0,Starlink-2763,Success
2021-06-30,Falcon 9,Cape Canaveral,LEO,260.0,Starlink-3003,Success
2023-02-27,Falcon 9,Cape Canaveral,LEO,800.0,Starlink-30037               ,Success
2023-02-27,Falcon 9,Cape Canaveral,LEO,800.0,Starlink-30038               ,Success
2021-06-30,Falcon 9,Cape Canaveral,LEO,260.0,Starlink-3004,Success
2023-02-27,Falcon 9,Cape Canaveral,LEO,800.0,Starlink-30040               ,Success
2023-02-27,Falcon 9,Cape Canaveral,LEO,800.0,Starlink-30042               ,Success
2023-02-27,Falcon 9,Cape Canaveral,LEO,800.0,Starlink-30044               ,Success
2023-02-27,Falcon 9,Cape Canaveral,LEO,800.0,Starlink-30046               ,Success
2023-02-27,Falcon 9,Cape Canaveral,LEO,800.0,Starlink-30047               ,Success
2023-02-27,Falcon 9,Cape Canaveral,LEO,800.0,Starlink-30048               ,Success
2023-04-19,Falcon 9,Cape Canaveral,LEO,750.0,Starlink-30049,Failure
2021-06-30,Falcon 9,Cape Canaveral,LEO,260.0,Starlink-3005,Success
2023-02-27,Falcon 9,Cape Canaveral,LEO,800.0,Starlink-30050,Success
2023-02-27,Falcon 9,Cape Canaveral,LEO,800.0,Starlink-30051               ,Success
2023-02-27,Falcon 9,Cape Canaveral,LEO,800.0,Starlink-30055               ,Failure
2023-02-27,Falcon 9,Cape Canaveral,LEO,800.0,Starlink-30057               ,Success
2023-02-27,Falcon 9,Cape Canaveral,LEO,800.0,Starlink-30058               ,Success
2023-02-27,Falcon 9,Cape Canaveral,LEO,800.0,Starlink-30059              ,Success
2023-02-27,Falcon 9,Cape Canaveral,LEO,800.0,Starlink-30060               ,Success
2023-02-27,Falcon 9,Cape Canaveral,LEO,800.0,Starlink-30061               ,Success
2023-02-27,Falcon 9,Cape Canaveral,LEO,800.0,Starlink-30063 ,Failure
2023-02-27,Falcon 9,Cape Canaveral,LEO,800.0,Starlink-30064               ,Success
2023-02-27,Falcon 9,Cape Canaveral,LEO,800.0,Starlink-30065               ,Success
2023-04-19,Falcon 9,Cape Canaveral,LEO,750.0,Starlink-30083,Success
2023-04-19,Falcon 9,Cape Canaveral,LEO,750.0,Starlink-30086,Success
2023-04-19,Falcon 9,Cape Canaveral,LEO,750.0,Starlink-30089,Failure
2023-04-19,Falcon 9,Cape Canaveral,LEO,750.0,Starlink-30090,Success
2023-04-19,Falcon 9,Cape Canaveral,LEO,750.0,Starlink-30094,Success
2023-04-19,Falcon 9,Cape Canaveral,LEO,750.0,Starlink-30095,Success
2023-04-19,Falcon 9,Cape Canaveral,LEO,750.0,Starlink-30096,Failure
2023-04-19,Falcon 9,Cape Canaveral,LEO,750.0,Starlink-30097,Success
2023-04-19,Falcon 9,Cape Canaveral,LEO,750.0,Starlink-30098,Success
2023-04-19,Falcon 9,Cape Canaveral,LEO,750.0,Starlink-30099,Success
2023-04-19,Falcon 9,Cape Canaveral,LEO,750.0,Starlink-30101,Success
2023-04-19,Falcon 9,Cape Canaveral,LEO,750.0,Starlink-30102,Failure
2023-04-19,Falcon 9,Cape Canaveral,LEO,750.0,Starlink-30103,Success
2023-04-19,Falcon 9,Cape Canaveral,LEO,750.0,Starlink-30104,Success
2023-04-19,Falcon 9,Cape Canaveral,LEO,750.0,Starlink-30106,Success
2023-04-19,Falcon 9,Cape Canaveral,LEO,750.0,Starlink-30107,Success
2023-04-19,Falcon 9,Cape Canaveral,LEO,750.0,Starlink-30108,Success
2023-04-19,Falcon 9,Cape Canaveral,LEO,750.0,Starlink-30109,Failure
2023-04-19,Falcon 9,Cape Canaveral,LEO,750.0,Starlink-30112,Success
2023-04-19,Falcon 9,Cape Canaveral,LEO,750.0,Starlink-30113,Success
2021-09-13,Falcon 9,Vandenberg AFB,LEO,260.0,Starlink-3042 ,Success
2021-09-13,Falcon 9,Vandenberg AFB,LEO,260.0,Starlink-3043 ,Failure
2021-11-13,Falcon 9,Cape Canaveral,LEO,260.0,Starlink-3044 ,Success
2021-09-13,Falcon 9,Vandenberg AFB,LEO,260.0,Starlink-3045 ,Success
2021-09-13,Falcon 9,Vandenberg AFB,LEO,260.0,Starlink-3046 ,Success
2021-09-13,Falcon 9,Vandenberg AFB,LEO,260.0,Starlink-3047 ,Success
2021-09-13,Falcon 9,Vandenberg AFB,LEO,260.0,Starlink-3048 ,Failure
2021-11-13,Falcon 9,Cape Canaveral,LEO,260.0,Starlink-3049 ,Success
2021-09-13,Falcon 9,Vandenberg AFB,LEO,260.0,Starlink-3050 ,Success
2021-09-13,Falcon 9,Vandenberg AFB,LEO,260.0,Starlink-3051 ,Success
2021-09-13,Falcon 9,Vandenberg AFB,LEO,260.0,Starlink-3052 ,Success
2021-09-13,Falcon 9,Vandenberg AFB,LEO,260.0,Starlink-3053 ,Success
2021-09-13,Falcon 9,Vandenberg AFB,LEO,260.0,Starlink-3054 ,Success
2021-09-13,Falcon 9,Vandenberg AFB,LEO,260.0,Starlink-3055 ,Success
2021-09-13,Falcon 9,Vandenberg AFB,LEO,260.0,Starlink-3056 ,Success
2021-09-13,Falcon 9,Vandenberg AFB,LEO,260.0,Starlink-3057 ,Success
2021-09-13,Falcon 9,Vandenberg AFB,LEO,260.0,Starlink-3058 ,Success
2021-09-13,Falcon 9,Vandenberg AFB,LEO,260.0,Starlink-3059 ,Success
2021-09-13,Falcon 9,Vandenberg AFB,LEO,260.0,Starlink-3060 ,Success
2021-09-13,Falcon 9,Vandenberg AFB,LEO,260.0,Starlink-3068 ,Success
2021-09-13,Falcon 9,Vandenberg AFB,LEO,260.0,Starlink-3069 ,Success
2021-09-13,Falcon 9,Vandenberg AFB,LEO,260.0,Starlink-3071 ,Success
2021-09-13,Falcon 9,Vandenberg AFB,LEO,260.0,Starlink-3072 ,Success
2021-09-13,Falcon 9,Vandenberg AFB,LEO,260.0,Starlink-3073 ,Success
2021-09-13,Falcon 9,Vandenberg AFB,LEO,260.0,Starlink-3074 ,Success
2021-11-13,Falcon 9,Cape Canaveral,LEO,260.0,Starlink-3075 ,Failure
2021-09-13,Falcon 9,Vandenberg AFB,LEO,260.0,Starlink-3077 ,Success
2021-09-13,Falcon 9,Vandenberg AFB,LEO,260.0,Starlink-3078 ,Success
2021-11-13,Falcon 9,Cape Canaveral,LEO,260.0,Starlink-3079 ,Success
2021-09-13,Falcon 9,Vandenberg AFB,LEO,260.0,Starlink-3080 ,Failure
2021-09-13,Falcon 9,Vandenberg AFB,LEO,260.0,Starlink-3081 ,Success
2021-09-13,Falcon 9,Vandenberg AFB,LEO,260.0,Starlink-3082 ,Success
2021-09-13,Falcon 9,Vandenberg AFB,LEO,260.0,Starlink-3083 ,Success
2021-09-13,Falcon 9,Vandenberg AFB,LEO,260.0,Starlink-3084 ,Success
2021-09-13,Falcon 9,Vandenberg AFB,LEO,260.0,Starlink-3085 ,Success
2021-09-13,Falcon 9,Vandenberg AFB,LEO,260.0,Starlink-3086 ,Success
2021-09-13,Falcon 9,Vandenberg AFB,LEO,260.0,Starlink-3087 ,Success
2021-09-13,Falcon 9,Vandenberg AFB,LEO,260.0,Starlink-3088 ,Success
2021-09-13,Falcon 9,Vandenberg AFB,LEO,260.0,Starlink-3089 ,Success
2021-09-13,Falcon 9,Vandenberg AFB,LEO,260.0,Starlink-3090 ,Success
2021-09-13,Falcon 9,Vandenberg AFB,LEO,260.0,Starlink-3091 ,Success
2021-09-13,Falcon 9,Vandenberg AFB,LEO,260.0,Starlink-3093 ,Success
2021-09-13,Falcon 9,Vandenberg AFB,LEO,260.0,Starlink-3095 ,Success
2021-09-13,Falcon 9,Vandenberg AFB,LEO,260.0,Starlink-3096 ,Success
2021-11-13,Falcon 9,Cape Canaveral,LEO,260.0,Starlink-3097 ,Success
2021-11-13,Falcon 9,Cape Canaveral,LEO,260.0,Starlink-3098 ,Success
2021-11-13,Falcon 9,Cape Canaveral,LEO,260.0,Starlink-3099 ,Success
2021-09-13,Falcon 9,Vandenberg AFB,LEO,260.0,Starlink-3100 ,Failure
2021-09-13,Falcon 9,Vandenberg AFB,LEO,260.0,Starlink-3101 ,Success
2021-09-13,Falcon 9,Vandenberg AFB,LEO,260.0,Starlink-3102 ,Success
2021-09-13,Falcon 9,Vandenberg AFB,LEO,260.0,Starlink-3103 ,Success
2021-09-13,Falcon 9,Vandenberg AFB,LEO,260.0,Starlink-3104 ,Success
2021-11-13,Falcon 9,Cape Canaveral,LEO,260.0,Starlink-3105 ,Success
2021-09-13,Falcon 9,Vandenberg AFB,LEO,260.0,Starlink-3106 ,Success
2021-09-13,Falcon 9,Vandenberg AFB,LEO,260.0,Starlink-3107 ,Success
2021-11-13,Falcon 9,Cape Canaveral,LEO,260.0,Starlink-3108 ,Success
2021-09-13,Falcon 9,Vandenberg AFB,LEO,260.0,Starlink-3109 ,Success
2021-11-13,Falcon 9,Cape Canaveral,LEO,260.0,Starlink-3110 ,Success
2021-11-13,Falcon 9,Cape Canaveral,LEO,260.0,Starlink-3111 ,Success
2021-11-13,Falcon 9,Cape Canaveral,LEO,260.0,Starlink-3112 ,Success
2021-12-02,Falcon 9,Cape Canaveral,LEO,260.0,Starlink-3113 ,Failure
2021-11-13,Falcon 9,Cape Canaveral,LEO,260.0,Starlink-3114 ,Success
2021-11-13,Falcon 9,Cape Canaveral,LEO,260.0,Starlink-3115 ,Success
2021-09-13,Falcon 9,Vandenberg AFB,LEO,260.0,Starlink-3116 ,Success
2021-11-13,Falcon 9,Cape Canaveral,LEO,260.0,Starlink-3117 ,Success
2021-09-13,Falcon 9,Vandenberg AFB,LEO,260.0,Starlink-3118 ,Success
2021-09-13,Falcon 9,Vandenberg AFB,LEO,260.0,Starlink-3119 ,Success
2021-11-13,Falcon 9,Cape Canaveral,LEO,260.0,Starlink-3120 ,Success
2021-11-13,Falcon 9,Cape Canaveral,LEO,260.0,Starlink-3121 ,Failure
2021-11-13,Falcon 9,Cape Canaveral,LEO,260.0,Starlink-3122 ,Success
2021-11-13,Falcon 9,Cape Canaveral,LEO,260.0,Starlink-3124 ,Success
2021-11-13,Falcon 9,Cape Canaveral,LEO,260.0,Starlink-3125 ,Success
2021-11-13,Falcon 9,Cape Canaveral,LEO,260.0,Starlink-3126 ,Success
2021-11-13,Falcon 9,Cape Canaveral,LEO,260.0,Starlink-3127 ,Success
2021-11-13,Falcon 9,Cape Canaveral,LEO,260.0,Starlink-3128 ,Success
2021-11-13,Falcon 9,Cape Canaveral,LEO,260.0,Starlink-3129 ,Success
2021-11-13,Falcon 9,Cape Canaveral,LEO,260.0,Starlink-3130 ,Success
2021-11-13,Falcon 9,Cape Canaveral,LEO,260.0,Starlink-3131 ,Success
2021-11-13,Falcon 9,Cape Canaveral,LEO,260.0,Starlink-3132 ,Success
2021-11-13,Falcon 9,Cape Canaveral,LEO,260.0,Starlink-3133 ,Success
2021-11-13,Falcon 9,Cape Canaveral,LEO,260.0,Starlink-3134 ,Success
2021-11-13,Falcon 9,Cape Canaveral,LEO,260.0,Starlink-3135 ,Success
2021-11-13,Falcon 9,Cape Canaveral,LEO,260.0,Starlink-3136 ,Success
2021-11-13,Falcon 9,Cape Canaveral,LEO,260.0,Starlink-3137 ,Success
2021-11-13,Falcon 9,Cape Canaveral,LEO,260.0,Starlink-3138 ,Success
2021-11-13,Falcon 9,Cape Canaveral,LEO,260.0,Starlink-3139 ,Failure
2021-11-13,Falcon 9,Cape Canaveral,LEO,260.0,Starlink-3140 ,Failure
2021-11-13,Falcon 9,Cape Canaveral,LEO,260.0,Starlink-3141 ,Success
2021-12-02,Falcon 9,Cape Canaveral,LEO,260.0,Starlink-3143 ,Success
2021-11-13,Falcon 9,Cape Canaveral,LEO,260.0,Starlink-3144 ,Success
2021-11-13,Falcon 9,Cape Canaveral,LEO,260.0,Starlink-3145 ,Success
2021-11-13,Falcon 9,Cape Canaveral,LEO,260.0,Starlink-3146 ,Success
2021-11-13,Falcon 9,Cape Canaveral,LEO,260.0,Starlink-3147 ,Success
2021-12-02,Falcon 9,Cape Canaveral,LEO,260.0,Starlink-3148 ,Success
2021-11-13,Falcon 9,Cape Canaveral,LEO,260.0,Starlink-3149 ,Success
2021-11-13,Falcon 9,Cape Canaveral,LEO,260.0,Starlink-3150 ,Success
2021-11-13,Falcon 9,Cape Canaveral,LEO,260.0,Starlink-3151 ,Failure
2021-11-13,Falcon 9,Cape Canaveral,LEO,260.0,Starlink-3153 ,Success
2021-11-13,Falcon 9,Cape Canaveral,LEO,260.0,Starlink-3154 ,Failure
2021-12-02,Falcon 9,Cape Canaveral,LEO,260.0,Starlink-3155 ,Success
2021-11-13,Falcon 9,Cape Canaveral,LEO,260.0,Starlink-3156 ,Success
2021-11-13,Falcon 9,Cape Canaveral,LEO,260.0,Starlink-3157 ,Success
2021-11-13,Falcon 9,Cape Canaveral,LEO,260.0,Starlink-3158 ,Success
2021-11-13,Falcon 9,Cape Canaveral,LEO,260.0,Starlink-3159 ,Success
2021-11-13,Falcon 9,Cape Canaveral,LEO,260.0,Starlink-3160 ,Failure
2021-11-13,Falcon 9,Cape Canaveral,LEO,260.0,Starlink-3161 ,Success
2021-11-13,Falcon 9,Cape Canaveral,LEO,260.0,Starlink-3162 ,Failure
2022-02-03,Falcon 9,Cape Canaveral,LEO,260.0,Starlink-3165 ,Failure
2022-02-03,Falcon 9,Cape Canaveral,LEO,260.0,Starlink-3166 ,Success
2022-02-03,Falcon 9,Cape Canaveral,LEO,260.0,Starlink-3167 ,Success
2022-01-19,Falcon 9,Cape Canaveral,LEO,260.0,Starlink-3172 ,Success
2022-01-19,Falcon 9,Cape Canaveral,LEO,260.0,Starlink-3173 ,Success
2022-02-03,Falcon 9,Cape Canaveral,LEO,260.0,Starlink-3174 ,Success
2022-01-19,Falcon 9,Cape Canaveral,LEO,260.0,Starlink-3175 ,Success
2022-01-19,Falcon 9,Cape Canaveral,LEO,260.0,Starlink-3176 ,Success
2022-01-19,Falcon 9,Cape Canaveral,LEO,260.0,Starlink-3177 ,Success
2022-02-03,Falcon 9,Cape Canaveral,LEO,260.0,Starlink-3178 ,Success
2022-01-19,Falcon 9,Cape Canaveral,LEO,260.0,Starlink-3179 ,Success
2022-01-19,Falcon 9,Cape Canaveral,LEO,260.0,Starlink-3180 ,Success
2022-02-03,Falcon 9,Cape Canaveral,LEO,260.0,Starlink-3181 ,Success
2022-02-03,Falcon 9,Cape Canaveral,LEO,260.0,Starlink-3182 ,Success
2022-01-19,Falcon 9,Cape Canaveral,LEO,260.0,Starlink-3183 ,Success
2022-01-19,Falcon 9,Cape Canaveral,LEO,260.0,Starlink-3184 ,Success
2022-01-19,Falcon 9,Cape Canaveral,LEO,260.0,Starlink-3185 ,Success
2022-02-03,Falcon 9,Cape Canaveral,LEO,260.0,Starlink-3189 ,Success
2021-12-02,Falcon 9,Cape Canaveral,LEO,260.0,Starlink-3190 ,Success
2021-12-02,Falcon 9,Cape Canaveral,LEO,260.0,Starlink-3191 ,Success
2021-12-02,Falcon 9,Cape Canaveral,LEO,260.0,Starlink-3192 ,Failure
2021-12-02,Falcon 9,Cape Canaveral,LEO,260.0,Starlink-3193 ,Success
2021-12-02,Falcon 9,Cape Canaveral,LEO,260.0,Starlink-3194 ,Success
2021-12-02,Falcon 9,Cape Canaveral,LEO,260.0,Starlink-3195 ,Success
2021-12-02,Falcon 9,Cape Canaveral,LEO,260.0,Starlink-3196 ,Failure
2021-12-02,Falcon 9,Cape Canaveral,LEO,260.0,Starlink-3197 ,Failure
2021-12-02,Falcon 9,Cape Canaveral,LEO,260.0,Starlink-3198 ,Failure
2021-12-02,Falcon 9,Cape Canaveral,LEO,260.0,Starlink-3199 ,Success
2021-12-02,Falcon 9,Cape Canaveral,LEO,260.0,Starlink-3200 ,Success
2021-12-02,Falcon 9,Cape Canaveral,LEO,260.0,Starlink-3201 ,Success
2021-12-02,Falcon 9,Cape Canaveral,LEO,260.0,Starlink-3202 ,Success
2021-12-02,Falcon 9,Cape Canaveral,LEO,260.0,Starlink-3203 ,Success
2021-12-02,Falcon 9,Cape Canaveral,LEO,260.0,Starlink-3204 ,Success
2021-12-02,Falcon 9,Cape Canaveral,LEO,260.0,Starlink-3206 ,Success
2021-12-02,Falcon 9,Cape Canaveral,LEO,260.0,Starlink-3207 ,Success
2021-12-02,Falcon 9,Cape Canaveral,LEO,260.0,Starlink-3208 ,Success
2021-12-02,Falcon 9,Cape Canaveral,LEO,260.0,Starlink-3209 ,Success
2021-12-02,Falcon 9,Cape Canaveral,LEO,260.0,Starlink-3210 ,Success
2021-12-02,Falcon 9,Cape Canaveral,LEO,260.0,Starlink-3218 ,Success
2021-12-02,Falcon 9,Cape Canaveral,LEO,260.0,Starlink-3219 ,Failure
2021-12-02,Falcon 9,Cape Canaveral,LEO,260.0,Starlink-3225 ,Success
2021-12-02,Falcon 9,Cape Canaveral,LEO,260.0,Starlink-3226 ,Failure
2021-12-02,Falcon 9,Cape Canaveral,LEO,260.0,Starlink-3227 ,Success
2021-12-02,Falcon 9,Cape Canaveral,LEO,260.0,Starlink-3228 ,Failure
2021-12-02,Falcon 9,Cape Canaveral,LEO,260.0,Starlink-3229 ,Success
2022-01-06,Falcon 9,Cape Canaveral,LEO,260.0,Starlink-3230 ,Success
2021-12-02,Falcon 9,Cape Canaveral,LEO,260.0,Starlink-3231 ,Success
2022-01-06,Falcon 9,Cape Canaveral,LEO,260.0,Starlink-3232 ,Success
2021-12-02,Falcon 9,Cape Canaveral,LEO,260.0,Starlink-3233 ,Success
2022-01-06,Falcon 9,Cape Canaveral,LEO,260.0,Starlink-3234 ,Success
2021-12-18,Falcon 9,Vandenberg AFB,LEO,260.0,Starlink-3235 ,Success
2021-12-02,Falcon 9,Cape Canaveral,LEO,260.0,Starlink-3236 ,Success
2021-12-02,Falcon 9,Cape Canaveral,LEO,260.0,Starlink-3237 ,Success
2021-12-02,Falcon 9,Cape Canaveral,LEO,260.0,Starlink-3238 ,Failure
2021-12-02,Falcon 9,Cape Canaveral,LEO,260.0,Starlink-3239 ,Success
2021-12-02,Falcon 9,Cape Canaveral,LEO,260.0,Starlink-3240 ,Success
2021-12-02,Falcon 9,Cape Canaveral,LEO,260.0,Starlink-3241 ,Success
2021-12-02,Falcon 9,Cape Canaveral,LEO,260.0,Starlink-3242 ,Success
2022-01-19,Falcon 9,Cape Canaveral,LEO,260.0,Starlink-3243 ,Success
2021-12-02,Falcon 9,Cape Canaveral,LEO,260.0,Starlink-3244 ,Success
2021-12-18,Falcon 9,Vandenberg AFB,LEO,260.0,Starlink-3245 ,Success
2021-12-02,Falcon 9,Cape Canaveral,LEO,260.0,Starlink-3246 ,Success
2021-12-02,Falcon 9,Cape Canaveral,LEO,260.0,Starlink-3247 ,Success
2021-12-02,Falcon 9,Cape Canaveral,LEO,260.0,Starlink-3248 ,Success
2021-12-02,Falcon 9,Cape Canaveral,LEO,260.0,Starlink-3249 ,Failure
2021-12-02,Falcon 9,Cape Canaveral,LEO,260.0,Starlink-3250 ,Success
2021-12-02,Falcon 9,Cape Canaveral,LEO,260.0,Starlink-3251 ,Success
2021-12-02,Falcon 9,Cape Canaveral,LEO,260.0,Starlink-3252 ,Success
2022-01-19,Falcon 9,Cape Canaveral,LEO,260.0,Starlink-3253 ,Success
2021-12-18,Falcon 9,Vandenberg AFB,LEO,260.0,Starlink-3254 ,Success
2021-12-18,Falcon 9,Vandenberg AFB,LEO,260.0,Starlink-3255 ,Success
2021-12-18,Falcon 9,Vandenberg AFB,LEO,260.0,Starlink-3256 ,Success
2021-12-18,Falcon 9,Vandenberg AFB,LEO,260.0,Starlink-3257 ,Success
2021-12-18,Falcon 9,Vandenberg AFB,LEO,260.0,Starlink-3258 ,Success
2021-12-18,Falcon 9,Vandenberg AFB,LEO,260.0,Starlink-3259 ,Success
2021-12-18,Falcon 9,Vandenberg AFB,LEO,260.0,Starlink-3260 ,Success
2021-12-18,Falcon 9,Vandenberg AFB,LEO,260.0,Starlink-3261 ,Success
2021-12-18,Falcon 9,Vandenberg AFB,LEO,260.0,Starlink-3262 ,Success
2021-12-18,Falcon 9,Vandenberg AFB,LEO,260.0,Starlink-3263 ,Success
2021-12-18,Falcon 9,Vandenberg AFB,LEO,260.0,Starlink-3264 ,Failure
2021-12-18,Falcon 9,Vandenberg AFB,LEO,260.0,Starlink-3265 ,Success
2021-12-18,Falcon 9,Vandenberg AFB,LEO,260.0,Starlink-3266 ,Success
2021-12-18,Falcon 9,Vandenberg AFB,LEO,260.0,Starlink-3267 ,Success
2021-12-18,Falcon 9,Vandenberg AFB,LEO,260.0,Starlink-3268 ,Success
2021-12-18,Falcon 9,Vandenberg AFB,LEO,260.0,Starlink-3269 ,Success
2021-12-18,Falcon 9,Vandenberg AFB,LEO,260.0,Starlink-3270 ,Success
2021-12-18,Falcon 9,Vandenberg AFB,LEO,260.0,Starlink-3271 ,Success
2021-12-18,Falcon 9,Vandenberg AFB,LEO,260.0,Starlink-3272 ,Success
2021-12-18,Falcon 9,Vandenberg AFB,LEO,260.0,Starlink-3273 ,Success
2021-12-18,Falcon 9,Vandenberg AFB,LEO,260.0,Starlink-3274 ,Success
2021-12-18,Falcon 9,Vandenberg AFB,LEO,260.0,Starlink-3275 ,Failure
2021-12-18,Falcon 9,Vandenberg AFB,LEO,260.0,Starlink-3276 ,Success
2021-12-18,Falcon 9,Vandenberg AFB,LEO,260.0,Starlink-3277 ,Success
2022-01-06,Falcon 9,Cape Canaveral,LEO,260.0,Starlink-3278 ,Success
2021-12-18,Falcon 9,Vandenberg AFB,LEO,260.0,Starlink-3279 ,Success
2021-12-18,Falcon 9,Vandenberg AFB,LEO,260.0,Starlink-3281 ,Success
2021-12-18,Falcon 9,Vandenberg AFB,LEO,260.0,Starlink-3282 ,Success
2021-12-18,Falcon 9,Vandenberg AFB,LEO,260.0,Starlink-3283 ,Success
2021-12-18,Falcon 9,Vandenberg AFB,LEO,260.0,Starlink-3284 ,Success
2021-12-18,Falcon 9,Vandenberg AFB,LEO,260.0,Starlink-3285 ,Success
2021-12-18,Falcon 9,Vandenberg AFB,LEO,260.0,Starlink-3286 ,Success
2021-12-18,Falcon 9,Vandenberg AFB,LEO,260.0,Starlink-3287 ,Success
2021-12-18,Falcon 9,Vandenberg AFB,LEO,260.0,Starlink-3288 ,Success
2021-12-18,Falcon 9,Vandenberg AFB,LEO,260.0,Starlink-3289 ,Success
2022-01-06,Falcon 9,Cape Canaveral,LEO,260.0,Starlink-3290 ,Success
2021-12-18,Falcon 9,Vandenberg AFB,LEO,260.0,Starlink-3291 ,Success
2021-12-18,Falcon 9,Vandenberg AFB,LEO,260.0,Starlink-3292 ,Failure
2021-12-18,Falcon 9,Vandenberg AFB,LEO,260.0,Starlink-3293 ,Success
2022-01-06,Falcon 9,Cape Canaveral,LEO,260.0,Starlink-3294 ,Success
2022-01-06,Falcon 9,Cape Canaveral,LEO,260.0,Starlink-3295 ,Success
2021-12-18,Falcon 9,Vandenberg AFB,LEO,260.0,Starlink-3296 ,Success
2021-12-18,Falcon 9,Vandenberg AFB,LEO,260.0,Starlink-3297 ,Success
2021-12-18,Falcon 9,Vandenberg AFB,LEO,260.0,Starlink-3298 ,Success
2022-01-06,Falcon 9,Cape Canaveral,LEO,260.0,Starlink-3299 ,Failure
2022-01-06,Falcon 9,Cape Canaveral,LEO,260.0,Starlink-3300 ,Success
2021-12-18,Falcon 9,Vandenberg AFB,LEO,260.0,Starlink-3301 ,Success
2022-01-06,Falcon 9,Cape Canaveral,LEO,260.0,Starlink-3302 ,Success
2021-12-18,Falcon 9,Vandenberg AFB,LEO,260.0,Starlink-3303 ,Success
2021-12-18,Falcon 9,Vandenberg AFB,LEO,260.0,Starlink-3304 ,Success
2021-12-18,Falcon 9,Vandenberg AFB,LEO,260.0,Starlink-3305 ,Success
2021-12-18,Falcon 9,Vandenberg AFB,LEO,260.0,Starlink-3306 ,Success
2022-01-06,Falcon 9,Cape Canaveral,LEO,260.0,Starlink-3308 ,Success
2021-12-18,Falcon 9,Vandenberg AFB,LEO,260.0,Starlink-3309 ,Success
2022-01-06,Falcon 9,Cape Canaveral,LEO,260.0,Starlink-3310 ,Success
2022-01-06,Falcon 9,Cape Canaveral,LEO,260.0,Starlink-3311 ,Success
2022-01-06,Falcon 9,Cape Canaveral,LEO,260.0,Starlink-3312 ,Success
2021-12-18,Falcon 9,Vandenberg AFB,LEO,260.0,Starlink-3313 ,Success
2022-01-06,Falcon 9,Cape Canaveral,LEO,260.0,Starlink-3314 ,Success
2022-01-06,Falcon 9,Cape Canaveral,LEO,260.0,Starlink-3315 ,Success
2022-01-06,Falcon 9,Cape Canaveral,LEO,260.0,Starlink-3316 ,Success
2021-12-18,Falcon 9,Vandenberg AFB,LEO,260.0,Starlink-3317 ,Success
2022-01-06,Falcon 9,Cape Canaveral,LEO,260.0,Starlink-3318 ,Success
2022-01-06,Falcon 9,Cape Canaveral,LEO,260.0,Starlink-3319 ,Failure
2022-01-06,Falcon 9,Cape Canaveral,LEO,260.0,Starlink-3320 ,Success
2022-01-06,Falcon 9,Cape Canaveral,LEO,260.0,Starlink-3321 ,Success
2022-01-06,Falcon 9,Cape Canaveral,LEO,260.0,Starlink-3322 ,Success
2022-01-06,Falcon 9,Cape Canaveral,LEO,260.0,Starlink-3323 ,Success
2022-01-06,Falcon 9,Cape Canaveral,LEO,260.0,Starlink-3324 ,Success
2022-01-06,Falcon 9,Cape Canaveral,LEO,260.0,Starlink-3325 ,Success
2022-01-06,Falcon 9,Cape Canaveral,LEO,260.0,Starlink-3326 ,Success
2022-01-06,Falcon 9,Cape Canaveral,LEO,260.0,Starlink-3327 ,Failure
2022-01-06,Falcon 9,Cape Canaveral,LEO,260.0,Starlink-3328 ,Success
2022-01-06,Falcon 9,Cape Canaveral,LEO,260.0,Starlink-3329 ,Failure
2022-01-06,Falcon 9,Cape Canaveral,LEO,260.0,Starlink-3330 ,Success
2022-01-06,Falcon 9,Cape Canaveral,LEO,260.0,Starlink-3331 ,Success
2022-01-06,Falcon 9,Cape Canaveral,LEO,260.0,Starlink-3332 ,Success
2022-01-06,Falcon 9,Cape Canaveral,LEO,260.0,Starlink-3333 ,Success
2022-01-06,Falcon 9,Cape Canaveral,LEO,260.0,Starlink-3334 ,Success
2022-01-06,Falcon 9,Cape Canaveral,LEO,260.0,Starlink-3335 ,Success
2022-01-06,Falcon 9,Cape Canaveral,LEO,260.0,Starlink-3336 ,Failure
2022-01-06,Falcon 9,Cape Canaveral,LEO,260.0,Starlink-3337 ,Success
2022-01-06,Falcon 9,Cape Canaveral,LEO,260.0,Starlink-3338 ,Success
2022-01-06,Falcon 9,Cape Canaveral,LEO,260.0,Starlink-3339 ,Success
2022-01-06,Falcon 9,Cape Canaveral,LEO,260.0,Starlink-3340 ,Success
2022-01-06,Falcon 9,Cape Canaveral,LEO,260.0,Starlink-3341 ,Success
2022-01-06,Falcon 9,Cape Canaveral,LEO,260.0,Starlink-3342 ,Success
2022-01-06,Falcon 9,Cape Canaveral,LEO,260.0,Starlink-3343 ,Success
2022-01-19,Falcon 9,Cape Canaveral,LEO,260.0,Starlink-3344 ,Success
2022-01-06,Falcon 9,Cape Canaveral,LEO,260.0,Starlink-3346 ,Success
2022-01-06,Falcon 9,Cape Canaveral,LEO,260.0,Starlink-3347 ,Failure
2022-01-06,Falcon 9,Cape Canaveral,LEO,260.0,Starlink-3348 ,Success
2022-01-06,Falcon 9,Cape Canaveral,LEO,260.0,Starlink-3349 ,Success
2022-01-19,Falcon 9,Cape Canaveral,LEO,260.0,Starlink-3350 ,Success
2022-01-19,Falcon 9,Cape Canaveral,LEO,260.0,Starlink-3352 ,Success
2022-01-06,Falcon 9,Cape Canaveral,LEO,260.0,Starlink-3353 ,Success
2022-01-19,Falcon 9,Cape Canaveral,LEO,260.0,Starlink-3354 ,Success
2022-01-06,Falcon 9,Cape Canaveral,LEO,260.0,Starlink-3355 ,Success
2022-01-19,Falcon 9,Cape Canaveral,LEO,260.0,Starlink-3356 ,Failure
2022-01-19,Falcon 9,Cape Canaveral,LEO,260.0,Starlink-3357 ,Success
2022-01-19,Falcon 9,Cape Canaveral,LEO,260.0,Starlink-3358 ,Success
2022-01-19,Falcon 9,Cape Canaveral,LEO,260.0,Starlink-3359 ,Success
2022-01-19,Falcon 9,Cape Canaveral,LEO,260.0,Starlink-3360 ,Success
2022-01-19,Falcon 9,Cape Canaveral,LEO,260.0,Starlink-3361 ,Success
2022-01-19,Falcon 9,Cape Canaveral,LEO,260.0,Starlink-3362 ,Success
2022-01-19,Falcon 9,Cape Canaveral,LEO,260.0,Starlink-3363 ,Success
2022-01-19,Falcon 9,Cape Canaveral,LEO,260.0,Starlink-3364 ,Success
2022-01-19,Falcon 9,Cape Canaveral,LEO,260.0,Starlink-3365 ,Failure
2022-01-19,Falcon 9,Cape Canaveral,LEO,260.0,Starlink-3366 ,Success
2022-01-19,Falcon 9,Cape Canaveral,LEO,260.0,Starlink-3368 ,Success
2022-01-19,Falcon 9,Cape Canaveral,LEO,260.0,Starlink-3369 ,Success
2022-01-19,Falcon 9,Cape Canaveral,LEO,260.0,Starlink-3370 ,Success
2022-01-19,Falcon 9,Cape Canaveral,LEO,260.0,Starlink-3372 ,Success
2022-01-19,Falcon 9,Cape Canaveral,LEO,260.0,Starlink-3373 ,Success
2022-01-19,Falcon 9,Cape Canaveral,LEO,260.0,Starlink-3374 ,Success
2022-01-19,Falcon 9,Cape Canaveral,LEO,260.0,Starlink-3375 ,Success
2022-01-19,Falcon 9,Cape Canaveral,LEO,260.0,Starlink-3386 ,Failure
2022-01-19,Falcon 9,Cape Canaveral,LEO,260.0,Starlink-3387 ,Success
2022-01-19,Falcon 9,Cape Canaveral,LEO,260.0,Starlink-3388 ,Success
2022-01-19,Falcon 9,Cape Canaveral,LEO,260.0,Starlink-3389 ,Success
2022-01-19,Falcon 9,Cape Canaveral,LEO,260.0,Starlink-3390 ,Success
2022-01-19,Falcon 9,Cape Canaveral,LEO,260.0,Starlink-3391 ,Success
2022-01-19,Falcon 9,Cape Canaveral,LEO,260.0,Starlink-3392 ,Success
2022-01-19,Falcon 9,Cape Canaveral,LEO,260.0,Starlink-3393 ,Success
2022-01-19,Falcon 9,Cape Canaveral,LEO,260.0,Starlink-3394 ,Success
2022-01-19,Falcon 9,Cape Canaveral,LEO,260.0,Starlink-3395 ,Success
2022-01-19,Falcon 9,Cape Canaveral,LEO,260.0,Starlink-3396 ,Success
2022-01-19,Falcon 9,Cape Canaveral,LEO,260.0,Starlink-3397 ,Success
2022-01-19,Falcon 9,Cape Canaveral,LEO,260.0,Starlink-3398 ,Success
2022-01-19,Falcon 9,Cape Canaveral,LEO,260.0,Starlink-3399 ,Success
2022-01-19,Falcon 9,Cape Canaveral,LEO,260.0,Starlink-3400 ,Success
2022-02-03,Falcon 9,Cape Canaveral,LEO,260.0,Starlink-3401 ,Success
2022-02-03,Falcon 9,Cape Canaveral,LEO,260.0,Starlink-3415 ,Success
2022-02-03,Falcon 9,Cape Canaveral,LEO,260.0,Starlink-3419 ,Success
2022-02-21,Falcon 9,Cape Canaveral,LEO,260.0,Starlink-3445 ,Success
2022-02-21,Falcon 9,Cape Canaveral,LEO,260.0,Starlink-3446 ,Success
2022-02-21,Falcon 9,Cape Canaveral,LEO,260.0,Starlink-3447 ,Success
2022-02-21,Falcon 9,Cape Canaveral,LEO,260.0,Starlink-3448 ,Success
2022-02-21,Falcon 9,Cape Canaveral,LEO,260.0,Starlink-3449 ,Success
2022-02-21,Falcon 9,Cape Canaveral,LEO,260.0,Starlink-3450 ,Success
2022-02-21,Falcon 9,Cape Canaveral,LEO,260.0,Starlink-3451 ,Success
2022-02-21,Falcon 9,Cape Canaveral,LEO,260.0,Starlink-3452 ,Success
2022-02-21,Falcon 9,Cape Canaveral,LEO,260.0,Starlink-3456 ,Success
2022-02-21,Falcon 9,Cape Canaveral,LEO,260.0,Starlink-3457 ,Success
2022-02-21,Falcon 9,Cape Canaveral,LEO,260.0,Starlink-3458 ,Success
2022-02-21,Falcon 9,Cape Canaveral,LEO,260.0,Starlink-3459 ,Success
2022-02-21,Falcon 9,Cape Canaveral,LEO,260.0,Starlink-3460 ,Success
2022-02-21,Falcon 9,Cape Canaveral,LEO,260.0,Starlink-3500 ,Failure
2022-02-21,Falcon 9,Cape Canaveral,LEO,260.0,Starlink-3501 ,Success
2022-02-21,Falcon 9,Cape Canaveral,LEO,260.0,Starlink-3502 ,Success
2022-03-03,Falcon 9,Cape Canaveral,LEO,260.0,Starlink-3503 ,Success
2022-03-03,Falcon 9,Cape Canaveral,LEO,260.0,Starlink-3504 ,Success
2022-02-21,Falcon 9,Cape Canaveral,LEO,260.0,Starlink-3505 ,Success
2022-02-21,Falcon 9,Cape Canaveral,LEO,260.0,Starlink-3506 ,Success
2022-02-21,Falcon 9,Cape Canaveral,LEO,260.0,Starlink-3507 ,Success
2022-03-03,Falcon 9,Cape Canaveral,LEO,260.0,Starlink-3508 ,Success
2022-02-21,Falcon 9,Cape Canaveral,LEO,260.0,Starlink-3509 ,Success
2022-02-21,Falcon 9,Cape Canaveral,LEO,260.0,Starlink-3511 ,Success
2022-02-21,Falcon 9,Cape Canaveral,LEO,260.0,Starlink-3512 ,Success
2022-02-21,Falcon 9,Cape Canaveral,LEO,260.0,Starlink-3513 ,Success
2022-02-21,Falcon 9,Cape Canaveral,LEO,260.0,Starlink-3514 ,Success
2022-02-21,Falcon 9,Cape Canaveral,LEO,260.0,Starlink-3515 ,Success
2022-02-21,Falcon 9,Cape Canaveral,LEO,260.0,Starlink-3516 ,Success
2022-02-21,Falcon 9,Cape Canaveral,LEO,260.0,Starlink-3517 ,Success
2022-02-21,Falcon 9,Cape Canaveral,LEO,260.0,Starlink-3518 ,Success
2022-03-03,Falcon 9,Cape Canaveral,LEO,260.0,Starlink-3519 ,Success
2022-02-21,Falcon 9,Cape Canaveral,LEO,260.0,Starlink-3520 ,Success
2022-02-21,Falcon 9,Cape Canaveral,LEO,260.0,Starlink-3521 ,Success
2022-02-21,Falcon 9,Cape Canaveral,LEO,260.0,Starlink-3522 ,Success
2022-02-21,Falcon 9,Cape Canaveral,LEO,260.0,Starlink-3523 ,Success
2022-02-21,Falcon 9,Cape Canaveral,LEO,260.0,Starlink-3524 ,Success
2022-02-21,Falcon 9,Cape Canaveral,LEO,260.0,Starlink-3525 ,Failure
2022-02-21,Falcon 9,Cape Canaveral,LEO,260.0,Starlink-3526 ,Success
2022-02-21,Falcon 9,Cape Canaveral,LEO,260.0,Starlink-3527 ,Success
2022-02-21,Falcon 9,Cape Canaveral,LEO,260.0,Starlink-3528 ,Success
2022-02-21,Falcon 9,Cape Canaveral,LEO,260.0,Starlink-3529 ,Success
2022-02-21,Falcon 9,Cape Canaveral,LEO,260.0,Starlink-3530 ,Success
2022-02-21,Falcon 9,Cape Canaveral,LEO,260.0,Starlink-3531 ,Success
2022-02-21,Falcon 9,Cape Canaveral,LEO,260.0,Starlink-3532 ,Success
2022-02-21,Falcon 9,Cape Canaveral,LEO,260.0,Starlink-3533 ,Success
2022-03-19,Falcon 9,Cape Canaveral,LEO,260.0,Starlink-3534 ,Success
2022-02-21,Falcon 9,Cape Canaveral,LEO,260.0,Starlink-3535 ,Success
2022-03-03,Falcon 9,Cape Canaveral,LEO,260.0,Starlink-3536 ,Success
2022-03-19,Falcon 9,Cape Canaveral,LEO,260.0,Starlink-3537 ,Success
2022-03-09,Falcon 9,Cape Canaveral,LEO,260.0,Starlink-3538 ,Success
2022-03-03,Falcon 9,Cape Canaveral,LEO,260.0,Starlink-3539 ,Success
2022-02-21,Falcon 9,Cape Canaveral,LEO,260.0,Starlink-3540 ,Success
2022-03-03,Falcon 9,Cape Canaveral,LEO,260.0,Starlink-3541 ,Success
2022-03-03,Falcon 9,Cape Canaveral,LEO,260.0,Starlink-3542 ,Success
2022-02-21,Falcon 9,Cape Canaveral,LEO,260.0,Starlink-3543 ,Success
2022-02-25,Falcon 9,Cape Canaveral,LEO,260.0,Starlink-3544 ,Success
2022-03-03,Falcon 9,Cape Canaveral,LEO,260.0,Starlink-3545 ,Success
2022-02-21,Falcon 9,Cape Canaveral,LEO,260.0,Starlink-3546 ,Success
2022-03-03,Falcon 9,Cape Canaveral,LEO,260.0,Starlink-3547 ,Success
2022-03-03,Falcon 9,Cape Canaveral,LEO,260.0,Starlink-3548 ,Success
2022-03-03,Falcon 9,Cape Canaveral,LEO,260.0,Starlink-3549 ,Success
2022-04-29,Falcon 9,Cape Canaveral,LEO,260.0,Starlink-3550 ,Success
2022-03-03,Falcon 9,Cape Canaveral,LEO,260.0,Starlink-3551 ,Success
2022-02-25,Falcon 9,Cape Canaveral,LEO,260.0,Starlink-3552 ,Success
2022-03-03,Falcon 9,Cape Canaveral,LEO,260.0,Starlink-3553 ,Success
2022-03-03,Falcon 9,Cape Canaveral,LEO,260.0,Starlink-3554 ,Failure
2022-03-03,Falcon 9,Cape Canaveral,LEO,260.0,Starlink-3555 ,Success
2022-03-03,Falcon 9,Cape Canaveral,LEO,260.0,Starlink-3556 ,Success
2022-02-25,Falcon 9,Cape Canaveral,LEO,260.0,Starlink-3557 ,Success
2022-03-19,Falcon 9,Cape Canaveral,LEO,260.0,Starlink-3558 ,Success
2022-03-03,Falcon 9,Cape Canaveral,LEO,260.0,Starlink-3559 ,Success
2022-03-03,Falcon 9,Cape Canaveral,LEO,260.0,Starlink-3560 ,Success
2022-04-21,Falcon 9,Cape Canaveral,LEO,260.0,Starlink-3561 ,Success
2022-03-03,Falcon 9,Cape Canaveral,LEO,260.0,Starlink-3562 ,Success
2022-03-03,Falcon 9,Cape Canaveral,LEO,260.0,Starlink-3563 ,Success
2022-04-21,Falcon 9,Cape Canaveral,LEO,260.0,Starlink-3564 ,Success
2022-03-03,Falcon 9,Cape Canaveral,LEO,260.0,Starlink-3565 ,Success
2022-03-03,Falcon 9,Cape Canaveral,LEO,260.0,Starlink-3566 ,Success
2022-03-03,Falcon 9,Cape Canaveral,LEO,260.0,Starlink-3567 ,Failure
2022-03-03,Falcon 9,Cape Canaveral,LEO,260.0,Starlink-3568 ,Success
2022-02-25,Falcon 9,Cape Canaveral,LEO,260.0,Starlink-3569 ,Success
2022-03-03,Falcon 9,Cape Canaveral,LEO,260.0,Starlink-3570 ,Success
2022-03-03,Falcon 9,Cape Canaveral,LEO,260.0,Starlink-3571 ,Success
2022-03-03,Falcon 9,Cape Canaveral,LEO,260.0,Starlink-3572 ,Success
2022-02-25,Falcon 9,Cape Canaveral,LEO,260.0,Starlink-3573 ,Success
2022-03-03,Falcon 9,Cape Canaveral,LEO,260.0,Starlink-3574 ,Success
2022-03-03,Falcon 9,Cape Canaveral,LEO,260.0,Starlink-3575 ,Success
2022-03-03,Falcon 9,Cape Canaveral,LEO,260.0,Starlink-3576 ,Success
2022-03-03,Falcon 9,Cape Canaveral,LEO,260.0,Starlink-3577 ,Success
2022-03-03,Falcon 9,Cape Canaveral,LEO,260.0,Starlink-3578 ,Success
2022-03-03,Falcon 9,Cape Canaveral,LEO,260.0,Starlink-3579 ,Success
2022-02-25,Falcon 9,Cape Canaveral,LEO,260.0,Starlink-3580 ,Success
2022-02-25,Falcon 9,Cape Canaveral,LEO,260.0,Starlink-3581 ,Success
2022-03-03,Falcon 9,Cape Canaveral,LEO,260.0,Starlink-3582 ,Success
2022-03-03,Falcon 9,Cape Canaveral,LEO,260.0,Starlink-3583 ,Success
2022-03-03,Falcon 9,Cape Canaveral,LEO,260.0,Starlink-3584 ,Failure
2022-03-03,Falcon 9,Cape Canaveral,LEO,260.0,Starlink-3585 ,Success
2022-02-25,Falcon 9,Cape Canaveral,LEO,260.0,Starlink-3586 ,Success
2022-03-03,Falcon 9,Cape Canaveral,LEO,260.0,Starlink-3587 ,Success
2022-03-03,Falcon 9,Cape Canaveral,LEO,260.0,Starlink-3588 ,Success
2022-03-09,Falcon 9,Cape Canaveral,LEO,260.0,Starlink-3589 ,Success
2022-03-03,Falcon 9,Cape Canaveral,LEO,260.0,Starlink-3590 ,Success
2022-03-03,Falcon 9,Cape Canaveral,LEO,260.0,Starlink-3591 ,Success
2022-02-25,Falcon 9,Cape Canaveral,LEO,260.0,Starlink-3592 ,Failure
2022-03-03,Falcon 9,Cape Canaveral,LEO,260.0,Starlink-3593 ,Success
2022-03-03,Falcon 9,Cape Canaveral,LEO,260.0,Starlink-3594 ,Success
2022-03-03,Falcon 9,Cape Canaveral,LEO,260.0,Starlink-3595 ,Success
2022-02-25,Falcon 9,Cape Canaveral,LEO,260.0,Starlink-3596 ,Success
2022-03-03,Falcon 9,Cape Canaveral,LEO,260.0,Starlink-3597 ,Success
2022-03-03,Falcon 9,Cape Canaveral,LEO,260.0,Starlink-3598 ,Success
2022-02-25,Falcon 9,Cape Canaveral,LEO,260.0,Starlink-3599 ,Success
2019-05-24,Falcon 9,Cape Canaveral,LEO,227.0,Starlink-36 ,Success
2022-02-25,Falcon 9,Cape Canaveral,LEO,260.0,Starlink-3600 ,Success
2022-02-25,Falcon 9,Cape Canaveral,LEO,260.0,Starlink-3601 ,Failure
2022-02-25,Falcon 9,Cape Canaveral,LEO,260.0,Starlink-3602 ,Success
2022-02-25,Falcon 9,Cape Canaveral,LEO,260.0,Starlink-3603 ,Success
2022-02-25,Falcon 9,Cape Canaveral,LEO,260.0,Starlink-3604 ,Success
2022-02-25,Falcon 9,Cape Canaveral,LEO,260.0,Starlink-3605 ,Success
2022-02-25,Falcon 9,Cape Canaveral,LEO,260.0,Starlink-3606 ,Success
2022-02-25,Falcon 9,Cape Canaveral,LEO,260.0,Starlink-3607 ,Success
2022-02-25,Falcon 9,Cape Canaveral,LEO,260.0,Starlink-3608 ,Success
2022-02-25,Falcon 9,Cape Canaveral,LEO,260.0,Starlink-3609 ,Success
2022-02-25,Falcon 9,Cape Canaveral,LEO,260.0,Starlink-3610 ,Success
2022-02-25,Falcon 9,Cape Canaveral,LEO,260.0,Starlink-3611 ,Success
2022-02-25,Falcon 9,Cape Canaveral,LEO,260.0,Starlink-3612 ,Failure
2022-02-25,Falcon 9,Cape Canaveral,LEO,260.0,Starlink-3613 ,Success
2022-02-25,Falcon 9,Cape Canaveral,LEO,260.0,Starlink-3614 ,Success
2022-02-25,Falcon 9,Cape Canaveral,LEO,260.0,Starlink-3615 ,Success
2022-02-25,Falcon 9,Cape Canaveral,LEO,260.0,Starlink-3616 ,Failure
2022-02-25,Falcon 9,Cape Canaveral,LEO,260.0,Starlink-3617 ,Success
2022-03-09,Falcon 9,Cape Canaveral,LEO,260.0,Starlink-3618 ,Success
2022-02-25,Falcon 9,Cape Canaveral,LEO,260.0,Starlink-3619 ,Success
2022-02-25,Falcon 9,Cape Canaveral,LEO,260.0,Starlink-3620 ,Success
2022-02-25,Falcon 9,Cape Canaveral,LEO,260.0,Starlink-3621 ,Success
2022-02-25,Falcon 9,Cape Canaveral,LEO,260.0,Starlink-3622 ,Success
2022-02-25,Falcon 9,Cape Canaveral,LEO,260.0,Starlink-3623 ,Success
2022-02-25,Falcon 9,Cape Canaveral,LEO,260.0,Starlink-3624 ,Success
2022-02-25,Falcon 9,Cape Canaveral,LEO,260.0,Starlink-3625 ,Success
2022-02-25,Falcon 9,Cape Canaveral,LEO,260.0,Starlink-3626 ,Success
2022-02-25,Falcon 9,Cape Canaveral,LEO,260.0,Starlink-3627 ,Success
2022-02-25,Falcon 9,Cape Canaveral,LEO,260.0,Starlink-3628 ,Success
2022-02-25,Falcon 9,Cape Canaveral,LEO,260.0,Starlink-3629 ,Success
2022-02-25,Falcon 9,Cape Canaveral,LEO,260.0,Starlink-3630 ,Success
2022-02-25,Falcon 9,Cape Canaveral,LEO,260.0,Starlink-3631 ,Success
2022-02-25,Falcon 9,Cape Canaveral,LEO,260.0,Starlink-3632 ,Success
2022-02-25,Falcon 9,Cape Canaveral,LEO,260.0,Starlink-3633 ,Success
2022-02-25,Falcon 9,Cape Canaveral,LEO,260.0,Starlink-3634 ,Success
2022-03-09,Falcon 9,Cape Canaveral,LEO,260.0,Starlink-3635 ,Success
2022-03-09,Falcon 9,Cape Canaveral,LEO,260.0,Starlink-3636 ,Success
2022-02-25,Falcon 9,Cape Canaveral,LEO,260.0,Starlink-3637 ,Failure
2022-02-25,Falcon 9,Cape Canaveral,LEO,260.0,Starlink-3638 ,Failure
2022-02-25,Falcon 9,Cape Canaveral,LEO,260.0,Starlink-3639 ,Success
2022-03-09,Falcon 9,Cape Canaveral,LEO,260.0,Starlink-3640 ,Success
2022-02-25,Falcon 9,Cape Canaveral,LEO,260.0,Starlink-3641 ,Success
2022-03-09,Falcon 9,Cape Canaveral,LEO,260.0,Starlink-3642 ,Success
2022-03-09,Falcon 9,Cape Canaveral,LEO,260.0,Starlink-3643 ,Success
2022-03-09,Falcon 9,Cape Canaveral,LEO,260.0,Starlink-3644 ,Failure
2022-03-09,Falcon 9,Cape Canaveral,LEO,260.0,Starlink-3645 ,Success
2022-02-25,Falcon 9,Cape Canaveral,LEO,260.0,Starlink-3646 ,Success
2022-03-09,Falcon 9,Cape Canaveral,LEO,260.0,Starlink-3647 ,Success
2022-03-09,Falcon 9,Cape Canaveral,LEO,260.0,Starlink-3648 ,Success
2022-03-09,Falcon 9,Cape Canaveral,LEO,260.0,Starlink-3649 ,Failure
2022-03-09,Falcon 9,Cape Canaveral,LEO,260.0,Starlink-3650 ,Success
2022-03-09,Falcon 9,Cape Canaveral,LEO,260.0,Starlink-3651 ,Success
2022-03-09,Falcon 9,Cape Canaveral,LEO,260.0,Starlink-3652 ,Success
2022-03-09,Falcon 9,Cape Canaveral,LEO,260.0,Starlink-3653 ,Success
2022-03-09,Falcon 9,Cape Canaveral,LEO,260.0,Starlink-3654 ,Success
2022-03-09,Falcon 9,Cape Canaveral,LEO,260.0,Starlink-3655 ,Success
2022-03-09,Falcon 9,Cape Canaveral,LEO,260.0,Starlink-3656 ,Success
2022-03-09,Falcon 9,Cape Canaveral,LEO,260.0,Starlink-3657 ,Success
2022-03-19,Falcon 9,Cape Canaveral,LEO,260.0,Starlink-3658 ,Success
2022-03-09,Falcon 9,Cape Canaveral,LEO,260.0,Starlink-3659 ,Success
2022-03-09,Falcon 9,Cape Canaveral,LEO,260.0,Starlink-3660 ,Failure
2022-03-19,Falcon 9,Cape Canaveral,LEO,260.0,Starlink-3661 ,Success
2022-03-09,Falcon 9,Cape Canaveral,LEO,260.0,Starlink-3663 ,Success
2022-03-09,Falcon 9,Cape Canaveral,LEO,260.0,Starlink-3664 ,Success
2022-03-19,Falcon 9,Cape Canaveral,LEO,260.0,Starlink-3665 ,Success
2022-03-09,Falcon 9,Cape Canaveral,LEO,260.0,Starlink-3666 ,Success
2022-03-09,Falcon 9,Cape Canaveral,LEO,260.0,Starlink-3667 ,Success
2022-03-09,Falcon 9,Cape Canaveral,LEO,260.0,Starlink-3668 ,Success
2022-03-09,Falcon 9,Cape Canaveral,LEO,260.0,Starlink-3669 ,Success
2022-03-19,Falcon 9,Cape Canaveral,LEO,260.0,Starlink-3670 ,Success
2022-03-09,Falcon 9,Cape Canaveral,LEO,260.0,Starlink-3671 ,Success
2022-03-09,Falcon 9,Cape Canaveral,LEO,260.0,Starlink-3672 ,Success
2022-03-19,Falcon 9,Cape Canaveral,LEO,260.0,Starlink-3673 ,Success
2022-03-09,Falcon 9,Cape Canaveral,LEO,260.0,Starlink-3674 ,Success
2022-03-09,Falcon 9,Cape Canaveral,LEO,260.0,Starlink-3675 ,Success
2022-03-09,Falcon 9,Cape Canaveral,LEO,260.0,Starlink-3677 ,Success
2022-03-19,Falcon 9,Cape Canaveral,LEO,260.0,Starlink-3678 ,Success
2022-03-09,Falcon 9,Cape Canaveral,LEO,260.0,Starlink-3679 ,Success
2022-03-09,Falcon 9,Cape Canaveral,LEO,260.0,Starlink-3680 ,Success
2022-03-09,Falcon 9,Cape Canaveral,LEO,260.0,Starlink-3681 ,Success
2022-03-19,Falcon 9,Cape Canaveral,LEO,260.0,Starlink-3682 ,Success
2022-07-17,Falcon 9,Cape Canaveral,LEO,260.0,Starlink-3683 ,Success
2022-03-19,Falcon 9,Cape Canaveral,LEO,260.0,Starlink-3684 ,Success
2022-03-19,Falcon 9,Cape Canaveral,LEO,260.0,Starlink-3685 ,Success
2022-04-21,Falcon 9,Cape Canaveral,LEO,260.0,Starlink-3686 ,Success
2022-03-19,Falcon 9,Cape Canaveral,LEO,260.0,Starlink-3687 ,Success
2022-04-21,Falcon 9,Cape Canaveral,LEO,260.0,Starlink-3688 ,Success
2022-03-09,Falcon 9,Cape Canaveral,LEO,260.0,Starlink-3689 ,Success
2022-03-09,Falcon 9,Cape Canaveral,LEO,260.0,Starlink-3690 ,Success
2022-03-09,Falcon 9,Cape Canaveral,LEO,260.0,Starlink-3691 ,Success
2022-03-09,Falcon 9,Cape Canaveral,LEO,260.0,Starlink-3692 ,Success
2022-03-09,Falcon 9,Cape Canaveral,LEO,260.0,Starlink-3694 ,Failure
2022-03-09,Falcon 9,Cape Canaveral,LEO,260.0,Starlink-3696 ,Success
2022-03-09,Falcon 9,Cape Canaveral,LEO,260.0,Starlink-3697 ,Success
2022-03-19,Falcon 9,Cape Canaveral,LEO,260.0,Starlink-3698 ,Success
2022-03-09,Falcon 9,Cape Canaveral,LEO,260.0,Starlink-3699 ,Success
2022-03-09,Falcon 9,Cape Canaveral,LEO,260.0,Starlink-3700 ,Success
2022-03-19,Falcon 9,Cape Canaveral,LEO,260.0,Starlink-3701 ,Success
2022-03-19,Falcon 9,Cape Canaveral,LEO,260.0,Starlink-3702 ,Success
2022-03-19,Falcon 9,Cape Canaveral,LEO,260.0,Starlink-3703 ,Success
2022-03-09,Falcon 9,Cape Canaveral,LEO,260.0,Starlink-3704 ,Success
2022-03-19,Falcon 9,Cape Canaveral,LEO,260.0,Starlink-3705 ,Failure
2022-03-19,Falcon 9,Cape Canaveral,LEO,260.0,Starlink-3706 ,Success
2022-03-19,Falcon 9,Cape Canaveral,LEO,260.0,Starlink-3707 ,Success
2022-03-19,Falcon 9,Cape Canaveral,LEO,260.0,Starlink-3708 ,Success
2022-03-19,Falcon 9,Cape Canaveral,LEO,260.0,Starlink-3709 ,Failure
2022-03-19,Falcon 9,Cape Canaveral,LEO,260.0,Starlink-3711 ,Success
2022-03-19,Falcon 9,Cape Canaveral,LEO,260.0,Starlink-3712 ,Success
2022-03-19,Falcon 9,Cape Canaveral,LEO,260.0,Starlink-3713 ,Success
2022-03-19,Falcon 9,Cape Canaveral,LEO,260.0,Starlink-3714 ,Success
2022-03-19,Falcon 9,Cape Canaveral,LEO,260.0,Starlink-3715 ,Success
2022-03-19,Falcon 9,Cape Canaveral,LEO,260.0,Starlink-3716 ,Success
2022-03-19,Falcon 9,Cape Canaveral,LEO,260.0,Starlink-3717 ,Success
2022-03-19,Falcon 9,Cape Canaveral,LEO,260.0,Starlink-3718 ,Success
2022-03-19,Falcon 9,Cape Canaveral,LEO,260.0,Starlink-3720 ,Success
2022-03-19,Falcon 9,Cape Canaveral,LEO,260.0,Starlink-3721 ,Success
2022-03-19,Falcon 9,Cape Canaveral,LEO,260.0,Starlink-3722 ,Success
2022-03-19,Falcon 9,Cape Canaveral,LEO,260.0,Starlink-3723 ,Success
2022-04-21,Falcon 9,Cape Canaveral,LEO,260.0,Starlink-3724 ,Success
2022-03-19,Falcon 9,Cape Canaveral,LEO,260.0,Starlink-3725 ,Success
2022-03-19,Falcon 9,Cape Canaveral,LEO,260.0,Starlink-3726 ,Success
2022-03-19,Falcon 9,Cape Canaveral,LEO,260.0,Starlink-3727 ,Success
2022-04-29,Falcon 9,Cape Canaveral,LEO,260.0,Starlink-3728 ,Failure
2022-03-19,Falcon 9,Cape Canaveral,LEO,260.0,Starlink-3729 ,Failure
2022-03-19,Falcon 9,Cape Canaveral,LEO,260.0,Starlink-3730 ,Success
2022-03-19,Falcon 9,Cape Canaveral,LEO,260.0,Starlink-3732 ,Success
2022-03-19,Falcon 9,Cape Canaveral,LEO,260.0,Starlink-3733 ,Success
2022-03-19,Falcon 9,Cape Canaveral,LEO,260.0,Starlink-3734 ,Failure
2022-03-19,Falcon 9,Cape Canaveral,LEO,260.0,Starlink-3735 ,Failure
2022-03-19,Falcon 9,Cape Canaveral,LEO,260.0,Starlink-3736 ,Success
2022-03-19,Falcon 9,Cape Canaveral,LEO,260.0,Starlink-3737 ,Success
2022-03-19,Falcon 9,Cape Canaveral,LEO,260.0,Starlink-3738 ,Success
2022-04-21,Falcon 9,Cape Canaveral,LEO,260.0,Starlink-3739 ,Success
2022-04-21,Falcon 9,Cape Canaveral,LEO,260.0,Starlink-3740 ,Success
2022-05-14,Falcon 9,Cape Canaveral,LEO,260.0,Starlink-3741 ,Success
2022-04-21,Falcon 9,Cape Canaveral,LEO,260.0,Starlink-3742 ,Success
2022-03-19,Falcon 9,Cape Canaveral,LEO,260.0,Starlink-3743 ,Success
2022-04-21,Falcon 9,Cape Canaveral,LEO,260.0,Starlink-3744 ,Success
2022-04-21,Falcon 9,Cape Canaveral,LEO,260.0,Starlink-3745 ,Success
2022-04-21,Falcon 9,Cape Canaveral,LEO,260.0,Starlink-3746 ,Success
2022-04-21,Falcon 9,Cape Canaveral,LEO,260.0,Starlink-3747 ,Success
2022-04-21,Falcon 9,Cape Canaveral,LEO,260.0,Starlink-3748 ,Failure
2022-04-21,Falcon 9,Cape Canaveral,LEO,260.0,Starlink-3749 ,Success
2022-04-21,Falcon 9,Cape Canaveral,LEO,260.0,Starlink-3750 ,Success
2022-04-21,Falcon 9,Cape Canaveral,LEO,260.0,Starlink-3751 ,Success
2022-04-21,Falcon 9,Cape Canaveral,LEO,260.0,Starlink-3752 ,Success
2022-04-21,Falcon 9,Cape Canaveral,LEO,260.0,Starlink-3753 ,Success
2022-04-29,Falcon 9,Cape Canaveral,LEO,260.0,Starlink-3754 ,Success
2022-04-21,Falcon 9,Cape Canaveral,LEO,260.0,Starlink-3755 ,Success
2022-04-21,Falcon 9,Cape Canaveral,LEO,260.0,Starlink-3756 ,Success
2022-05-13,Falcon 9,Vandenberg AFB,LEO,260.0,Starlink-3757 ,Success
2022-04-21,Falcon 9,Cape Canaveral,LEO,260.0,Starlink-3758 ,Success
2022-04-21,Falcon 9,Cape Canaveral,LEO,260.0,Starlink-3759 ,Success
2022-04-21,Falcon 9,Cape Canaveral,LEO,260.0,Starlink-3760 ,Success
2022-04-21,Falcon 9,Cape Canaveral,LEO,260.0,Starlink-3761 ,Success
2022-04-29,Falcon 9,Cape Canaveral,LEO,260.0,Starlink-3762 ,Failure
2022-05-13,Falcon 9,Vandenberg AFB,LEO,260.0,Starlink-3763 ,Success
2022-04-21,Falcon 9,Cape Canaveral,LEO,260.0,Starlink-3764 ,Success
2022-04-21,Falcon 9,Cape Canaveral,LEO,260.0,Starlink-3765 ,Success
2022-04-21,Falcon 9,Cape Canaveral,LEO,260.0,Starlink-3766 ,Failure
2022-04-29,Falcon 9,Cape Canaveral,LEO,260.0,Starlink-3767 ,Success
2022-04-21,Falcon 9,Cape Canaveral,LEO,260.0,Starlink-3768 ,Success
2022-04-21,Falcon 9,Cape Canaveral,LEO,260.0,Starlink-3769 ,Success
2022-05-13,Falcon 9,Vandenberg AFB,LEO,260.0,Starlink-3770 ,Success
2022-04-21,Falcon 9,Cape Canaveral,LEO,260.0,Starlink-3771 ,Success
2022-04-21,Falcon 9,Cape Canaveral,LEO,260.0,Starlink-3772 ,Success
2022-04-21,Falcon 9,Cape Canaveral,LEO,260.0,Starlink-3773 ,Success
2022-05-18,Falcon 9,Cape Canaveral,LEO,260.0,Starlink-3774 ,Failure
2022-04-21,Falcon 9,Cape Canaveral,LEO,260.0,Starlink-3775 ,Success
2022-04-21,Falcon 9,Cape Canaveral,LEO,260.0,Starlink-3776 ,Success
2022-04-21,Falcon 9,Cape Canaveral,LEO,260.0,Starlink-3777 ,Success
2022-04-21,Falcon 9,Cape Canaveral,LEO,260.0,Starlink-3778 ,Success
2022-04-21,Falcon 9,Cape Canaveral,LEO,260.0,Starlink-3779 ,Success
2022-04-21,Falcon 9,Cape Canaveral,LEO,260.0,Starlink-3780 ,Failure
2022-04-21,Falcon 9,Cape Canaveral,LEO,260.0,Starlink-3781 ,Success
2022-04-21,Falcon 9,Cape Canaveral,LEO,260.0,Starlink-3782 ,Failure
2022-04-21,Falcon 9,Cape Canaveral,LEO,260.0,Starlink-3783 ,Success
2022-04-21,Falcon 9,Cape Canaveral,LEO,260.0,Starlink-3784 ,Success
2022-04-29,Falcon 9,Cape Canaveral,LEO,260.0,Starlink-3785 ,Success
2022-04-21,Falcon 9,Cape Canaveral,LEO,260.0,Starlink-3786 ,Success
2022-04-21,Falcon 9,Cape Canaveral,LEO,260.0,Starlink-3787 ,Success
2022-04-21,Falcon 9,Cape Canaveral,LEO,260.0,Starlink-3788 ,Success
2022-04-21,Falcon 9,Cape Canaveral,LEO,260.0,Starlink-3789 ,Success
2022-04-21,Falcon 9,Cape Canaveral,LEO,260.0,Starlink-3790 ,Failure
2022-04-21,Falcon 9,Cape Canaveral,LEO,260.0,Starlink-3791 ,Failure
2022-04-29,Falcon 9,Cape Canaveral,LEO,260.0,Starlink-3792 ,Success
2022-04-29,Falcon 9,Cape Canaveral,LEO,260.0,Starlink-3793 ,Success
2022-05-14,Falcon 9,Cape Canaveral,LEO,260.0,Starlink-3794 ,Success
2022-04-21,Falcon 9,Cape Canaveral,LEO,260.0,Starlink-3795 ,Success
2022-04-29,Falcon 9,Cape Canaveral,LEO,260.0,Starlink-3796 ,Success
2022-04-29,Falcon 9,Cape Canaveral,LEO,260.0,Starlink-3797 ,Success
2022-04-29,Falcon 9,Cape Canaveral,LEO,260.0,Starlink-3798 ,Success
2022-04-29,Falcon 9,Cape Canaveral,LEO,260.0,Starlink-3799 ,Success
2022-04-29,Falcon 9,Cape Canaveral,LEO,260.0,Starlink-3800 ,Success
2022-04-29,Falcon 9,Cape Canaveral,LEO,260.0,Starlink-3801 ,Success
2022-04-21,Falcon 9,Cape Canaveral,LEO,260.0,Starlink-3802 ,Success
2022-04-29,Falcon 9,Cape Canaveral,LEO,260.0,Starlink-3803 ,Success
2022-04-21,Falcon 9,Cape Canaveral,LEO,260.0,Starlink-3804 ,Success
2022-04-29,Falcon 9,Cape Canaveral,LEO,260.0,Starlink-3805 ,Success
2022-04-29,Falcon 9,Cape Canaveral,LEO,260.0,Starlink-3806 ,Success
2022-04-29,Falcon 9,Cape Canaveral,LEO,260.0,Starlink-3807 ,Success
2022-04-29,Falcon 9,Cape Canaveral,LEO,260.0,Starlink-3808 ,Success
2022-06-17,Falcon 9,Cape Canaveral,LEO,260.0,Starlink-3809 ,Success
2022-04-21,Falcon 9,Cape Canaveral,LEO,260.0,Starlink-3810 ,Success
2022-04-29,Falcon 9,Cape Canaveral,LEO,260.0,Starlink-3811 ,Success
2022-04-29,Falcon 9,Cape Canaveral,LEO,260.0,Starlink-3812 ,Failure
2022-05-06,Falcon 9,Cape Canaveral,LEO,260.0,Starlink-3813 ,Success
2022-04-29,Falcon 9,Cape Canaveral,LEO,260.0,Starlink-3814 ,Success
2022-04-29,Falcon 9,Cape Canaveral,LEO,260.0,Starlink-3815 ,Success
2022-04-29,Falcon 9,Cape Canaveral,LEO,260.0,Starlink-3817 ,Success
2022-04-29,Falcon 9,Cape Canaveral,LEO,260.0,Starlink-3818 ,Success
2022-04-29,Falcon 9,Cape Canaveral,LEO,260.0,Starlink-3819 ,Success
2022-04-29,Falcon 9,Cape Canaveral,LEO,260.0,Starlink-3820 ,Success
2022-04-29,Falcon 9,Cape Canaveral,LEO,260.0,Starlink-3821 ,Success
2022-04-21,Falcon 9,Cape Canaveral,LEO,260.0,Starlink-3822 ,Success
2022-04-29,Falcon 9,Cape Canaveral,LEO,260.0,Starlink-3823 ,Success
2022-04-29,Falcon 9,Cape Canaveral,LEO,260.0,Starlink-3824 ,Failure
2022-05-06,Falcon 9,Cape Canaveral,LEO,260.0,Starlink-3825 ,Success
2022-04-29,Falcon 9,Cape Canaveral,LEO,260.0,Starlink-3826 ,Success
2022-04-29,Falcon 9,Cape Canaveral,LEO,260.0,Starlink-3827 ,Failure
2022-05-06,Falcon 9,Cape Canaveral,LEO,260.0,Starlink-3828 ,Success
2022-04-29,Falcon 9,Cape Canaveral,LEO,260.0,Starlink-3829 ,Success
2022-04-29,Falcon 9,Cape Canaveral,LEO,260.0,Starlink-3830 ,Success
2022-04-29,Falcon 9,Cape Canaveral,LEO,260.0,Starlink-3831 ,Success
2022-05-14,Falcon 9,Cape Canaveral,LEO,260.0,Starlink-3832 ,Success
2022-05-13,Falcon 9,Vandenberg AFB,LEO,260.0,Starlink-3833 ,Success
2022-04-29,Falcon 9,Cape Canaveral,LEO,260.0,Starlink-3834 ,Success
2022-05-06,Falcon 9,Cape Canaveral,LEO,260.0,Starlink-3835 ,Success
2022-05-13,Falcon 9,Vandenberg AFB,LEO,260.0,Starlink-3836 ,Success
2022-04-29,Falcon 9,Cape Canaveral,LEO,260.0,Starlink-3837 ,Success
2022-04-29,Falcon 9,Cape Canaveral,LEO,260.0,Starlink-3838 ,Success
2022-05-06,Falcon 9,Cape Canaveral,LEO,260.0,Starlink-3839 ,Success
2022-05-06,Falcon 9,Cape Canaveral,LEO,260.0,Starlink-3840 ,Success
2022-04-29,Falcon 9,Cape Canaveral,LEO,260.0,Starlink-3841 ,Failure
2022-05-06,Falcon 9,Cape Canaveral,LEO,260.0,Starlink-3842 ,Success
2022-04-29,Falcon 9,Cape Canaveral,LEO,260.0,Starlink-3843 ,Failure
2022-05-18,Falcon 9,Cape Canaveral,LEO,260.0,Starlink-3844 ,Success
2022-05-13,Falcon 9,Vandenberg AFB,LEO,260.0,Starlink-3845 ,Success
2022-05-14,Falcon 9,Cape Canaveral,LEO,260.0,Starlink-3846 ,Success
2022-04-29,Falcon 9,Cape Canaveral,LEO,260.0,Starlink-3847 ,Success
2022-04-29,Falcon 9,Cape Canaveral,LEO,260.0,Starlink-3848 ,Success
2022-04-29,Falcon 9,Cape Canaveral,LEO,260.0,Starlink-3849 ,Success
2022-04-29,Falcon 9,Cape Canaveral,LEO,260.0,Starlink-3850 ,Success
2022-04-29,Falcon 9,Cape Canaveral,LEO,260.0,Starlink-3851 ,Success
2022-04-29,Falcon 9,Cape Canaveral,LEO,260.0,Starlink-3852 ,Success
2022-04-29,Falcon 9,Cape Canaveral,LEO,260.0,Starlink-3853 ,Success
2022-05-14,Falcon 9,Cape Canaveral,LEO,260.0,Starlink-3854 ,Success
2022-05-06,Falcon 9,Cape Canaveral,LEO,260.0,Starlink-3855 ,Success
2022-05-06,Falcon 9,Cape Canaveral,LEO,260.0,Starlink-3856 ,Success
2022-05-06,Falcon 9,Cape Canaveral,LEO,260.0,Starlink-3857 ,Success
2022-05-13,Falcon 9,Vandenberg AFB,LEO,260.0,Starlink-3858 ,Success
2022-05-06,Falcon 9,Cape Canaveral,LEO,260.0,Starlink-3859 ,Success
2022-05-06,Falcon 9,Cape Canaveral,LEO,260.0,Starlink-3860 ,Success
2022-05-06,Falcon 9,Cape Canaveral,LEO,260.0,Starlink-3861 ,Success
2022-05-06,Falcon 9,Cape Canaveral,LEO,260.0,Starlink-3862 ,Failure
2022-05-06,Falcon 9,Cape Canaveral,LEO,260.0,Starlink-3863 ,Success
2022-05-06,Falcon 9,Cape Canaveral,LEO,260.0,Starlink-3864 ,Success
2022-05-06,Falcon 9,Cape Canaveral,LEO,260.0,Starlink-3865 ,Success
2022-05-06,Falcon 9,Cape Canaveral,LEO,260.0,Starlink-3866 ,Success
2022-05-13,Falcon 9,Vandenberg AFB,LEO,260.0,Starlink-3867 ,Success
2022-05-14,Falcon 9,Cape Canaveral,LEO,260.0,Starlink-3868 ,Success
2022-05-13,Falcon 9,Vandenberg AFB,LEO,260.0,Starlink-3869 ,Success
2022-05-06,Falcon 9,Cape Canaveral,LEO,260.0,Starlink-3870,Failure
2022-05-06,Falcon 9,Cape Canaveral,LEO,260.0,Starlink-3871 ,Success
2022-05-06,Falcon 9,Cape Canaveral,LEO,260.0,Starlink-3872 ,Success
2022-05-06,Falcon 9,Cape Canaveral,LEO,260.0,Starlink-3873 ,Success
2022-04-29,Falcon 9,Cape Canaveral,LEO,260.0,Starlink-3874 ,Success
2022-05-06,Falcon 9,Cape Canaveral,LEO,260.0,Starlink-3875 ,Success
2022-04-29,Falcon 9,Cape Canaveral,LEO,260.0,Starlink-3876 ,Success
2022-04-29,Falcon 9,Cape Canaveral,LEO,260.0,Starlink-3877 ,Success
2022-05-06,Falcon 9,Cape Canaveral,LEO,260.0,Starlink-3878 ,Success
2022-05-06,Falcon 9,Cape Canaveral,LEO,260.0,Starlink-3879 ,Success
2022-04-29,Falcon 9,Cape Canaveral,LEO,260.0,Starlink-3880 ,Success
2022-05-06,Falcon 9,Cape Canaveral,LEO,260.0,Starlink-3881 ,Success
2022-05-06,Falcon 9,Cape Canaveral,LEO,260.0,Starlink-3882 ,Success
2022-05-06,Falcon 9,Cape Canaveral,LEO,260.0,Starlink-3883 ,Success
2022-05-06,Falcon 9,Cape Canaveral,LEO,260.0,Starlink-3884 ,Success
2022-05-06,Falcon 9,Cape Canaveral,LEO,260.0,Starlink-3885 ,Failure
2022-05-13,Falcon 9,Vandenberg AFB,LEO,260.0,Starlink-3886 ,Success
2022-05-06,Falcon 9,Cape Canaveral,LEO,260.0,Starlink-3887 ,Success
2022-05-06,Falcon 9,Cape Canaveral,LEO,260.0,Starlink-3888 ,Success
2022-04-29,Falcon 9,Cape Canaveral,LEO,260.0,Starlink-3889 ,Success
2022-05-06,Falcon 9,Cape Canaveral,LEO,260.0,Starlink-3890 ,Success
2022-05-14,Falcon 9,Cape Canaveral,LEO,260.0,Starlink-3891 ,Success
2022-05-06,Falcon 9,Cape Canaveral,LEO,260.0,Starlink-3892 ,Success
2022-05-13,Falcon 9,Vandenberg AFB,LEO,260.0,Starlink-3893 ,Success
2022-05-06,Falcon 9,Cape Canaveral,LEO,260.0,Starlink-3894 ,Success
2022-05-13,Falcon 9,Vandenberg AFB,LEO,260.0,Starlink-3895 ,Success
2022-05-06,Falcon 9,Cape Canaveral,LEO,260.0,Starlink-3896 ,Success
2022-05-13,Falcon 9,Vandenberg AFB,LEO,260.0,Starlink-3897 ,Success
2022-05-06,Falcon 9,Cape Canaveral,LEO,260.0,Starlink-3898 ,Success
2022-05-06,Falcon 9,Cape Canaveral,LEO,260.0,Starlink-3899 ,Success
2022-05-06,Falcon 9,Cape Canaveral,LEO,260.0,Starlink-3900 ,Success
2022-05-13,Falcon 9,Vandenberg AFB,LEO,260.0,Starlink-3901 ,Failure
2022-05-06,Falcon 9,Cape Canaveral,LEO,260.0,Starlink-3902 ,Success
2022-05-06,Falcon 9,Cape Canaveral,LEO,260.0,Starlink-3903 ,Success
2022-05-06,Falcon 9,Cape Canaveral,LEO,260.0,Starlink-3904 ,Success
2022-05-06,Falcon 9,Cape Canaveral,LEO,260.0,Starlink-3905 ,Success
2022-05-13,Falcon 9,Vandenberg AFB,LEO,260.0,Starlink-3906 ,Success
2022-05-06,Falcon 9,Cape Canaveral,LEO,260.0,Starlink-3907 ,Success
2022-05-06,Falcon 9,Cape Canaveral,LEO,260.0,Starlink-3908 ,Success
2022-05-06,Falcon 9,Cape Canaveral,LEO,260.0,Starlink-3909 ,Success
2022-05-13,Falcon 9,Vandenberg AFB,LEO,260.0,Starlink-3910 ,Success
2022-05-13,Falcon 9,Vandenberg AFB,LEO,260.0,Starlink-3911 ,Success
2022-05-06,Falcon 9,Cape Canaveral,LEO,260.0,Starlink-3912 ,Success
2022-05-06,Falcon 9,Cape Canaveral,LEO,260.0,Starlink-3913 ,Failure
2022-05-06,Falcon 9,Cape Canaveral,LEO,260.0,Starlink-3914 ,Success
2022-05-13,Falcon 9,Vandenberg AFB,LEO,260.0,Starlink-3915 ,Success
2022-05-06,Falcon 9,Cape Canaveral,LEO,260.0,Starlink-3916 ,Success
2022-05-13,Falcon 9,Vandenberg AFB,LEO,260.0,Starlink-3917 ,Success
2022-05-06,Falcon 9,Cape Canaveral,LEO,260.0,Starlink-3918 ,Success
2022-05-13,Falcon 9,Vandenberg AFB,LEO,260.0,Starlink-3919 ,Success
2022-05-13,Falcon 9,Vandenberg AFB,LEO,260.0,Starlink-3920 ,Success
2022-05-14,Falcon 9,Cape Canaveral,LEO,260.0,Starlink-3921 ,Success
2022-05-13,Falcon 9,Vandenberg AFB,LEO,260.0,Starlink-3922 ,Success
2022-05-06,Falcon 9,Cape Canaveral,LEO,260.0,Starlink-3923 ,Success
2022-05-13,Falcon 9,Vandenberg AFB,LEO,260.0,Starlink-3924 ,Failure
2022-05-06,Falcon 9,Cape Canaveral,LEO,260.0,Starlink-3925 ,Success
2022-05-13,Falcon 9,Vandenberg AFB,LEO,260.0,Starlink-3926 ,Success
2022-05-13,Falcon 9,Vandenberg AFB,LEO,260.0,Starlink-3927 ,Success
2022-05-14,Falcon 9,Cape Canaveral,LEO,260.0,Starlink-3928 ,Failure
2022-05-13,Falcon 9,Vandenberg AFB,LEO,260.0,Starlink-3929 ,Success
2022-05-13,Falcon 9,Vandenberg AFB,LEO,260.0,Starlink-3930 ,Success
2022-05-13,Falcon 9,Vandenberg AFB,LEO,260.0,Starlink-3931 ,Success
2022-05-13,Falcon 9,Vandenberg AFB,LEO,260.0,Starlink-3932 ,Success
2022-05-13,Falcon 9,Vandenberg AFB,LEO,260.0,Starlink-3933 ,Success
2022-05-18,Falcon 9,Cape Canaveral,LEO,260.0,Starlink-3934 ,Success
2022-05-13,Falcon 9,Vandenberg AFB,LEO,260.0,Starlink-3935 ,Success
2022-05-18,Falcon 9,Cape Canaveral,LEO,260.0,Starlink-3936 ,Success
2022-05-13,Falcon 9,Vandenberg AFB,LEO,260.0,Starlink-3937 ,Failure
2022-05-13,Falcon 9,Vandenberg AFB,LEO,260.0,Starlink-3938 ,Success
2022-05-13,Falcon 9,Vandenberg AFB,LEO,260.0,Starlink-3939 ,Success
2022-05-13,Falcon 9,Vandenberg AFB,LEO,260.0,Starlink-3940 ,Success
2022-05-14,Falcon 9,Cape Canaveral,LEO,260.0,Starlink-3941 ,Success
2022-05-13,Falcon 9,Vandenberg AFB,LEO,260.0,Starlink-3942 ,Success
2022-05-13,Falcon 9,Vandenberg AFB,LEO,260.0,Starlink-3943 ,Success
2022-05-13,Falcon 9,Vandenberg AFB,LEO,260.0,Starlink-3944 ,Success
2022-05-18,Falcon 9,Cape Canaveral,LEO,260.0,Starlink-3945 ,Success
2022-05-18,Falcon 9,Cape Canaveral,LEO,260.0,Starlink-3946 ,Success
2022-05-14,Falcon 9,Cape Canaveral,LEO,260.0,Starlink-3947 ,Success
2022-05-13,Falcon 9,Vandenberg AFB,LEO,260.0,Starlink-3948 ,Success
2022-05-13,Falcon 9,Vandenberg AFB,LEO,260.0,Starlink-3949 ,Success
2022-07-24,Falcon 9,Cape Canaveral,LEO,260.0,Starlink-3950 ,Success
2022-05-13,Falcon 9,Vandenberg AFB,LEO,260.0,Starlink-3951 ,Success
2022-05-13,Falcon 9,Vandenberg AFB,LEO,260.0,Starlink-3952 ,Success
2022-05-13,Falcon 9,Vandenberg AFB,LEO,260.0,Starlink-3953 ,Success
2022-05-13,Falcon 9,Vandenberg AFB,LEO,260.0,Starlink-3954 ,Success
2022-05-13,Falcon 9,Vandenberg AFB,LEO,260.0,Starlink-3955 ,Success
2022-05-13,Falcon 9,Vandenberg AFB,LEO,260.0,Starlink-3956 ,Success
2022-05-13,Falcon 9,Vandenberg AFB,LEO,260.0,Starlink-3957 ,Success
2022-05-13,Falcon 9,Vandenberg AFB,LEO,260.0,Starlink-3958 ,Success
2022-05-13,Falcon 9,Vandenberg AFB,LEO,260.0,Starlink-3959 ,Success
2022-05-18,Falcon 9,Cape Canaveral,LEO,260.0,Starlink-3960 ,Success
2022-05-14,Falcon 9,Cape Canaveral,LEO,260.0,Starlink-3961 ,Success
2022-05-18,Falcon 9,Cape Canaveral,LEO,260.0,Starlink-3962 ,Success
2022-05-14,Falcon 9,Cape Canaveral,LEO,260.0,Starlink-3963 ,Success
2022-05-13,Falcon 9,Vandenberg AFB,LEO,260.0,Starlink-3964 ,Success
2022-05-13,Falcon 9,Vandenberg AFB,LEO,260.0,Starlink-3965 ,Success
2022-05-13,Falcon 9,Vandenberg AFB,LEO,260.0,Starlink-3966 ,Success
2022-05-14,Falcon 9,Cape Canaveral,LEO,260.0,Starlink-3967 ,Success
2022-05-14,Falcon 9,Cape Canaveral,LEO,260.0,Starlink-3968 ,Success
2022-05-13,Falcon 9,Vandenberg AFB,LEO,260.0,Starlink-3969 ,Success
2022-05-18,Falcon 9,Cape Canaveral,LEO,260.0,Starlink-3970 ,Success
2022-05-14,Falcon 9,Cape Canaveral,LEO,260.0,Starlink-3971 ,Failure
2022-05-18,Falcon 9,Cape Canaveral,LEO,260.0,Starlink-3972 ,Success
2022-05-14,Falcon 9,Cape Canaveral,LEO,260.0,Starlink-3973 ,Success
2022-05-14,Falcon 9,Cape Canaveral,LEO,260.0,Starlink-3974 ,Success
2022-05-14,Falcon 9,Cape Canaveral,LEO,260.0,Starlink-3975 ,Success
2022-05-18,Falcon 9,Cape Canaveral,LEO,260.0,Starlink-3976 ,Success
2022-05-14,Falcon 9,Cape Canaveral,LEO,260.0,Starlink-3977 ,Success
2022-05-14,Falcon 9,Cape Canaveral,LEO,260.0,Starlink-3978 ,Success
2022-05-14,Falcon 9,Cape Canaveral,LEO,260.0,Starlink-3979 ,Success
2022-05-14,Falcon 9,Cape Canaveral,LEO,260.0,Starlink-3980 ,Success
2022-05-18,Falcon 9,Cape Canaveral,LEO,260.0,Starlink-3981 ,Success
2022-05-14,Falcon 9,Cape Canaveral,LEO,260.0,Starlink-3982 ,Success
2022-05-14,Falcon 9,Cape Canaveral,LEO,260.0,Starlink-3983 ,Success
2022-05-14,Falcon 9,Cape Canaveral,LEO,260.0,Starlink-3984 ,Success
2022-05-14,Falcon 9,Cape Canaveral,LEO,260.0,Starlink-3985 ,Failure
2022-05-14,Falcon 9,Cape Canaveral,LEO,260.0,Starlink-3986 ,Success
2022-05-18,Falcon 9,Cape Canaveral,LEO,260.0,Starlink-3987 ,Success
2022-05-14,Falcon 9,Cape Canaveral,LEO,260.0,Starlink-3988 ,Success
2022-05-14,Falcon 9,Cape Canaveral,LEO,260.0,Starlink-3989 ,Success
2022-05-14,Falcon 9,Cape Canaveral,LEO,260.0,Starlink-3990 ,Success
2022-05-14,Falcon 9,Cape Canaveral,LEO,260.0,Starlink-3991 ,Success
2022-05-14,Falcon 9,Cape Canaveral,LEO,260.0,Starlink-3992 ,Success
2022-05-14,Falcon 9,Cape Canaveral,LEO,260.0,Starlink-3994 ,Success
2022-05-14,Falcon 9,Cape Canaveral,LEO,260.0,Starlink-3995 ,Success
2022-05-14,Falcon 9,Cape Canaveral,LEO,260.0,Starlink-3996 ,Success
2022-05-14,Falcon 9,Cape Canaveral,LEO,260.0,Starlink-3997 ,Success
2022-05-14,Falcon 9,Cape Canaveral,LEO,260.0,Starlink-3998 ,Success
2022-05-18,Falcon 9,Cape Canaveral,LEO,260.0,Starlink-3999 ,Failure
2022-05-14,Falcon 9,Cape Canaveral,LEO,260.0,Starlink-4000 ,Success
2022-05-14,Falcon 9,Cape Canaveral,LEO,260.0,Starlink-4001 ,Success
2022-05-14,Falcon 9,Cape Canaveral,LEO,260.0,Starlink-4002 ,Success
2022-05-18,Falcon 9,Cape Canaveral,LEO,260.0,Starlink-4003 ,Failure
2022-05-18,Falcon 9,Cape Canaveral,LEO,260.0,Starlink-4004 ,Success
2022-05-18,Falcon 9,Cape Canaveral,LEO,260.0,Starlink-4005 ,Success
2022-05-18,Falcon 9,Cape Canaveral,LEO,260.0,Starlink-4006 ,Success
2022-05-18,Falcon 9,Cape Canaveral,LEO,260.0,Starlink-4007 ,Success
2022-05-14,Falcon 9,Cape Canaveral,LEO,260.0,Starlink-4008 ,Success
2022-05-14,Falcon 9,Cape Canaveral,LEO,260.0,Starlink-4009 ,Success
2022-06-17,Falcon 9,Cape Canaveral,LEO,260.0,Starlink-4010 ,Success
2022-05-14,Falcon 9,Cape Canaveral,LEO,260.0,Starlink-4011 ,Success
2022-05-14,Falcon 9,Cape Canaveral,LEO,260.0,Starlink-4012 ,Failure
2022-05-14,Falcon 9,Cape Canaveral,LEO,260.0,Starlink-4013 ,Success
2022-05-18,Falcon 9,Cape Canaveral,LEO,260.0,Starlink-4014 ,Success
2022-05-14,Falcon 9,Cape Canaveral,LEO,260.0,Starlink-4015 ,Success
2022-05-14,Falcon 9,Cape Canaveral,LEO,260.0,Starlink-4016 ,Success
2022-05-18,Falcon 9,Cape Canaveral,LEO,260.0,Starlink-4017 ,Success
2022-05-18,Falcon 9,Cape Canaveral,LEO,260.0,Starlink-4018 ,Success
2022-05-14,Falcon 9,Cape Canaveral,LEO,260.0,Starlink-4019 ,Success
2022-05-18,Falcon 9,Cape Canaveral,LEO,260.0,Starlink-4020 ,Success
2022-07-17,Falcon 9,Cape Canaveral,LEO,260.0,Starlink-4021 ,Success
2022-05-14,Falcon 9,Cape Canaveral,LEO,260.0,Starlink-4022 ,Success
2022-07-17,Falcon 9,Cape Canaveral,LEO,260.0,Starlink-4023 ,Success
2022-05-14,Falcon 9,Cape Canaveral,LEO,260.0,Starlink-4024 ,Success
2022-05-18,Falcon 9,Cape Canaveral,LEO,260.0,Starlink-4025 ,Success
2022-05-14,Falcon 9,Cape Canaveral,LEO,260.0,Starlink-4026 ,Success
2022-05-14,Falcon 9,Cape Canaveral,LEO,260.0,Starlink-4027 ,Success
2022-05-18,Falcon 9,Cape Canaveral,LEO,260.0,Starlink-4028 ,Success
2022-05-18,Falcon 9,Cape Canaveral,LEO,260.0,Starlink-4029 ,Success
2022-05-18,Falcon 9,Cape Canaveral,LEO,260.0,Starlink-4030 ,Success
2022-05-18,Falcon 9,Cape Canaveral,LEO,260.0,Starlink-4031 ,Success
2022-05-18,Falcon 9,Cape Canaveral,LEO,260.0,Starlink-4032 ,Success
2022-05-18,Falcon 9,Cape Canaveral,LEO,260.0,Starlink-4033 ,Failure
2022-05-18,Falcon 9,Cape Canaveral,LEO,260.0,Starlink-4034 ,Success
2022-05-18,Falcon 9,Cape Canaveral,LEO,260.0,Starlink-4035 ,Failure
2022-06-17,Falcon 9,Cape Canaveral,LEO,260.0,Starlink-4036 ,Success
2022-05-18,Falcon 9,Cape Canaveral,LEO,260.0,Starlink-4037 ,Success
2022-07-17,Falcon 9,Cape Canaveral,LEO,260.0,Starlink-4038 ,Failure
2022-05-18,Falcon 9,Cape Canaveral,LEO,260.0,Starlink-4039 ,Success
2022-07-17,Falcon 9,Cape Canaveral,LEO,260.0,Starlink-4040 ,Success
2022-05-18,Falcon 9,Cape Canaveral,LEO,260.0,Starlink-4041 ,Success
2022-05-18,Falcon 9,Cape Canaveral,LEO,260.0,Starlink-4042 ,Success
2022-06-17,Falcon 9,Cape Canaveral,LEO,260.0,Starlink-4043 ,Success
2022-05-18,Falcon 9,Cape Canaveral,LEO,260.0,Starlink-4044 ,Success
2022-07-17,Falcon 9,Cape Canaveral,LEO,260.0,Starlink-4045 ,Success
2022-06-17,Falcon 9,Cape Canaveral,LEO,260.0,Starlink-4046 ,Success
2022-07-24,Falcon 9,Cape Canaveral,LEO,260.0,Starlink-4047 ,Success
2022-06-17,Falcon 9,Cape Canaveral,LEO,260.0,Starlink-4048 ,Success
2022-06-17,Falcon 9,Cape Canaveral,LEO,260.0,Starlink-4049 ,Success
2022-07-24,Falcon 9,Cape Canaveral,LEO,260.0,Starlink-4050 ,Success
2022-07-24,Falcon 9,Cape Canaveral,LEO,260.0,Starlink-4051 ,Success
2022-07-17,Falcon 9,Cape Canaveral,LEO,260.0,Starlink-4052 ,Success
2022-08-19,Falcon 9,Cape Canaveral,LEO,260.0,Starlink-4053,Success
2022-07-17,Falcon 9,Cape Canaveral,LEO,260.0,Starlink-4054 ,Success
2022-07-17,Falcon 9,Cape Canaveral,LEO,260.0,Starlink-4055 ,Failure
2022-07-24,Falcon 9,Cape Canaveral,LEO,260.0,Starlink-4056 ,Success
2022-07-24,Falcon 9,Cape Canaveral,LEO,260.0,Starlink-4057 ,Success
2022-07-24,Falcon 9,Cape Canaveral,LEO,260.0,Starlink-4058 ,Success
2022-07-24,Falcon 9,Cape Canaveral,LEO,260.0,Starlink-4059 ,Success
2022-07-24,Falcon 9,Cape Canaveral,LEO,260.0,Starlink-4060 ,Success
2022-07-24,Falcon 9,Cape Canaveral,LEO,260.0,Starlink-4061 ,Success
2022-07-24,Falcon 9,Cape Canaveral,LEO,260.0,Starlink-4062 ,Success
2022-07-17,Falcon 9,Cape Canaveral,LEO,260.0,Starlink-4063 ,Success
2022-05-18,Falcon 9,Cape Canaveral,LEO,260.0,Starlink-4064 ,Failure
2022-06-17,Falcon 9,Cape Canaveral,LEO,260.0,Starlink-4065 ,Success
2022-07-17,Falcon 9,Cape Canaveral,LEO,260.0,Starlink-4066 ,Success
2022-05-18,Falcon 9,Cape Canaveral,LEO,260.0,Starlink-4067 ,Success
2022-05-18,Falcon 9,Cape Canaveral,LEO,260.0,Starlink-4068 ,Success
2022-07-24,Falcon 9,Cape Canaveral,LEO,260.0,Starlink-4069 ,Success
2022-05-18,Falcon 9,Cape Canaveral,LEO,260.0,Starlink-4070 ,Success
2022-05-18,Falcon 9,Cape Canaveral,LEO,260.0,Starlink-4071 ,Success
2022-05-18,Falcon 9,Cape Canaveral,LEO,260.0,Starlink-4072 ,Success
2022-05-18,Falcon 9,Cape Canaveral,LEO,260.0,Starlink-4073 ,Success
2022-05-18,Falcon 9,Cape Canaveral,LEO,260.0,Starlink-4074 ,Success
2022-05-18,Falcon 9,Cape Canaveral,LEO,260.0,Starlink-4075 ,Failure
2022-05-18,Falcon 9,Cape Canaveral,LEO,260.0,Starlink-4076 ,Success
2022-07-17,Falcon 9,Cape Canaveral,LEO,260.0,Starlink-4077 ,Success
2022-05-18,Falcon 9,Cape Canaveral,LEO,260.0,Starlink-4078 ,Success
2022-05-18,Falcon 9,Cape Canaveral,LEO,260.0,Starlink-4079 ,Failure
2022-06-17,Falcon 9,Cape Canaveral,LEO,260.0,Starlink-4080 ,Success
2022-05-18,Falcon 9,Cape Canaveral,LEO,260.0,Starlink-4081 ,Success
2022-05-18,Falcon 9,Cape Canaveral,LEO,260.0,Starlink-4082 ,Success
2022-06-17,Falcon 9,Cape Canaveral,LEO,260.0,Starlink-4083 ,Success
2022-05-18,Falcon 9,Cape Canaveral,LEO,260.0,Starlink-4084 ,Success
2022-07-24,Falcon 9,Cape Canaveral,LEO,260.0,Starlink-4085 ,Failure
2022-06-17,Falcon 9,Cape Canaveral,LEO,260.0,Starlink-4086 ,Success
2022-07-17,Falcon 9,Cape Canaveral,LEO,260.0,Starlink-4087 ,Success
2022-07-17,Falcon 9,Cape Canaveral,LEO,260.0,Starlink-4088 ,Success
2022-06-17,Falcon 9,Cape Canaveral,LEO,260.0,Starlink-4089 ,Success
2022-07-17,Falcon 9,Cape Canaveral,LEO,260.0,Starlink-4090 ,Success
2022-06-17,Falcon 9,Cape Canaveral,LEO,260.0,Starlink-4091 ,Success
2022-06-17,Falcon 9,Cape Canaveral,LEO,260.0,Starlink-4092 ,Success
2022-07-17,Falcon 9,Cape Canaveral,LEO,260.0,Starlink-4093 ,Success
2022-07-17,Falcon 9,Cape Canaveral,LEO,260.0,Starlink-4094 ,Success
2022-07-17,Falcon 9,Cape Canaveral,LEO,260.0,Starlink-4095 ,Failure
2022-07-17,Falcon 9,Cape Canaveral,LEO,260.0,Starlink-4096 ,Success
2022-07-24,Falcon 9,Cape Canaveral,LEO,260.0,Starlink-4097 ,Failure
2022-07-17,Falcon 9,Cape Canaveral,LEO,260.0,Starlink-4098 ,Success
2022-07-17,Falcon 9,Cape Canaveral,LEO,260.0,Starlink-4099 ,Success
2022-07-17,Falcon 9,Cape Canaveral,LEO,260.0,Starlink-4100 ,Success
2022-07-17,Falcon 9,Cape Canaveral,LEO,260.0,Starlink-4101 ,Success
2022-07-17,Falcon 9,Cape Canaveral,LEO,260.0,Starlink-4102 ,Failure
2022-07-17,Falcon 9,Cape Canaveral,LEO,260.0,Starlink-4103 ,Success
2022-07-17,Falcon 9,Cape Canaveral,LEO,260.0,Starlink-4104 ,Success
2022-07-17,Falcon 9,Cape Canaveral,LEO,260.0,Starlink-4105 ,Success
2022-07-17,Falcon 9,Cape Canaveral,LEO,260.0,Starlink-4106 ,Success
2022-07-24,Falcon 9,Cape Canaveral,LEO,260.0,Starlink-4107 ,Success
2022-06-17,Falcon 9,Cape Canaveral,LEO,260.0,Starlink-4108 ,Success
2022-07-24,Falcon 9,Cape Canaveral,LEO,260.0,Starlink-4109 ,Success
2022-07-17,Falcon 9,Cape Canaveral,LEO,260.0,Starlink-4110 ,Success
2022-07-17,Falcon 9,Cape Canaveral,LEO,260.0,Starlink-4111 ,Success
2022-06-17,Falcon 9,Cape Canaveral,LEO,260.0,Starlink-4112 ,Success
2022-07-24,Falcon 9,Cape Canaveral,LEO,260.0,Starlink-4113 ,Success
2022-07-17,Falcon 9,Cape Canaveral,LEO,260.0,Starlink-4114 ,Success
2022-07-07,Falcon 9,Cape Canaveral,LEO,260.0,Starlink-4115 ,Success
2022-07-17,Falcon 9,Cape Canaveral,LEO,260.0,Starlink-4116 ,Success
2022-07-17,Falcon 9,Cape Canaveral,LEO,260.0,Starlink-4117 ,Success
2022-08-19,Falcon 9,Cape Canaveral,LEO,260.0,Starlink-4118,Failure
2022-07-07,Falcon 9,Cape Canaveral,LEO,260.0,Starlink-4119 ,Success
2022-08-19,Falcon 9,Cape Canaveral,LEO,260.0,Starlink-4120,Success
2022-07-07,Falcon 9,Cape Canaveral,LEO,260.0,Starlink-4121 ,Success
2022-07-24,Falcon 9,Cape Canaveral,LEO,260.0,Starlink-4122 ,Success
2022-08-19,Falcon 9,Cape Canaveral,LEO,260.0,Starlink-4123,Success
2022-07-24,Falcon 9,Cape Canaveral,LEO,260.0,Starlink-4124 ,Success
2022-07-24,Falcon 9,Cape Canaveral,LEO,260.0,Starlink-4125 ,Success
2022-06-17,Falcon 9,Cape Canaveral,LEO,260.0,Starlink-4126 ,Success
2022-07-24,Falcon 9,Cape Canaveral,LEO,260.0,Starlink-4127 ,Failure
2022-07-24,Falcon 9,Cape Canaveral,LEO,260.0,Starlink-4128 ,Success
2022-07-24,Falcon 9,Cape Canaveral,LEO,260.0,Starlink-4129 ,Success
2022-07-24,Falcon 9,Cape Canaveral,LEO,260.0,Starlink-4130 ,Success
2022-07-24,Falcon 9,Cape Canaveral,LEO,260.0,Starlink-4131 ,Success
2022-07-24,Falcon 9,Cape Canaveral,LEO,260.0,Starlink-4132 ,Success
2022-07-24,Falcon 9,Cape Canaveral,LEO,260.0,Starlink-4133 ,Success
2022-07-24,Falcon 9,Cape Canaveral,LEO,260.0,Starlink-4134 ,Success
2022-07-24,Falcon 9,Cape Canaveral,LEO,260.0,Starlink-4135 ,Success
2022-07-24,Falcon 9,Cape Canaveral,LEO,260.0,Starlink-4136 ,Success
2022-07-07,Falcon 9,Cape Canaveral,LEO,260.0,Starlink-4137 ,Success
2022-08-19,Falcon 9,Cape Canaveral,LEO,260.0,Starlink-4138,Success
2022-06-17,Falcon 9,Cape Canaveral,LEO,260.0,Starlink-4139 ,Success
2022-07-24,Falcon 9,Cape Canaveral,LEO,260.0,Starlink-4140 ,Success
2022-07-17,Falcon 9,Cape Canaveral,LEO,260.0,Starlink-4141 ,Success
2022-07-24,Falcon 9,Cape Canaveral,LEO,260.0,Starlink-4142 ,Success
2022-07-07,Falcon 9,Cape Canaveral,LEO,260.0,Starlink-4143 ,Success
2022-07-24,Falcon 9,Cape Canaveral,LEO,260.0,Starlink-4144 ,Success
2022-07-17,Falcon 9,Cape Canaveral,LEO,260.0,Starlink-4145 ,Success
2022-07-24,Falcon 9,Cape Canaveral,LEO,260.0,Starlink-4146 ,Success
2022-07-24,Falcon 9,Cape Canaveral,LEO,260.0,Starlink-4147 ,Success
2022-07-24,Falcon 9,Cape Canaveral,LEO,260.0,Starlink-4148 ,Success
2022-07-24,Falcon 9,Cape Canaveral,LEO,260.0,Starlink-4149 ,Success
2022-07-17,Falcon 9,Cape Canaveral,LEO,260.0,Starlink-4150 ,Success
2022-07-07,Falcon 9,Cape Canaveral,LEO,260.0,Starlink-4151 ,Success
2022-07-17,Falcon 9,Cape Canaveral,LEO,260.0,Starlink-4152 ,Failure
2022-07-07,Falcon 9,Cape Canaveral,LEO,260.0,Starlink-4153 ,Success
2022-07-17,Falcon 9,Cape Canaveral,LEO,260.0,Starlink-4154 ,Success
2022-07-07,Falcon 9,Cape Canaveral,LEO,260.0,Starlink-4155 ,Success
2022-07-07,Falcon 9,Cape Canaveral,LEO,260.0,Starlink-4156 ,Success
2022-07-07,Falcon 9,Cape Canaveral,LEO,260.0,Starlink-4157 ,Success
2022-07-07,Falcon 9,Cape Canaveral,LEO,260.0,Starlink-4158 ,Success
2022-07-24,Falcon 9,Cape Canaveral,LEO,260.0,Starlink-4159 ,Success
2022-07-07,Falcon 9,Cape Canaveral,LEO,260.0,Starlink-4160 ,Success
2022-07-24,Falcon 9,Cape Canaveral,LEO,260.0,Starlink-4162 ,Success
2022-07-24,Falcon 9,Cape Canaveral,LEO,260.0,Starlink-4163 ,Success
2022-07-24,Falcon 9,Cape Canaveral,LEO,260.0,Starlink-4164 ,Success
2022-07-24,Falcon 9,Cape Canaveral,LEO,260.0,Starlink-4165 ,Success
2022-07-24,Falcon 9,Cape Canaveral,LEO,260.0,Starlink-4166 ,Failure
2022-07-07,Falcon 9,Cape Canaveral,LEO,260.0,Starlink-4167 ,Success
2022-06-17,Falcon 9,Cape Canaveral,LEO,260.0,Starlink-4168 ,Success
2022-07-24,Falcon 9,Cape Canaveral,LEO,260.0,Starlink-4169 ,Success
2022-07-17,Falcon 9,Cape Canaveral,LEO,260.0,Starlink-4170 ,Failure
2022-06-17,Falcon 9,Cape Canaveral,LEO,260.0,Starlink-4171 ,Success
2022-07-24,Falcon 9,Cape Canaveral,LEO,260.0,Starlink-4172 ,Success
2022-07-24,Falcon 9,Cape Canaveral,LEO,260.0,Starlink-4173 ,Success
2022-07-24,Falcon 9,Cape Canaveral,LEO,260.0,Starlink-4174 ,Success
2022-07-24,Falcon 9,Cape Canaveral,LEO,260.0,Starlink-4175  ,Success
2022-07-24,Falcon 9,Cape Canaveral,LEO,260.0,Starlink-4176 ,Success
2022-07-07,Falcon 9,Cape Canaveral,LEO,260.0,Starlink-4177 ,Success
2022-07-24,Falcon 9,Cape Canaveral,LEO,260.0,Starlink-4178  ,Success
2022-07-24,Falcon 9,Cape Canaveral,LEO,260.0,Starlink-4179 ,Failure
2022-07-24,Falcon 9,Cape Canaveral,LEO,260.0,Starlink-4180 ,Success
2022-06-17,Falcon 9,Cape Canaveral,LEO,260.0,Starlink-4181  ,Success
2022-07-24,Falcon 9,Cape Canaveral,LEO,260.0,Starlink-4182 ,Failure
2022-07-07,Falcon 9,Cape Canaveral,LEO,260.0,Starlink-4183 ,Success
2022-06-17,Falcon 9,Cape Canaveral,LEO,260.0,Starlink-4184 ,Success
2022-07-17,Falcon 9,Cape Canaveral,LEO,260.0,Starlink-4185 ,Success
2022-06-17,Falcon 9,Cape Canaveral,LEO,260.0,Starlink-4186 ,Failure
2022-06-17,Falcon 9,Cape Canaveral,LEO,260.0,Starlink-4187 ,Success
2022-06-17,Falcon 9,Cape Canaveral,LEO,260.0,Starlink-4188 ,Success
2022-06-17,Falcon 9,Cape Canaveral,LEO,260.0,Starlink-4189 ,Success
2022-07-07,Falcon 9,Cape Canaveral,LEO,260.0,Starlink-4190 ,Success
2022-06-17,Falcon 9,Cape Canaveral,LEO,260.0,Starlink-4191 ,Success
2022-06-17,Falcon 9,Cape Canaveral,LEO,260.0,Starlink-4192 ,Success
2022-06-17,Falcon 9,Cape Canaveral,LEO,260.0,Starlink-4193 ,Success
2022-07-07,Falcon 9,Cape Canaveral,LEO,260.0,Starlink-4194 ,Success
2022-06-17,Falcon 9,Cape Canaveral,LEO,260.0,Starlink-4195 ,Success
2022-06-17,Falcon 9,Cape Canaveral,LEO,260.0,Starlink-4196 ,Success
2022-06-17,Falcon 9,Cape Canaveral,LEO,260.0,Starlink-4197 ,Success
2022-06-17,Falcon 9,Cape Canaveral,LEO,260.0,Starlink-4198 ,Success
2022-06-17,Falcon 9,Cape Canaveral,LEO,260.0,Starlink-4199 ,Success
2022-06-17,Falcon 9,Cape Canaveral,LEO,260.0,Starlink-4200 ,Success
2022-06-17,Falcon 9,Cape Canaveral,LEO,260.0,Starlink-4201 ,Success
2022-06-17,Falcon 9,Cape Canaveral,LEO,260.0,Starlink-4202 ,Success
2022-07-07,Falcon 9,Cape Canaveral,LEO,260.0,Starlink-4203 ,Success
2022-06-17,Falcon 9,Cape Canaveral,LEO,260.0,Starlink-4204 ,Success
2022-07-17,Falcon 9,Cape Canaveral,LEO,260.0,Starlink-4205 ,Success
2022-06-17,Falcon 9,Cape Canaveral,LEO,260.0,Starlink-4206 ,Success
2022-06-17,Falcon 9,Cape Canaveral,LEO,260.0,Starlink-4207 ,Success
2022-06-17,Falcon 9,Cape Canaveral,LEO,260.0,Starlink-4208 ,Success
2022-06-17,Falcon 9,Cape Canaveral,LEO,260.0,Starlink-4209 ,Success
2022-06-17,Falcon 9,Cape Canaveral,LEO,260.0,Starlink-4210 ,Success
2022-06-17,Falcon 9,Cape Canaveral,LEO,260.0,Starlink-4211 ,Success
2022-06-17,Falcon 9,Cape Canaveral,LEO,260.0,Starlink-4212 ,Success
2022-06-17,Falcon 9,Cape Canaveral,LEO,260.0,Starlink-4213 ,Success
2022-06-17,Falcon 9,Cape Canaveral,LEO,260.0,Starlink-4214 ,Failure
2022-07-07,Falcon 9,Cape Canaveral,LEO,260.0,Starlink-4215 ,Success
2022-07-07,Falcon 9,Cape Canaveral,LEO,260.0,Starlink-4216  ,Success
2022-07-07,Falcon 9,Cape Canaveral,LEO,260.0,Starlink-4217 ,Failure
2022-07-07,Falcon 9,Cape Canaveral,LEO,260.0,Starlink-4218 ,Success
2022-07-11,Falcon 9,Cape Canaveral,LEO,260.0,Starlink-4251 ,Success
2022-07-11,Falcon 9,Cape Canaveral,LEO,260.0,Starlink-4252 ,Success
2022-07-07,Falcon 9,Cape Canaveral,LEO,260.0,Starlink-4253 ,Success
2022-07-07,Falcon 9,Cape Canaveral,LEO,260.0,Starlink-4254 ,Success
2022-07-07,Falcon 9,Cape Canaveral,LEO,260.0,Starlink-4255 ,Success
2022-07-07,Falcon 9,Cape Canaveral,LEO,260.0,Starlink-4256 ,Success
2022-07-17,Falcon 9,Cape Canaveral,LEO,260.0,Starlink-4257 ,Success
2022-07-17,Falcon 9,Cape Canaveral,LEO,260.0,Starlink-4258 ,Success
2022-07-07,Falcon 9,Cape Canaveral,LEO,260.0,Starlink-4259 ,Success
2022-07-07,Falcon 9,Cape Canaveral,LEO,260.0,Starlink-4260 ,Success
2022-06-17,Falcon 9,Cape Canaveral,LEO,260.0,Starlink-4261 ,Success
2022-07-07,Falcon 9,Cape Canaveral,LEO,260.0,Starlink-4262 ,Success
2022-07-07,Falcon 9,Cape Canaveral,LEO,260.0,Starlink-4263 ,Success
2022-07-07,Falcon 9,Cape Canaveral,LEO,260.0,Starlink-4264 ,Success
2022-07-07,Falcon 9,Cape Canaveral,LEO,260.0,Starlink-4265 ,Success
2022-06-17,Falcon 9,Cape Canaveral,LEO,260.0,Starlink-4266 ,Success
2022-06-17,Falcon 9,Cape Canaveral,LEO,260.0,Starlink-4267 ,Success
2022-07-17,Falcon 9,Cape Canaveral,LEO,260.0,Starlink-4268 ,Success
2022-07-07,Falcon 9,Cape Canaveral,LEO,260.0,Starlink-4269 ,Failure
2022-06-17,Falcon 9,Cape Canaveral,LEO,260.0,Starlink-4270 ,Success
2022-07-07,Falcon 9,Cape Canaveral,LEO,260.0,Starlink-4271 ,Success
2022-06-17,Falcon 9,Cape Canaveral,LEO,260.0,Starlink-4272 ,Success
2022-07-17,Falcon 9,Cape Canaveral,LEO,260.0,Starlink-4273 ,Success
2022-06-17,Falcon 9,Cape Canaveral,LEO,260.0,Starlink-4274 ,Failure
2022-07-07,Falcon 9,Cape Canaveral,LEO,260.0,Starlink-4275 ,Success
2022-07-17,Falcon 9,Cape Canaveral,LEO,260.0,Starlink-4276 ,Success
2022-07-07,Falcon 9,Cape Canaveral,LEO,260.0,Starlink-4277 ,Success
2022-07-17,Falcon 9,Cape Canaveral,LEO,260.0,Starlink-4278 ,Success
2022-07-07,Falcon 9,Cape Canaveral,LEO,260.0,Starlink-4279 ,Success
2022-07-17,Falcon 9,Cape Canaveral,LEO,260.0,Starlink-4280 ,Success
2022-07-07,Falcon 9,Cape Canaveral,LEO,260.0,Starlink-4281 ,Failure
2022-07-07,Falcon 9,Cape Canaveral,LEO,260.0,Starlink-4282 ,Success
2022-07-07,Falcon 9,Cape Canaveral,LEO,260.0,Starlink-4283 ,Success
2022-07-07,Falcon 9,Cape Canaveral,LEO,260.0,Starlink-4284 ,Success
2022-07-07,Falcon 9,Cape Canaveral,LEO,260.0,Starlink-4285 ,Success
2022-07-07,Falcon 9,Cape Canaveral,LEO,260.0,Starlink-4286 ,Success
2022-07-07,Falcon 9,Cape Canaveral,LEO,260.0,Starlink-4287 ,Success
2022-07-07,Falcon 9,Cape Canaveral,LEO,260.0,Starlink-4289 ,Success
2022-07-07,Falcon 9,Cape Canaveral,LEO,260.0,Starlink-4290 ,Failure
2022-07-07,Falcon 9,Cape Canaveral,LEO,260.0,Starlink-4291 ,Success
2022-07-17,Falcon 9,Cape Canaveral,LEO,260.0,Starlink-4292 ,Success
2022-07-07,Falcon 9,Cape Canaveral,LEO,260.0,Starlink-4293 ,Success
2022-07-17,Falcon 9,Cape Canaveral,LEO,260.0,Starlink-4294 ,Success
2022-07-07,Falcon 9,Cape Canaveral,LEO,260.0,Starlink-4295 ,Success
2022-07-07,Falcon 9,Cape Canaveral,LEO,260.0,Starlink-4296 ,Failure
2022-08-19,Falcon 9,Cape Canaveral,LEO,260.0,Starlink-4297,Success
2022-07-17,Falcon 9,Cape Canaveral,LEO,260.0,Starlink-4298 ,Success
2022-07-17,Falcon 9,Cape Canaveral,LEO,260.0,Starlink-4299 ,Success
2022-07-17,Falcon 9,Cape Canaveral,LEO,260.0,Starlink-4300 ,Success
2022-07-07,Falcon 9,Cape Canaveral,LEO,260.0,Starlink-4301 ,Success
2022-08-12,Falcon 9,Vandenberg AFB,LEO,260.0,Starlink-4302,Success
2022-08-19,Falcon 9,Cape Canaveral,LEO,260.0,Starlink-4303,Success
2022-08-10,Falcon 9,Cape Canaveral,LEO,260.0,Starlink-4304 ,Success
2022-07-11,Falcon 9,Cape Canaveral,LEO,260.0,Starlink-4305 ,Success
2022-07-11,Falcon 9,Cape Canaveral,LEO,260.0,Starlink-4306 ,Success
2022-07-11,Falcon 9,Cape Canaveral,LEO,260.0,Starlink-4307 ,Success
2022-07-11,Falcon 9,Cape Canaveral,LEO,260.0,Starlink-4308 ,Success
2022-07-11,Falcon 9,Cape Canaveral,LEO,260.0,Starlink-4309 ,Success
2022-07-11,Falcon 9,Cape Canaveral,LEO,260.0,Starlink-4310 ,Failure
2022-07-11,Falcon 9,Cape Canaveral,LEO,260.0,Starlink-4311 ,Success
2022-07-11,Falcon 9,Cape Canaveral,LEO,260.0,Starlink-4312 ,Success
2022-07-11,Falcon 9,Cape Canaveral,LEO,260.0,Starlink-4313 ,Success
2022-07-11,Falcon 9,Cape Canaveral,LEO,260.0,Starlink-4314 ,Success
2022-07-11,Falcon 9,Cape Canaveral,LEO,260.0,Starlink-4315 ,Success
2022-08-12,Falcon 9,Vandenberg AFB,LEO,260.0,Starlink-4316,Success
2022-07-11,Falcon 9,Cape Canaveral,LEO,260.0,Starlink-4317 ,Success
2022-07-11,Falcon 9,Cape Canaveral,LEO,260.0,Starlink-4318 ,Failure
2022-07-11,Falcon 9,Cape Canaveral,LEO,260.0,Starlink-4319 ,Success
2022-07-11,Falcon 9,Cape Canaveral,LEO,260.0,Starlink-4320 ,Success
2022-07-11,Falcon 9,Cape Canaveral,LEO,260.0,Starlink-4321 ,Success
2022-07-11,Falcon 9,Cape Canaveral,LEO,260.0,Starlink-4322 ,Success
2022-07-11,Falcon 9,Cape Canaveral,LEO,260.0,Starlink-4323 ,Success
2022-07-11,Falcon 9,Cape Canaveral,LEO,260.0,Starlink-4324 ,Success
2022-07-11,Falcon 9,Cape Canaveral,LEO,260.0,Starlink-4325 ,Success
2022-07-11,Falcon 9,Cape Canaveral,LEO,260.0,Starlink-4326 ,Failure
2022-07-11,Falcon 9,Cape Canaveral,LEO,260.0,Starlink-4327 ,Success
2022-07-11,Falcon 9,Cape Canaveral,LEO,260.0,Starlink-4328 ,Success
2022-07-11,Falcon 9,Cape Canaveral,LEO,260.0,Starlink-4329 ,Success
2022-07-11,Falcon 9,Cape Canaveral,LEO,260.0,Starlink-4330 ,Success
2022-07-11,Falcon 9,Cape Canaveral,LEO,260.0,Starlink-4331 ,Success
2022-07-22,Falcon 9,Vandenberg AFB,LEO,260.0,Starlink-4332 ,Success
2022-07-11,Falcon 9,Cape Canaveral,LEO,260.0,Starlink-4333 ,Success
2022-08-31,Falcon 9,Vandenberg AFB,LEO,260.0,Starlink-4334,Success
2022-07-22,Falcon 9,Vandenberg AFB,LEO,260.0,Starlink-4335 ,Success
2022-07-11,Falcon 9,Cape Canaveral,LEO,260.0,Starlink-4336 ,Success
2022-07-11,Falcon 9,Cape Canaveral,LEO,260.0,Starlink-4337 ,Success
2022-07-11,Falcon 9,Cape Canaveral,LEO,260.0,Starlink-4338 ,Success
2022-07-11,Falcon 9,Cape Canaveral,LEO,260.0,Starlink-4339 ,Success
2022-08-12,Falcon 9,Vandenberg AFB,LEO,260.0,Starlink-4340,Success
2022-07-11,Falcon 9,Cape Canaveral,LEO,260.0,Starlink-4341 ,Success
2022-07-11,Falcon 9,Cape Canaveral,LEO,260.0,Starlink-4342 ,Success
2022-07-11,Falcon 9,Cape Canaveral,LEO,260.0,Starlink-4343 ,Success
2022-07-11,Falcon 9,Cape Canaveral,LEO,260.0,Starlink-4344 ,Success
2022-07-11,Falcon 9,Cape Canaveral,LEO,260.0,Starlink-4345 ,Success
2022-07-11,Falcon 9,Cape Canaveral,LEO,260.0,Starlink-4346 ,Success
2022-07-11,Falcon 9,Cape Canaveral,LEO,260.0,Starlink-4347 ,Success
2022-07-11,Falcon 9,Cape Canaveral,LEO,260.0,Starlink-4348 ,Success
2022-07-11,Falcon 9,Cape Canaveral,LEO,260.0,Starlink-4349 ,Success
2022-07-11,Falcon 9,Cape Canaveral,LEO,260.0,Starlink-4350 ,Success
2022-07-22,Falcon 9,Vandenberg AFB,LEO,260.0,Starlink-4351 ,Success
2022-07-11,Falcon 9,Cape Canaveral,LEO,260.0,Starlink-4352 ,Success
2022-07-22,Falcon 9,Vandenberg AFB,LEO,260.0,Starlink-4353 ,Success
2022-07-22,Falcon 9,Vandenberg AFB,LEO,260.0,Starlink-4354 ,Success
2022-07-11,Falcon 9,Cape Canaveral,LEO,260.0,Starlink-4355 ,Success
2022-07-22,Falcon 9,Vandenberg AFB,LEO,260.0,Starlink-4356 ,Success
2022-08-31,Falcon 9,Vandenberg AFB,LEO,260.0,Starlink-4357,Failure
2022-07-22,Falcon 9,Vandenberg AFB,LEO,260.0,Starlink-4358 ,Success
2022-07-22,Falcon 9,Vandenberg AFB,LEO,260.0,Starlink-4359  ,Success
2022-08-12,Falcon 9,Vandenberg AFB,LEO,260.0,Starlink-4360,Success
2022-08-12,Falcon 9,Vandenberg AFB,LEO,260.0,Starlink-4361,Failure
2022-07-11,Falcon 9,Cape Canaveral,LEO,260.0,Starlink-4362 ,Success
2022-07-22,Falcon 9,Vandenberg AFB,LEO,260.0,Starlink-4363 ,Success
2022-07-22,Falcon 9,Vandenberg AFB,LEO,260.0,Starlink-4364 ,Success
2022-07-22,Falcon 9,Vandenberg AFB,LEO,260.0,Starlink-4365 ,Success
2022-07-22,Falcon 9,Vandenberg AFB,LEO,260.0,Starlink-4366 ,Success
2022-07-22,Falcon 9,Vandenberg AFB,LEO,260.0,Starlink-4367 ,Success
2022-07-22,Falcon 9,Vandenberg AFB,LEO,260.0,Starlink-4368 ,Success
2022-07-22,Falcon 9,Vandenberg AFB,LEO,260.0,Starlink-4369 ,Success
2022-07-22,Falcon 9,Vandenberg AFB,LEO,260.0,Starlink-4370 ,Success
2022-07-22,Falcon 9,Vandenberg AFB,LEO,260.0,Starlink-4371 ,Success
2022-07-22,Falcon 9,Vandenberg AFB,LEO,260.0,Starlink-4372 ,Failure
2022-07-22,Falcon 9,Vandenberg AFB,LEO,260.0,Starlink-4373 ,Success
2022-08-31,Falcon 9,Vandenberg AFB,LEO,260.0,Starlink-4374,Success
2022-07-22,Falcon 9,Vandenberg AFB,LEO,260.0,Starlink-4375 ,Success
2022-07-22,Falcon 9,Vandenberg AFB,LEO,260.0,Starlink-4376 ,Success
2022-07-22,Falcon 9,Vandenberg AFB,LEO,260.0,Starlink-4377 ,Failure
2022-08-12,Falcon 9,Vandenberg AFB,LEO,260.0,Starlink-4378,Success
2022-07-22,Falcon 9,Vandenberg AFB,LEO,260.0,Starlink-4379 ,Success
2022-08-31,Falcon 9,Vandenberg AFB,LEO,260.0,Starlink-4380,Success
2022-07-22,Falcon 9,Vandenberg AFB,LEO,260.0,Starlink-4381 ,Success
2022-07-22,Falcon 9,Vandenberg AFB,LEO,260.0,Starlink-4382 ,Success
2022-08-12,Falcon 9,Vandenberg AFB,LEO,260.0,Starlink-4383,Success
2022-07-22,Falcon 9,Vandenberg AFB,LEO,260.0,Starlink-4384 ,Success
2022-07-22,Falcon 9,Vandenberg AFB,LEO,260.0,Starlink-4385 ,Success
2022-08-31,Falcon 9,Vandenberg AFB,LEO,260.0,Starlink-4386,Success
2022-08-12,Falcon 9,Vandenberg AFB,LEO,260.0,Starlink-4387,Success
2022-08-31,Falcon 9,Vandenberg AFB,LEO,260.0,Starlink-4388,Success
2022-08-12,Falcon 9,Vandenberg AFB,LEO,260.0,Starlink-4389,Success
2022-08-31,Falcon 9,Vandenberg AFB,LEO,260.0,Starlink-4390,Success
2022-07-22,Falcon 9,Vandenberg AFB,LEO,260.0,Starlink-4391 ,Success
2022-08-12,Falcon 9,Vandenberg AFB,LEO,260.0,Starlink-4392,Success
2022-08-12,Falcon 9,Vandenberg AFB,LEO,260.0,Starlink-4393,Success
2022-08-12,Falcon 9,Vandenberg AFB,LEO,260.0,Starlink-4394,Success
2022-07-22,Falcon 9,Vandenberg AFB,LEO,260.0,Starlink-4395 ,Success
2022-08-28,Falcon 9,Cape Canaveral,LEO,260.0,Starlink-4396,Success
2022-07-22,Falcon 9,Vandenberg AFB,LEO,260.0,Starlink-4397 ,Success
2022-08-12,Falcon 9,Vandenberg AFB,LEO,260.0,Starlink-4398,Failure
2022-08-12,Falcon 9,Vandenberg AFB,LEO,260.0,Starlink-4399,Failure
2022-08-12,Falcon 9,Vandenberg AFB,LEO,260.0,Starlink-4400,Success
2022-08-12,Falcon 9,Vandenberg AFB,LEO,260.0,Starlink-4401,Success
2022-08-12,Falcon 9,Vandenberg AFB,LEO,260.0,Starlink-4402,Success
2022-07-22,Falcon 9,Vandenberg AFB,LEO,260.0,Starlink-4403 ,Success
2022-07-22,Falcon 9,Vandenberg AFB,LEO,260.0,Starlink-4404 ,Success
2022-07-22,Falcon 9,Vandenberg AFB,LEO,260.0,Starlink-4405  ,Success
2022-08-31,Falcon 9,Vandenberg AFB,LEO,260.0,Starlink-4406,Success
2022-07-22,Falcon 9,Vandenberg AFB,LEO,260.0,Starlink-4407 ,Success
2022-07-22,Falcon 9,Vandenberg AFB,LEO,260.0,Starlink-4408 ,Success
2022-07-22,Falcon 9,Vandenberg AFB,LEO,260.0,Starlink-4409 ,Success
2022-07-22,Falcon 9,Vandenberg AFB,LEO,260.0,Starlink-4410 ,Success
2022-07-22,Falcon 9,Vandenberg AFB,LEO,260.0,Starlink-4411 ,Success
2022-08-12,Falcon 9,Vandenberg AFB,LEO,260.0,Starlink-4412,Success
2022-07-22,Falcon 9,Vandenberg AFB,LEO,260.0,Starlink-4413 ,Success
2022-07-22,Falcon 9,Vandenberg AFB,LEO,260.0,Starlink-4414 ,Success
2022-08-12,Falcon 9,Vandenberg AFB,LEO,260.0,Starlink-4415,Failure
2022-07-22,Falcon 9,Vandenberg AFB,LEO,260.0,Starlink-4416 ,Success
2022-07-22,Falcon 9,Vandenberg AFB,LEO,260.0,Starlink-4417 ,Success
2022-08-31,Falcon 9,Vandenberg AFB,LEO,260.0,Starlink-4418,Success
2022-07-22,Falcon 9,Vandenberg AFB,LEO,260.0,Starlink-4419 ,Success
2022-08-31,Falcon 9,Vandenberg AFB,LEO,260.0,Starlink-4420,Success
2022-08-12,Falcon 9,Vandenberg AFB,LEO,260.0,Starlink-4421,Success
2022-08-28,Falcon 9,Cape Canaveral,LEO,260.0,Starlink-4422,Success
2022-07-22,Falcon 9,Vandenberg AFB,LEO,260.0,Starlink-4423 ,Success
2022-08-31,Falcon 9,Vandenberg AFB,LEO,260.0,Starlink-4424,Success
2022-07-22,Falcon 9,Vandenberg AFB,LEO,260.0,Starlink-4425 ,Failure
2022-08-12,Falcon 9,Vandenberg AFB,LEO,260.0,Starlink-4426,Success
2022-07-22,Falcon 9,Vandenberg AFB,LEO,260.0,Starlink-4427 ,Success
2022-08-31,Falcon 9,Vandenberg AFB,LEO,260.0,Starlink-4428,Success
2022-08-12,Falcon 9,Vandenberg AFB,LEO,260.0,Starlink-4429,Success
2022-08-12,Falcon 9,Vandenberg AFB,LEO,260.0,Starlink-4430,Success
2022-08-12,Falcon 9,Vandenberg AFB,LEO,260.0,Starlink-4431,Failure
2022-08-12,Falcon 9,Vandenberg AFB,LEO,260.0,Starlink-4432,Success
2022-08-12,Falcon 9,Vandenberg AFB,LEO,260.0,Starlink-4433,Success
2022-08-12,Falcon 9,Vandenberg AFB,LEO,260.0,Starlink-4434,Success
2022-08-12,Falcon 9,Vandenberg AFB,LEO,260.0,Starlink-4435,Success
2022-08-12,Falcon 9,Vandenberg AFB,LEO,260.0,Starlink-4436,Success
2022-08-12,Falcon 9,Vandenberg AFB,LEO,260.0,Starlink-4437,Success
2022-08-31,Falcon 9,Vandenberg AFB,LEO,260.0,Starlink-4438,Success
2022-08-12,Falcon 9,Vandenberg AFB,LEO,260.0,Starlink-4439,Success
2022-08-31,Falcon 9,Vandenberg AFB,LEO,260.0,Starlink-4440,Success
2022-08-12,Falcon 9,Vandenberg AFB,LEO,260.0,Starlink-4441,Success
2022-08-12,Falcon 9,Vandenberg AFB,LEO,260.0,Starlink-4442,Success
2022-08-12,Falcon 9,Vandenberg AFB,LEO,260.0,Starlink-4443,Success
2022-08-12,Falcon 9,Vandenberg AFB,LEO,260.0,Starlink-4444,Success
2022-08-12,Falcon 9,Vandenberg AFB,LEO,260.0,Starlink-4445,Success
2022-08-12,Falcon 9,Vandenberg AFB,LEO,260.0,Starlink-4446,Success
2022-08-12,Falcon 9,Vandenberg AFB,LEO,260.0,Starlink-4447,Success
2022-08-12,Falcon 9,Vandenberg AFB,LEO,260.0,Starlink-4448,Success
2022-08-31,Falcon 9,Vandenberg AFB,LEO,260.0,Starlink-4449,Success
2022-08-12,Falcon 9,Vandenberg AFB,LEO,260.0,Starlink-4450,Success
2022-08-12,Falcon 9,Vandenberg AFB,LEO,260.0,Starlink-4451,Failure
2022-08-31,Falcon 9,Vandenberg AFB,LEO,260.0,Starlink-4452,Success
2022-08-12,Falcon 9,Vandenberg AFB,LEO,260.0,Starlink-4453,Success
2022-08-12,Falcon 9,Vandenberg AFB,LEO,260.0,Starlink-4454,Success
2022-08-12,Falcon 9,Vandenberg AFB,LEO,260.0,Starlink-4455,Success
2022-08-31,Falcon 9,Vandenberg AFB,LEO,260.0,Starlink-4456,Success
2022-08-31,Falcon 9,Vandenberg AFB,LEO,260.0,Starlink-4457,Success
2022-08-31,Falcon 9,Vandenberg AFB,LEO,260.0,Starlink-4458,Success
2022-08-31,Falcon 9,Vandenberg AFB,LEO,260.0,Starlink-4459,Success
2022-08-12,Falcon 9,Vandenberg AFB,LEO,260.0,Starlink-4461,Success
2022-09-11,Falcon 9,Cape Canaveral,LEO,260.0,Starlink-4462 ,Success
2022-08-31,Falcon 9,Vandenberg AFB,LEO,260.0,Starlink-4463,Success
2022-08-31,Falcon 9,Vandenberg AFB,LEO,260.0,Starlink-4464,Success
2022-08-12,Falcon 9,Vandenberg AFB,LEO,260.0,Starlink-4465,Success
2022-08-31,Falcon 9,Vandenberg AFB,LEO,260.0,Starlink-4466,Success
2022-08-31,Falcon 9,Vandenberg AFB,LEO,260.0,Starlink-4467,Success
2022-10-04,Falcon 9,Vandenberg AFB,LEO,260.0,Starlink-4468 ,Failure
2022-08-31,Falcon 9,Vandenberg AFB,LEO,260.0,Starlink-4469,Success
2022-08-31,Falcon 9,Vandenberg AFB,LEO,260.0,Starlink-4470,Success
2022-08-31,Falcon 9,Vandenberg AFB,LEO,260.0,Starlink-4471,Success
2022-08-31,Falcon 9,Vandenberg AFB,LEO,260.0,Starlink-4472,Success
2022-08-31,Falcon 9,Vandenberg AFB,LEO,260.0,Starlink-4473,Success
2022-08-19,Falcon 9,Cape Canaveral,LEO,260.0,Starlink-4474,Success
2022-08-19,Falcon 9,Cape Canaveral,LEO,260.0,Starlink-4475,Success
2022-08-10,Falcon 9,Cape Canaveral,LEO,260.0,Starlink-4476 ,Success
2022-08-19,Falcon 9,Cape Canaveral,LEO,260.0,Starlink-4477,Success
2022-08-19,Falcon 9,Cape Canaveral,LEO,260.0,Starlink-4478,Failure
2022-08-10,Falcon 9,Cape Canaveral,LEO,260.0,Starlink-4479 ,Success
2022-08-10,Falcon 9,Cape Canaveral,LEO,260.0,Starlink-4480 ,Success
2022-08-10,Falcon 9,Cape Canaveral,LEO,260.0,Starlink-4481 ,Failure
2022-08-19,Falcon 9,Cape Canaveral,LEO,260.0,Starlink-4482,Success
2022-08-19,Falcon 9,Cape Canaveral,LEO,260.0,Starlink-4483,Success
2022-08-10,Falcon 9,Cape Canaveral,LEO,260.0,Starlink-4484 ,Failure
2022-08-19,Falcon 9,Cape Canaveral,LEO,260.0,Starlink-4485,Success
2022-08-19,Falcon 9,Cape Canaveral,LEO,260.0,Starlink-4486,Success
2022-08-19,Falcon 9,Cape Canaveral,LEO,260.0,Starlink-4487,Success
2022-08-19,Falcon 9,Cape Canaveral,LEO,260.0,Starlink-4488,Success
2022-08-19,Falcon 9,Cape Canaveral,LEO,260.0,Starlink-4489,Failure
2022-08-10,Falcon 9,Cape Canaveral,LEO,260.0,Starlink-4490 ,Success
2022-08-10,Falcon 9,Cape Canaveral,LEO,260.0,Starlink-4491 ,Success
2022-08-10,Falcon 9,Cape Canaveral,LEO,260.0,Starlink-4492 ,Success
2022-08-19,Falcon 9,Cape Canaveral,LEO,260.0,Starlink-4493,Success
2022-08-19,Falcon 9,Cape Canaveral,LEO,260.0,Starlink-4494,Success
2022-08-19,Falcon 9,Cape Canaveral,LEO,260.0,Starlink-4495,Success
2022-08-10,Falcon 9,Cape Canaveral,LEO,260.0,Starlink-4496 ,Success
2022-08-10,Falcon 9,Cape Canaveral,LEO,260.0,Starlink-4497 ,Success
2022-08-10,Falcon 9,Cape Canaveral,LEO,260.0,Starlink-4498 ,Success
2022-08-10,Falcon 9,Cape Canaveral,LEO,260.0,Starlink-4499 ,Success
2022-08-10,Falcon 9,Cape Canaveral,LEO,260.0,Starlink-4500 ,Success
2022-08-19,Falcon 9,Cape Canaveral,LEO,260.0,Starlink-4501,Success
2022-08-19,Falcon 9,Cape Canaveral,LEO,260.0,Starlink-4502,Success
2022-08-19,Falcon 9,Cape Canaveral,LEO,260.0,Starlink-4503,Success
2022-08-19,Falcon 9,Cape Canaveral,LEO,260.0,Starlink-4504,Success
2022-08-19,Falcon 9,Cape Canaveral,LEO,260.0,Starlink-4505,Success
2022-08-19,Falcon 9,Cape Canaveral,LEO,260.0,Starlink-4506,Success
2022-08-10,Falcon 9,Cape Canaveral,LEO,260.0,Starlink-4507 ,Success
2022-08-19,Falcon 9,Cape Canaveral,LEO,260.0,Starlink-4508,Failure
2022-08-10,Falcon 9,Cape Canaveral,LEO,260.0,Starlink-4509 ,Success
2022-08-10,Falcon 9,Cape Canaveral,LEO,260.0,Starlink-4510 ,Success
2022-08-19,Falcon 9,Cape Canaveral,LEO,260.0,Starlink-4511,Success
2022-08-10,Falcon 9,Cape Canaveral,LEO,260.0,Starlink-4512 ,Success
2022-08-19,Falcon 9,Cape Canaveral,LEO,260.0,Starlink-4513,Success
2022-08-19,Falcon 9,Cape Canaveral,LEO,260.0,Starlink-4514,Success
2022-08-10,Falcon 9,Cape Canaveral,LEO,260.0,Starlink-4515 ,Success
2022-08-19,Falcon 9,Cape Canaveral,LEO,260.0,Starlink-4516,Success
2022-08-10,Falcon 9,Cape Canaveral,LEO,260.0,Starlink-4517 ,Success
2022-08-19,Falcon 9,Cape Canaveral,LEO,260.0,Starlink-4518,Success
2022-08-10,Falcon 9,Cape Canaveral,LEO,260.0,Starlink-4519 ,Success
2022-08-10,Falcon 9,Cape Canaveral,LEO,260.0,Starlink-4520 ,Failure
2022-08-10,Falcon 9,Cape Canaveral,LEO,260.0,Starlink-4521 ,Success
2022-08-10,Falcon 9,Cape Canaveral,LEO,260.0,Starlink-4522 ,Success
2022-08-10,Falcon 9,Cape Canaveral,LEO,260.0,Starlink-4523 ,Success
2022-08-10,Falcon 9,Cape Canaveral,LEO,260.0,Starlink-4524 ,Success
2022-08-10,Falcon 9,Cape Canaveral,LEO,260.0,Starlink-4525 ,Success
2022-08-10,Falcon 9,Cape Canaveral,LEO,260.0,Starlink-4526 ,Success
2022-08-10,Falcon 9,Cape Canaveral,LEO,260.0,Starlink-4527 ,Success
2022-08-10,Falcon 9,Cape Canaveral,LEO,260.0,Starlink-4528 ,Failure
2022-08-10,Falcon 9,Cape Canaveral,LEO,260.0,Starlink-4529 ,Success
2022-08-10,Falcon 9,Cape Canaveral,LEO,260.0,Starlink-4530 ,Success
2022-08-10,Falcon 9,Cape Canaveral,LEO,260.0,Starlink-4531 ,Success
2022-08-10,Falcon 9,Cape Canaveral,LEO,260.0,Starlink-4532 ,Success
2022-08-10,Falcon 9,Cape Canaveral,LEO,260.0,Starlink-4533 ,Success
2022-08-10,Falcon 9,Cape Canaveral,LEO,260.0,Starlink-4534 ,Success
2022-08-10,Falcon 9,Cape Canaveral,LEO,260.0,Starlink-4535 ,Success
2022-09-11,Falcon 9,Cape Canaveral,LEO,260.0,Starlink-4536 ,Success
2022-08-10,Falcon 9,Cape Canaveral,LEO,260.0,Starlink-4537 ,Failure
2022-08-10,Falcon 9,Cape Canaveral,LEO,260.0,Starlink-4538 ,Failure
2022-08-10,Falcon 9,Cape Canaveral,LEO,260.0,Starlink-4539 ,Success
2022-08-10,Falcon 9,Cape Canaveral,LEO,260.0,Starlink-4540 ,Success
2022-08-10,Falcon 9,Cape Canaveral,LEO,260.0,Starlink-4541 ,Success
2022-08-10,Falcon 9,Cape Canaveral,LEO,260.0,Starlink-4542 ,Success
2022-08-10,Falcon 9,Cape Canaveral,LEO,260.0,Starlink-4543 ,Success
2022-08-10,Falcon 9,Cape Canaveral,LEO,260.0,Starlink-4544 ,Success
2022-08-10,Falcon 9,Cape Canaveral,LEO,260.0,Starlink-4545 ,Failure
2022-08-10,Falcon 9,Cape Canaveral,LEO,260.0,Starlink-4546 ,Failure
2022-08-19,Falcon 9,Cape Canaveral,LEO,260.0,Starlink-4547,Success
2022-08-10,Falcon 9,Cape Canaveral,LEO,260.0,Starlink-4548 ,Success
2022-08-10,Falcon 9,Cape Canaveral,LEO,260.0,Starlink-4549 ,Failure
2022-08-19,Falcon 9,Cape Canaveral,LEO,260.0,Starlink-4550,Success
2022-08-19,Falcon 9,Cape Canaveral,LEO,260.0,Starlink-4551,Success
2022-08-10,Falcon 9,Cape Canaveral,LEO,260.0,Starlink-4552 ,Failure
2022-08-19,Falcon 9,Cape Canaveral,LEO,260.0,Starlink-4553,Success
2022-08-28,Falcon 9,Cape Canaveral,LEO,260.0,Starlink-4554,Success
2022-08-19,Falcon 9,Cape Canaveral,LEO,260.0,Starlink-4555,Success
2022-08-19,Falcon 9,Cape Canaveral,LEO,260.0,Starlink-4556,Success
2022-08-10,Falcon 9,Cape Canaveral,LEO,260.0,Starlink-4557 ,Success
2022-08-10,Falcon 9,Cape Canaveral,LEO,260.0,Starlink-4558 ,Success
2022-08-19,Falcon 9,Cape Canaveral,LEO,260.0,Starlink-4559,Success
2022-08-31,Falcon 9,Vandenberg AFB,LEO,260.0,Starlink-4560,Success
2022-08-19,Falcon 9,Cape Canaveral,LEO,260.0,Starlink-4561,Success
2022-08-31,Falcon 9,Vandenberg AFB,LEO,260.0,Starlink-4562,Success
2022-08-19,Falcon 9,Cape Canaveral,LEO,260.0,Starlink-4564,Success
2022-08-19,Falcon 9,Cape Canaveral,LEO,260.0,Starlink-4565,Success
2022-08-31,Falcon 9,Vandenberg AFB,LEO,260.0,Starlink-4566,Success
2022-10-04,Falcon 9,Vandenberg AFB,LEO,260.0,Starlink-4567 ,Success
2022-08-28,Falcon 9,Cape Canaveral,LEO,260.0,Starlink-4568,Success
2022-08-31,Falcon 9,Vandenberg AFB,LEO,260.0,Starlink-4569,Success
2022-08-31,Falcon 9,Vandenberg AFB,LEO,260.0,Starlink-4571,Success
2022-08-31,Falcon 9,Vandenberg AFB,LEO,260.0,Starlink-4572,Success
2022-08-28,Falcon 9,Cape Canaveral,LEO,260.0,Starlink-4573,Success
2022-09-05,Falcon 9,Cape Canaveral,LEO,260.0,Starlink-4574 ,Failure
2022-08-19,Falcon 9,Cape Canaveral,LEO,260.0,Starlink-4575,Success
2022-08-19,Falcon 9,Cape Canaveral,LEO,260.0,Starlink-4576,Failure
2022-08-19,Falcon 9,Cape Canaveral,LEO,260.0,Starlink-4577,Failure
2022-10-04,Falcon 9,Vandenberg AFB,LEO,260.0,Starlink-4578 ,Success
2022-08-31,Falcon 9,Vandenberg AFB,LEO,260.0,Starlink-4579,Success
2022-08-19,Falcon 9,Cape Canaveral,LEO,260.0,Starlink-4580,Success
2022-08-19,Falcon 9,Cape Canaveral,LEO,260.0,Starlink-4581,Success
2022-08-19,Falcon 9,Cape Canaveral,LEO,260.0,Starlink-4582,Success
2022-08-19,Falcon 9,Cape Canaveral,LEO,260.0,Starlink-4583,Success
2022-08-19,Falcon 9,Cape Canaveral,LEO,260.0,Starlink-4584,Success
2022-08-19,Falcon 9,Cape Canaveral,LEO,260.0,Starlink-4585,Success
2022-08-28,Falcon 9,Cape Canaveral,LEO,260.0,Starlink-4586,Success
2022-08-28,Falcon 9,Cape Canaveral,LEO,260.0,Starlink-4587,Success
2022-08-28,Falcon 9,Cape Canaveral,LEO,260.0,Starlink-4588,Success
2022-09-05,Falcon 9,Cape Canaveral,LEO,260.0,Starlink-4589 ,Success
2022-08-28,Falcon 9,Cape Canaveral,LEO,260.0,Starlink-4590,Success
2022-08-28,Falcon 9,Cape Canaveral,LEO,260.0,Starlink-4591,Success
2022-08-28,Falcon 9,Cape Canaveral,LEO,260.0,Starlink-4592,Success
2022-08-28,Falcon 9,Cape Canaveral,LEO,260.0,Starlink-4593,Failure
2022-08-28,Falcon 9,Cape Canaveral,LEO,260.0,Starlink-4594,Failure
2022-08-28,Falcon 9,Cape Canaveral,LEO,260.0,Starlink-4595,Success
2022-08-28,Falcon 9,Cape Canaveral,LEO,260.0,Starlink-4596,Success
2022-08-28,Falcon 9,Cape Canaveral,LEO,260.0,Starlink-4597,Success
2022-08-28,Falcon 9,Cape Canaveral,LEO,260.0,Starlink-4598,Failure
2022-08-28,Falcon 9,Cape Canaveral,LEO,260.0,Starlink-4599,Success
2022-08-28,Falcon 9,Cape Canaveral,LEO,260.0,Starlink-4600,Success
2022-08-28,Falcon 9,Cape Canaveral,LEO,260.0,Starlink-4601,Failure
2022-08-28,Falcon 9,Cape Canaveral,LEO,260.0,Starlink-4602,Success
2022-08-28,Falcon 9,Cape Canaveral,LEO,260.0,Starlink-4603,Failure
2022-08-28,Falcon 9,Cape Canaveral,LEO,260.0,Starlink-4604,Success
2022-08-28,Falcon 9,Cape Canaveral,LEO,260.0,Starlink-4605,Success
2022-08-28,Falcon 9,Cape Canaveral,LEO,260.0,Starlink-4606,Success
2022-09-05,Falcon 9,Cape Canaveral,LEO,260.0,Starlink-4607 ,Success
2022-08-28,Falcon 9,Cape Canaveral,LEO,260.0,Starlink-4608,Failure
2022-08-28,Falcon 9,Cape Canaveral,LEO,260.0,Starlink-4609,Failure
2022-08-28,Falcon 9,Cape Canaveral,LEO,260.0,Starlink-4610,Success
2022-09-05,Falcon 9,Cape Canaveral,LEO,260.0,Starlink-4612 ,Success
2022-09-05,Falcon 9,Cape Canaveral,LEO,260.0,Starlink-4614 ,Success
2022-08-28,Falcon 9,Cape Canaveral,LEO,260.0,Starlink-4615,Success
2022-09-05,Falcon 9,Cape Canaveral,LEO,260.0,Starlink-4616 ,Success
2022-08-31,Falcon 9,Vandenberg AFB,LEO,260.0,Starlink-4617,Success
2022-09-05,Falcon 9,Cape Canaveral,LEO,260.0,Starlink-4618 ,Success
2022-10-28,Falcon 9,Vandenberg AFB,LEO,260.0,Starlink-4619 ,Success
2022-08-31,Falcon 9,Vandenberg AFB,LEO,260.0,Starlink-4620,Success
2022-08-31,Falcon 9,Vandenberg AFB,LEO,260.0,Starlink-4621,Success
2022-08-31,Falcon 9,Vandenberg AFB,LEO,260.0,Starlink-4622,Success
2023-01-19,Falcon 9,Vandenberg AFB,LEO,290.0,Starlink-4623                ,Success
2022-08-31,Falcon 9,Vandenberg AFB,LEO,260.0,Starlink-4624,Success
2022-08-31,Falcon 9,Vandenberg AFB,LEO,260.0,Starlink-4625,Success
2022-08-31,Falcon 9,Vandenberg AFB,LEO,260.0,Starlink-4626,Success
2022-09-05,Falcon 9,Cape Canaveral,LEO,260.0,Starlink-4627,Success
2022-10-04,Falcon 9,Vandenberg AFB,LEO,260.0,Starlink-4629 ,Success
2022-08-31,Falcon 9,Vandenberg AFB,LEO,260.0,Starlink-4630,Failure
2022-09-11,Falcon 9,Cape Canaveral,LEO,260.0,Starlink-4631 ,Success
2022-08-31,Falcon 9,Vandenberg AFB,LEO,260.0,Starlink-4632,Success
2022-10-04,Falcon 9,Vandenberg AFB,LEO,260.0,Starlink-4633 ,Success
2022-10-04,Falcon 9,Vandenberg AFB,LEO,260.0,Starlink-4634 ,Success
2022-10-04,Falcon 9,Vandenberg AFB,LEO,260.0,Starlink-4635 ,Success
2022-09-05,Falcon 9,Cape Canaveral,LEO,260.0,Starlink-4636 ,Success
2022-09-05,Falcon 9,Cape Canaveral,LEO,260.0,Starlink-4637 ,Success
2022-10-04,Falcon 9,Vandenberg AFB,LEO,260.0,Starlink-4639 ,Success
2022-09-05,Falcon 9,Cape Canaveral,LEO,260.0,Starlink-4640 ,Failure
2022-09-05,Falcon 9,Cape Canaveral,LEO,260.0,Starlink-4641 ,Success
2022-09-05,Falcon 9,Cape Canaveral,LEO,260.0,Starlink-4642 ,Success
2022-12-28,Falcon 9,Cape Canaveral,LEO,260.0,Starlink-4643 ,Success
2022-09-05,Falcon 9,Cape Canaveral,LEO,260.0,Starlink-4644 ,Success
2022-09-05,Falcon 9,Cape Canaveral,LEO,260.0,Starlink-4645 ,Success
2022-09-05,Falcon 9,Cape Canaveral,LEO,260.0,Starlink-4646 ,Success
2022-08-28,Falcon 9,Cape Canaveral,LEO,260.0,Starlink-4647,Success
2022-08-28,Falcon 9,Cape Canaveral,LEO,260.0,Starlink-4648,Success
2022-09-19,Falcon 9,Cape Canaveral,LEO,260.0,Starlink-4649 ,Success
2022-08-28,Falcon 9,Cape Canaveral,LEO,260.0,Starlink-4650,Success
2022-09-05,Falcon 9,Cape Canaveral,LEO,260.0,Starlink-4651 ,Success
2022-09-05,Falcon 9,Cape Canaveral,LEO,260.0,Starlink-4652 ,Success
2022-08-28,Falcon 9,Cape Canaveral,LEO,260.0,Starlink-4653,Success
2022-08-28,Falcon 9,Cape Canaveral,LEO,260.0,Starlink-4654,Success
2022-08-28,Falcon 9,Cape Canaveral,LEO,260.0,Starlink-4655,Success
2022-09-05,Falcon 9,Cape Canaveral,LEO,260.0,Starlink-4656 ,Success
2022-08-28,Falcon 9,Cape Canaveral,LEO,260.0,Starlink-4658,Success
2022-12-28,Falcon 9,Cape Canaveral,LEO,260.0,Starlink-4659 ,Success
2022-08-28,Falcon 9,Cape Canaveral,LEO,260.0,Starlink-4660,Success
2022-09-05,Falcon 9,Cape Canaveral,LEO,260.0,Starlink-4661 ,Success
2022-09-05,Falcon 9,Cape Canaveral,LEO,260.0,Starlink-4662 ,Success
2022-09-05,Falcon 9,Cape Canaveral,LEO,260.0,Starlink-4663 ,Success
2022-09-11,Falcon 9,Cape Canaveral,LEO,260.0,Starlink-4664 ,Success
2022-09-11,Falcon 9,Cape Canaveral,LEO,260.0,Starlink-4666 ,Success
2022-09-05,Falcon 9,Cape Canaveral,LEO,260.0,Starlink-4667,Success
2022-08-28,Falcon 9,Cape Canaveral,LEO,260.0,Starlink-4668,Success
2022-09-05,Falcon 9,Cape Canaveral,LEO,260.0,Starlink-4669 ,Success
2022-08-31,Falcon 9,Vandenberg AFB,LEO,260.0,Starlink-4670,Success
2022-09-05,Falcon 9,Cape Canaveral,LEO,260.0,Starlink-4670 ,Success
2022-08-28,Falcon 9,Cape Canaveral,LEO,260.0,Starlink-4671,Success
2022-08-28,Falcon 9,Cape Canaveral,LEO,260.0,Starlink-4672,Success
2022-08-28,Falcon 9,Cape Canaveral,LEO,260.0,Starlink-4673,Success
2022-08-28,Falcon 9,Cape Canaveral,LEO,260.0,Starlink-4674,Failure
2022-08-28,Falcon 9,Cape Canaveral,LEO,260.0,Starlink-4675,Success
2022-08-28,Falcon 9,Cape Canaveral,LEO,260.0,Starlink-4676,Success
2022-08-28,Falcon 9,Cape Canaveral,LEO,260.0,Starlink-4677,Failure
2022-09-11,Falcon 9,Cape Canaveral,LEO,260.0,Starlink-4678 ,Success
2022-09-11,Falcon 9,Cape Canaveral,LEO,260.0,Starlink-4679 ,Success
2022-09-05,Falcon 9,Cape Canaveral,LEO,260.0,Starlink-4680 ,Success
2022-08-28,Falcon 9,Cape Canaveral,LEO,260.0,Starlink-4681,Success
2022-08-28,Falcon 9,Cape Canaveral,LEO,260.0,Starlink-4682,Success
2022-09-05,Falcon 9,Cape Canaveral,LEO,260.0,Starlink-4683,Success
2022-08-28,Falcon 9,Cape Canaveral,LEO,260.0,Starlink-4684,Success
2022-09-05,Falcon 9,Cape Canaveral,LEO,260.0,Starlink-4685,Success
2022-09-05,Falcon 9,Cape Canaveral,LEO,260.0,Starlink-4686,Success
2022-09-11,Falcon 9,Cape Canaveral,LEO,260.0,Starlink-4687 ,Success
2022-09-05,Falcon 9,Cape Canaveral,LEO,260.0,Starlink-4688,Success
2022-08-28,Falcon 9,Cape Canaveral,LEO,260.0,Starlink-4689,Success
2022-08-28,Falcon 9,Cape Canaveral,LEO,260.0,Starlink-4690,Success
2022-08-28,Falcon 9,Cape Canaveral,LEO,260.0,Starlink-4691,Success
2022-08-28,Falcon 9,Cape Canaveral,LEO,260.0,Starlink-4692,Success
2022-08-28,Falcon 9,Cape Canaveral,LEO,260.0,Starlink-4693,Success
2022-09-05,Falcon 9,Cape Canaveral,LEO,260.0,Starlink-4694,Success
2022-09-05,Falcon 9,Cape Canaveral,LEO,260.0,Starlink-4695 ,Success
2022-09-05,Falcon 9,Cape Canaveral,LEO,260.0,Starlink-4697 ,Failure
2022-09-05,Falcon 9,Cape Canaveral,LEO,260.0,Starlink-4698,Success
2022-09-05,Falcon 9,Cape Canaveral,LEO,260.0,Starlink-4699 ,Success
2022-09-05,Falcon 9,Cape Canaveral,LEO,260.0,Starlink-4700 ,Success
2022-09-05,Falcon 9,Cape Canaveral,LEO,260.0,Starlink-4701 ,Failure
2022-09-19,Falcon 9,Cape Canaveral,LEO,260.0,Starlink-4703 ,Success
2022-09-05,Falcon 9,Cape Canaveral,LEO,260.0,Starlink-4705 ,Success
2022-09-11,Falcon 9,Cape Canaveral,LEO,260.0,Starlink-4706 ,Success
2022-09-05,Falcon 9,Cape Canaveral,LEO,260.0,Starlink-4707 ,Success
2022-09-11,Falcon 9,Cape Canaveral,LEO,260.0,Starlink-4708 ,Success
2022-09-11,Falcon 9,Cape Canaveral,LEO,260.0,Starlink-4709 ,Success
2022-09-11,Falcon 9,Cape Canaveral,LEO,260.0,Starlink-4710 ,Success
2022-09-05,Falcon 9,Cape Canaveral,LEO,260.0,Starlink-4711,Failure
2022-09-11,Falcon 9,Cape Canaveral,LEO,260.0,Starlink-4712 ,Success
2022-09-05,Falcon 9,Cape Canaveral,LEO,260.0,Starlink-4714,Success
2022-09-11,Falcon 9,Cape Canaveral,LEO,260.0,Starlink-4715 ,Success
2022-09-05,Falcon 9,Cape Canaveral,LEO,260.0,Starlink-4716,Failure
2022-09-05,Falcon 9,Cape Canaveral,LEO,260.0,Starlink-4717,Success
2022-09-11,Falcon 9,Cape Canaveral,LEO,260.0,Starlink-4718 ,Success
2022-09-11,Falcon 9,Cape Canaveral,LEO,260.0,Starlink-4719 ,Success
2022-09-11,Falcon 9,Cape Canaveral,LEO,260.0,Starlink-4720 ,Success
2022-09-11,Falcon 9,Cape Canaveral,LEO,260.0,Starlink-4721 ,Success
2022-09-11,Falcon 9,Cape Canaveral,LEO,260.0,Starlink-4722 ,Success
2022-09-11,Falcon 9,Cape Canaveral,LEO,260.0,Starlink-4723 ,Success
2022-09-05,Falcon 9,Cape Canaveral,LEO,260.0,Starlink-4724,Success
2022-09-05,Falcon 9,Cape Canaveral,LEO,260.0,Starlink-4725,Success
2022-09-11,Falcon 9,Cape Canaveral,LEO,260.0,Starlink-4726 ,Success
2022-09-11,Falcon 9,Cape Canaveral,LEO,260.0,Starlink-4727 ,Success
2022-09-11,Falcon 9,Cape Canaveral,LEO,260.0,Starlink-4728 ,Success
2022-09-11,Falcon 9,Cape Canaveral,LEO,260.0,Starlink-4729 ,Success
2022-09-11,Falcon 9,Cape Canaveral,LEO,260.0,Starlink-4730 ,Success
2022-09-05,Falcon 9,Cape Canaveral,LEO,260.0,Starlink-4731,Success
2022-09-19,Falcon 9,Cape Canaveral,LEO,260.0,Starlink-4732 ,Success
2022-09-11,Falcon 9,Cape Canaveral,LEO,260.0,Starlink-4734 ,Success
2022-09-19,Falcon 9,Cape Canaveral,LEO,260.0,Starlink-4737 ,Success
2022-09-19,Falcon 9,Cape Canaveral,LEO,260.0,Starlink-4738 ,Success
2022-09-11,Falcon 9,Cape Canaveral,LEO,260.0,Starlink-4739 ,Success
2022-09-19,Falcon 9,Cape Canaveral,LEO,260.0,Starlink-4740 ,Success
2022-09-11,Falcon 9,Cape Canaveral,LEO,260.0,Starlink-4742 ,Success
2022-09-11,Falcon 9,Cape Canaveral,LEO,260.0,Starlink-4743 ,Success
2022-09-19,Falcon 9,Cape Canaveral,LEO,260.0,Starlink-4745 ,Success
2022-09-19,Falcon 9,Cape Canaveral,LEO,260.0,Starlink-4746 ,Success
2022-09-19,Falcon 9,Cape Canaveral,LEO,260.0,Starlink-4747 ,Success
2022-09-19,Falcon 9,Cape Canaveral,LEO,260.0,Starlink-4748 ,Success
2022-09-19,Falcon 9,Cape Canaveral,LEO,260.0,Starlink-4749 ,Success
2022-09-19,Falcon 9,Cape Canaveral,LEO,260.0,Starlink-4750 ,Success
2022-09-19,Falcon 9,Cape Canaveral,LEO,260.0,Starlink-4751 ,Success
2022-09-19,Falcon 9,Cape Canaveral,LEO,260.0,Starlink-4752 ,Success
2022-09-19,Falcon 9,Cape Canaveral,LEO,260.0,Starlink-4753 ,Success
2022-09-19,Falcon 9,Cape Canaveral,LEO,260.0,Starlink-4754 ,Success
2022-09-19,Falcon 9,Cape Canaveral,LEO,260.0,Starlink-4755 ,Success
2022-09-19,Falcon 9,Cape Canaveral,LEO,260.0,Starlink-4756 ,Success
2022-09-19,Falcon 9,Cape Canaveral,LEO,260.0,Starlink-4757 ,Success
2022-09-19,Falcon 9,Cape Canaveral,LEO,260.0,Starlink-4758 ,Success
2022-09-19,Falcon 9,Cape Canaveral,LEO,260.0,Starlink-4759 ,Success
2022-09-19,Falcon 9,Cape Canaveral,LEO,260.0,Starlink-4760 ,Success
2022-09-19,Falcon 9,Cape Canaveral,LEO,260.0,Starlink-4761 ,Success
2022-09-19,Falcon 9,Cape Canaveral,LEO,260.0,Starlink-4762 ,Success
2022-09-11,Falcon 9,Cape Canaveral,LEO,260.0,Starlink-4763 ,Success
2022-09-19,Falcon 9,Cape Canaveral,LEO,260.0,Starlink-4764 ,Success
2022-09-24,Falcon 9,Cape Canaveral,LEO,260.0,Starlink-4765 ,Success
2022-09-19,Falcon 9,Cape Canaveral,LEO,260.0,Starlink-4766 ,Success
2022-09-19,Falcon 9,Cape Canaveral,LEO,260.0,Starlink-4767 ,Success
2022-09-11,Falcon 9,Cape Canaveral,LEO,260.0,Starlink-4768 ,Success
2022-09-19,Falcon 9,Cape Canaveral,LEO,260.0,Starlink-4769 ,Success
2022-09-19,Falcon 9,Cape Canaveral,LEO,260.0,Starlink-4770 ,Success
2022-09-19,Falcon 9,Cape Canaveral,LEO,260.0,Starlink-4771 ,Success
2022-09-24,Falcon 9,Cape Canaveral,LEO,260.0,Starlink-4772 ,Failure
2022-09-19,Falcon 9,Cape Canaveral,LEO,260.0,Starlink-4773 ,Success
2023-03-29,Falcon 9,Cape Canaveral,LEO,290.0,Starlink-4774                ,Failure
2022-09-24,Falcon 9,Cape Canaveral,LEO,260.0,Starlink-4775 ,Success
2022-09-19,Falcon 9,Cape Canaveral,LEO,260.0,Starlink-4776 ,Success
2022-09-19,Falcon 9,Cape Canaveral,LEO,260.0,Starlink-4777 ,Success
2022-09-19,Falcon 9,Cape Canaveral,LEO,260.0,Starlink-4778 ,Success
2022-09-19,Falcon 9,Cape Canaveral,LEO,260.0,Starlink-4779 ,Success
2022-09-19,Falcon 9,Cape Canaveral,LEO,260.0,Starlink-4780 ,Success
2022-09-19,Falcon 9,Cape Canaveral,LEO,260.0,Starlink-4781 ,Success
2022-09-24,Falcon 9,Cape Canaveral,LEO,260.0,Starlink-4782 ,Success
2022-09-19,Falcon 9,Cape Canaveral,LEO,260.0,Starlink-4783 ,Success
2022-09-19,Falcon 9,Cape Canaveral,LEO,260.0,Starlink-4784 ,Success
2022-09-19,Falcon 9,Cape Canaveral,LEO,260.0,Starlink-4785 ,Failure
2023-01-31,Falcon 9,Vandenberg AFB,LEO,290.0,Starlink-4786                ,Success
2022-09-24,Falcon 9,Cape Canaveral,LEO,260.0,Starlink-4787 ,Success
2022-09-19,Falcon 9,Cape Canaveral,LEO,260.0,Starlink-4788 ,Success
2022-09-19,Falcon 9,Cape Canaveral,LEO,260.0,Starlink-4789 ,Success
2022-09-19,Falcon 9,Cape Canaveral,LEO,260.0,Starlink-4790 ,Success
2022-09-24,Falcon 9,Cape Canaveral,LEO,260.0,Starlink-4791 ,Success
2022-09-19,Falcon 9,Cape Canaveral,LEO,260.0,Starlink-4792 ,Success
2022-09-19,Falcon 9,Cape Canaveral,LEO,260.0,Starlink-4793 ,Success
2022-09-19,Falcon 9,Cape Canaveral,LEO,260.0,Starlink-4794 ,Success
2022-09-19,Falcon 9,Cape Canaveral,LEO,260.0,Starlink-4795 ,Success
2022-09-24,Falcon 9,Cape Canaveral,LEO,260.0,Starlink-4796 ,Success
2022-09-19,Falcon 9,Cape Canaveral,LEO,260.0,Starlink-4797 ,Success
2022-09-19,Falcon 9,Cape Canaveral,LEO,260.0,Starlink-4798 ,Success
2022-09-19,Falcon 9,Cape Canaveral,LEO,260.0,Starlink-4799 ,Success
2022-09-19,Falcon 9,Cape Canaveral,LEO,260.0,Starlink-4800 ,Success
2022-12-28,Falcon 9,Cape Canaveral,LEO,260.0,Starlink-4801 ,Success
2022-09-19,Falcon 9,Cape Canaveral,LEO,260.0,Starlink-4809 ,Failure
2022-09-19,Falcon 9,Cape Canaveral,LEO,260.0,Starlink-4810 ,Success
2022-05-18,Falcon 9,Cape Canaveral,LEO,260.0,Starlink-4993 ,Success
2022-09-24,Falcon 9,Cape Canaveral,LEO,260.0,Starlink-5000 ,Success
2022-09-24,Falcon 9,Cape Canaveral,LEO,260.0,Starlink-5001 ,Success
2022-09-24,Falcon 9,Cape Canaveral,LEO,260.0,Starlink-5002 ,Success
2022-09-24,Falcon 9,Cape Canaveral,LEO,260.0,Starlink-5003 ,Success
2022-09-24,Falcon 9,Cape Canaveral,LEO,260.0,Starlink-5004 ,Success
2023-01-31,Falcon 9,Vandenberg AFB,LEO,290.0,Starlink-5006                ,Success
2022-09-24,Falcon 9,Cape Canaveral,LEO,260.0,Starlink-5008 ,Failure
2022-09-24,Falcon 9,Cape Canaveral,LEO,260.0,Starlink-5009 ,Success
2022-09-24,Falcon 9,Cape Canaveral,LEO,260.0,Starlink-5010 ,Success
2022-09-24,Falcon 9,Cape Canaveral,LEO,260.0,Starlink-5011 ,Success
2022-09-24,Falcon 9,Cape Canaveral,LEO,260.0,Starlink-5012 ,Success
2023-02-02,Falcon 9,Cape Canaveral,LEO,290.0,Starlink-5013                ,Success
2022-09-24,Falcon 9,Cape Canaveral,LEO,260.0,Starlink-5014 ,Failure
2022-09-24,Falcon 9,Cape Canaveral,LEO,260.0,Starlink-5015 ,Failure
2023-03-29,Falcon 9,Cape Canaveral,LEO,290.0,Starlink-5016                ,Success
2023-03-29,Falcon 9,Cape Canaveral,LEO,290.0,Starlink-5016                ,Success
2022-09-24,Falcon 9,Cape Canaveral,LEO,260.0,Starlink-5017 ,Success
2022-09-24,Falcon 9,Cape Canaveral,LEO,260.0,Starlink-5018 ,Success
2023-01-31,Falcon 9,Vandenberg AFB,LEO,290.0,Starlink-5019                ,Success
2023-02-02,Falcon 9,Cape Canaveral,LEO,290.0,Starlink-5020                ,Success
2022-09-24,Falcon 9,Cape Canaveral,LEO,260.0,Starlink-5021 ,Success
2022-09-24,Falcon 9,Cape Canaveral,LEO,260.0,Starlink-5022 ,Success
2022-09-24,Falcon 9,Cape Canaveral,LEO,260.0,Starlink-5023 ,Success
2022-09-24,Falcon 9,Cape Canaveral,LEO,260.0,Starlink-5024 ,Success
2022-09-24,Falcon 9,Cape Canaveral,LEO,260.0,Starlink-5025 ,Success
2023-01-26,Falcon 9,Cape Canaveral,LEO,290.0,Starlink-5027                ,Success
2022-09-24,Falcon 9,Cape Canaveral,LEO,260.0,Starlink-5028 ,Success
2022-09-24,Falcon 9,Cape Canaveral,LEO,260.0,Starlink-5029 ,Success
2023-01-31,Falcon 9,Vandenberg AFB,LEO,290.0,Starlink-5030                ,Success
2022-09-24,Falcon 9,Cape Canaveral,LEO,260.0,Starlink-5031 ,Success
2022-09-24,Falcon 9,Cape Canaveral,LEO,260.0,Starlink-5032 ,Success
2023-01-31,Falcon 9,Vandenberg AFB,LEO,290.0,Starlink-5033                ,Success
2022-09-24,Falcon 9,Cape Canaveral,LEO,260.0,Starlink-5034 ,Success
2022-09-24,Falcon 9,Cape Canaveral,LEO,260.0,Starlink-5035 ,Success
2022-09-24,Falcon 9,Cape Canaveral,LEO,260.0,Starlink-5036 ,Success
2022-09-24,Falcon 9,Cape Canaveral,LEO,260.0,Starlink-5037 ,Success
2022-09-24,Falcon 9,Cape Canaveral,LEO,260.0,Starlink-5040 ,Success
2022-09-24,Falcon 9,Cape Canaveral,LEO,260.0,Starlink-5041 ,Success
2022-09-24,Falcon 9,Cape Canaveral,LEO,260.0,Starlink-5042 ,Success
2022-09-24,Falcon 9,Cape Canaveral,LEO,260.0,Starlink-5043 ,Success
2022-09-24,Falcon 9,Cape Canaveral,LEO,260.0,Starlink-5044 ,Success
2022-09-24,Falcon 9,Cape Canaveral,LEO,260.0,Starlink-5045 ,Success
2022-09-24,Falcon 9,Cape Canaveral,LEO,260.0,Starlink-5046 ,Success
2023-01-31,Falcon 9,Vandenberg AFB,LEO,290.0,Starlink-5047                ,Success
2022-09-24,Falcon 9,Cape Canaveral,LEO,260.0,Starlink-5048 ,Success
2022-09-24,Falcon 9,Cape Canaveral,LEO,260.0,Starlink-5050 ,Success
2022-09-24,Falcon 9,Cape Canaveral,LEO,260.0,Starlink-5051 ,Success
2022-09-24,Falcon 9,Cape Canaveral,LEO,260.0,Starlink-5052 ,Success
2022-09-24,Falcon 9,Cape Canaveral,LEO,260.0,Starlink-5053 ,Success
2022-09-24,Falcon 9,Cape Canaveral,LEO,260.0,Starlink-5054 ,Success
2022-10-04,Falcon 9,Vandenberg AFB,LEO,260.0,Starlink-5055 ,Success
2022-09-24,Falcon 9,Cape Canaveral,LEO,260.0,Starlink-5056 ,Success
2022-09-24,Falcon 9,Cape Canaveral,LEO,260.0,Starlink-5057 ,Success
2023-02-02,Falcon 9,Cape Canaveral,LEO,290.0,Starlink-5058                ,Success
2022-09-24,Falcon 9,Cape Canaveral,LEO,260.0,Starlink-5059 ,Success
2023-01-31,Falcon 9,Vandenberg AFB,LEO,290.0,Starlink-5060                ,Success
2022-12-28,Falcon 9,Cape Canaveral,LEO,260.0,Starlink-5061 ,Success
2023-02-17,Falcon 9,Vandenberg AFB,LEO,290.0,Starlink-5062                ,Success
2022-09-24,Falcon 9,Cape Canaveral,LEO,260.0,Starlink-5063 ,Success
2023-01-31,Falcon 9,Vandenberg AFB,LEO,290.0,Starlink-5064                ,Success
2023-02-17,Falcon 9,Vandenberg AFB,LEO,290.0,Starlink-5065                ,Success
2023-02-17,Falcon 9,Vandenberg AFB,LEO,290.0,Starlink-5067                ,Success
2023-01-31,Falcon 9,Vandenberg AFB,LEO,290.0,Starlink-5068                ,Success
2023-02-17,Falcon 9,Vandenberg AFB,LEO,290.0,Starlink-5069                ,Success
2023-02-17,Falcon 9,Vandenberg AFB,LEO,290.0,Starlink-5070                ,Success
2023-01-31,Falcon 9,Vandenberg AFB,LEO,290.0,Starlink-5071                ,Failure
2023-03-03,Falcon 9,Vandenberg AFB,LEO,290.0,Starlink-5072                ,Success
2023-01-31,Falcon 9,Vandenberg AFB,LEO,290.0,Starlink-5073                ,Failure
2023-01-31,Falcon 9,Vandenberg AFB,LEO,290.0,Starlink-5074                ,Success
2022-10-04,Falcon 9,Vandenberg AFB,LEO,260.0,Starlink-5075 ,Success
2023-01-31,Falcon 9,Vandenberg AFB,LEO,290.0,Starlink-5076                ,Success
2023-01-31,Falcon 9,Vandenberg AFB,LEO,290.0,Starlink-5077,Success
2022-12-28,Falcon 9,Cape Canaveral,LEO,260.0,Starlink-5078 ,Success
2022-10-04,Falcon 9,Vandenberg AFB,LEO,260.0,Starlink-5079 ,Success
2023-01-31,Falcon 9,Vandenberg AFB,LEO,290.0,Starlink-5080                ,Success
2023-03-03,Falcon 9,Vandenberg AFB,LEO,290.0,Starlink-5081                ,Success
2022-12-28,Falcon 9,Cape Canaveral,LEO,260.0,Starlink-5082 ,Success
2022-12-28,Falcon 9,Cape Canaveral,LEO,260.0,Starlink-5084 ,Success
2023-01-31,Falcon 9,Vandenberg AFB,LEO,290.0,Starlink-5085                ,Success
2022-12-28,Falcon 9,Cape Canaveral,LEO,260.0,Starlink-5086 ,Success
2022-12-28,Falcon 9,Cape Canaveral,LEO,260.0,Starlink-5087 ,Success
2022-10-04,Falcon 9,Vandenberg AFB,LEO,260.0,Starlink-5088 ,Success
2023-03-29,Falcon 9,Cape Canaveral,LEO,290.0,Starlink-5089               ,Success
2023-03-29,Falcon 9,Cape Canaveral,LEO,290.0,Starlink-5089               ,Success
2023-03-29,Falcon 9,Cape Canaveral,LEO,290.0,Starlink-5090                ,Success
2022-12-28,Falcon 9,Cape Canaveral,LEO,260.0,Starlink-5091 ,Success
2023-01-31,Falcon 9,Vandenberg AFB,LEO,290.0,Starlink-5092                ,Success
2023-04-27,Falcon 9,Cape Canaveral,LEO,300.0,Starlink-5093,Success
2022-10-04,Falcon 9,Vandenberg AFB,LEO,260.0,Starlink-5094 ,Failure
2022-10-04,Falcon 9,Vandenberg AFB,LEO,260.0,Starlink-5096 ,Success
2022-10-04,Falcon 9,Vandenberg AFB,LEO,260.0,Starlink-5097 ,Success
2022-10-04,Falcon 9,Vandenberg AFB,LEO,260.0,Starlink-5098 ,Success
2022-10-04,Falcon 9,Vandenberg AFB,LEO,260.0,Starlink-5099 ,Success
2023-02-02,Falcon 9,Cape Canaveral,LEO,290.0,Starlink-5100                ,Success
2022-12-28,Falcon 9,Cape Canaveral,LEO,260.0,Starlink-5101 ,Success
2023-02-17,Falcon 9,Vandenberg AFB,LEO,290.0,Starlink-5102                ,Success
2022-10-04,Falcon 9,Vandenberg AFB,LEO,260.0,Starlink-5103 ,Success
2023-02-17,Falcon 9,Vandenberg AFB,LEO,290.0,Starlink-5104                ,Success
2022-10-04,Falcon 9,Vandenberg AFB,LEO,260.0,Starlink-5105 ,Failure
2022-12-28,Falcon 9,Cape Canaveral,LEO,260.0,Starlink-5106 ,Success
2022-12-28,Falcon 9,Cape Canaveral,LEO,260.0,Starlink-5107 ,Success
2022-10-04,Falcon 9,Vandenberg AFB,LEO,260.0,Starlink-5108 ,Success
2022-10-04,Falcon 9,Vandenberg AFB,LEO,260.0,Starlink-5109 ,Success
2022-12-28,Falcon 9,Cape Canaveral,LEO,260.0,Starlink-5110 ,Success
2023-03-29,Falcon 9,Cape Canaveral,LEO,290.0,Starlink-5111                ,Failure
2023-03-29,Falcon 9,Cape Canaveral,LEO,290.0,Starlink-5111                ,Success
2022-10-04,Falcon 9,Vandenberg AFB,LEO,260.0,Starlink-5112 ,Success
2022-10-04,Falcon 9,Vandenberg AFB,LEO,260.0,Starlink-5113 ,Success
2022-10-04,Falcon 9,Vandenberg AFB,LEO,260.0,Starlink-5114 ,Failure
2022-10-04,Falcon 9,Vandenberg AFB,LEO,260.0,Starlink-5115 ,Success
2022-10-04,Falcon 9,Vandenberg AFB,LEO,260.0,Starlink-5116 ,Success
2022-10-28,Falcon 9,Vandenberg AFB,LEO,260.0,Starlink-5117 ,Success
2022-10-04,Falcon 9,Vandenberg AFB,LEO,260.0,Starlink-5118 ,Success
2022-10-04,Falcon 9,Vandenberg AFB,LEO,260.0,Starlink-5119 ,Failure
2022-10-04,Falcon 9,Vandenberg AFB,LEO,260.0,Starlink-5120 ,Success
2022-10-04,Falcon 9,Vandenberg AFB,LEO,260.0,Starlink-5121 ,Success
2022-10-28,Falcon 9,Vandenberg AFB,LEO,260.0,Starlink-5122 ,Success
2022-10-04,Falcon 9,Vandenberg AFB,LEO,260.0,Starlink-5123 ,Success
2022-10-04,Falcon 9,Vandenberg AFB,LEO,260.0,Starlink-5124 ,Success
2022-10-04,Falcon 9,Vandenberg AFB,LEO,260.0,Starlink-5125 ,Success
2022-10-04,Falcon 9,Vandenberg AFB,LEO,260.0,Starlink-5126 ,Success
2022-10-04,Falcon 9,Vandenberg AFB,LEO,260.0,Starlink-5127 ,Success
2022-10-04,Falcon 9,Vandenberg AFB,LEO,260.0,Starlink-5128 ,Success
2022-10-04,Falcon 9,Vandenberg AFB,LEO,260.0,Starlink-5129 ,Success
2022-10-04,Falcon 9,Vandenberg AFB,LEO,260.0,Starlink-5130 ,Success
2022-10-04,Falcon 9,Vandenberg AFB,LEO,260.0,Starlink-5131 ,Success
2022-10-04,Falcon 9,Vandenberg AFB,LEO,260.0,Starlink-5132 ,Success
2022-10-04,Falcon 9,Vandenberg AFB,LEO,260.0,Starlink-5133 ,Success
2022-10-04,Falcon 9,Vandenberg AFB,LEO,260.0,Starlink-5134 ,Success
2022-10-04,Falcon 9,Vandenberg AFB,LEO,260.0,Starlink-5135 ,Success
2022-10-04,Falcon 9,Vandenberg AFB,LEO,260.0,Starlink-5137 ,Success
2022-10-20,Falcon 9,Cape Canaveral,LEO,260.0,Starlink-5138 ,Success
2023-02-02,Falcon 9,Cape Canaveral,LEO,290.0,Starlink-5139                ,Success
2023-03-29,Falcon 9,Cape Canaveral,LEO,290.0,Starlink-5140 ,Success
2023-03-29,Falcon 9,Cape Canaveral,LEO,290.0,Starlink-5140 ,Success
2023-02-02,Falcon 9,Cape Canaveral,LEO,290.0,Starlink-5141                ,Success
2022-10-04,Falcon 9,Vandenberg AFB,LEO,260.0,Starlink-5142 ,Success
2022-10-20,Falcon 9,Cape Canaveral,LEO,260.0,Starlink-5143 ,Failure
2022-10-20,Falcon 9,Cape Canaveral,LEO,260.0,Starlink-5144 ,Success
2022-10-04,Falcon 9,Vandenberg AFB,LEO,260.0,Starlink-5145 ,Success
2022-10-20,Falcon 9,Cape Canaveral,LEO,260.0,Starlink-5146 ,Success
2022-10-04,Falcon 9,Vandenberg AFB,LEO,260.0,Starlink-5147 ,Success
2022-10-04,Falcon 9,Vandenberg AFB,LEO,260.0,Starlink-5148 ,Success
2022-10-04,Falcon 9,Vandenberg AFB,LEO,260.0,Starlink-5149 ,Failure
2022-10-20,Falcon 9,Cape Canaveral,LEO,260.0,Starlink-5151 ,Success
2022-10-20,Falcon 9,Cape Canaveral,LEO,260.0,Starlink-5153 ,Success
2022-10-28,Falcon 9,Vandenberg AFB,LEO,260.0,Starlink-5154 ,Success
2022-10-28,Falcon 9,Vandenberg AFB,LEO,260.0,Starlink-5155 ,Success
2022-10-04,Falcon 9,Vandenberg AFB,LEO,260.0,Starlink-5156 ,Success
2022-10-04,Falcon 9,Vandenberg AFB,LEO,260.0,Starlink-5157 ,Success
2022-10-20,Falcon 9,Cape Canaveral,LEO,260.0,Starlink-5158 ,Success
2022-10-04,Falcon 9,Vandenberg AFB,LEO,260.0,Starlink-5159 ,Success
2022-10-20,Falcon 9,Cape Canaveral,LEO,260.0,Starlink-5160 ,Success
2022-10-28,Falcon 9,Vandenberg AFB,LEO,260.0,Starlink-5161 ,Success
2022-10-28,Falcon 9,Vandenberg AFB,LEO,260.0,Starlink-5162 ,Success
2022-10-20,Falcon 9,Cape Canaveral,LEO,260.0,Starlink-5163 ,Success
2022-10-28,Falcon 9,Vandenberg AFB,LEO,260.0,Starlink-5164 ,Success
2022-10-20,Falcon 9,Cape Canaveral,LEO,260.0,Starlink-5165 ,Success
2022-10-20,Falcon 9,Cape Canaveral,LEO,260.0,Starlink-5166 ,Success
2022-10-20,Falcon 9,Cape Canaveral,LEO,260.0,Starlink-5167 ,Success
2022-10-20,Falcon 9,Cape Canaveral,LEO,260.0,Starlink-5168 ,Success
2022-10-20,Falcon 9,Cape Canaveral,LEO,260.0,Starlink-5169 ,Failure
2022-10-20,Falcon 9,Cape Canaveral,LEO,260.0,Starlink-5170 ,Success
2022-10-20,Falcon 9,Cape Canaveral,LEO,260.0,Starlink-5171 ,Success
2022-10-20,Falcon 9,Cape Canaveral,LEO,260.0,Starlink-5172 ,Success
2022-10-20,Falcon 9,Cape Canaveral,LEO,260.0,Starlink-5173 ,Success
2022-10-20,Falcon 9,Cape Canaveral,LEO,260.0,Starlink-5174 ,Success
2022-10-20,Falcon 9,Cape Canaveral,LEO,260.0,Starlink-5175 ,Success
2022-10-20,Falcon 9,Cape Canaveral,LEO,260.0,Starlink-5176 ,Success
2022-10-20,Falcon 9,Cape Canaveral,LEO,260.0,Starlink-5177 ,Failure
2022-10-20,Falcon 9,Cape Canaveral,LEO,260.0,Starlink-5178 ,Success
2022-10-20,Falcon 9,Cape Canaveral,LEO,260.0,Starlink-5179 ,Success
2023-01-19,Falcon 9,Vandenberg AFB,LEO,290.0,Starlink-5180                ,Success
2022-10-20,Falcon 9,Cape Canaveral,LEO,260.0,Starlink-5181 ,Success
2022-10-28,Falcon 9,Vandenberg AFB,LEO,260.0,Starlink-5182 ,Success
2022-10-20,Falcon 9,Cape Canaveral,LEO,260.0,Starlink-5183 ,Success
2022-10-20,Falcon 9,Cape Canaveral,LEO,260.0,Starlink-5184 ,Success
2022-10-20,Falcon 9,Cape Canaveral,LEO,260.0,Starlink-5185 ,Failure
2022-10-28,Falcon 9,Vandenberg AFB,LEO,260.0,Starlink-5186 ,Success
2022-10-20,Falcon 9,Cape Canaveral,LEO,260.0,Starlink-5187 ,Success
2022-10-20,Falcon 9,Cape Canaveral,LEO,260.0,Starlink-5188 ,Success
2022-10-20,Falcon 9,Cape Canaveral,LEO,260.0,Starlink-5189 ,Success
2022-10-20,Falcon 9,Cape Canaveral,LEO,260.0,Starlink-5190 ,Success
2022-12-17,Falcon 9,Cape Canaveral,LEO,260.0,Starlink-5191 ,Success
2022-10-20,Falcon 9,Cape Canaveral,LEO,260.0,Starlink-5192 ,Success
2022-10-20,Falcon 9,Cape Canaveral,LEO,260.0,Starlink-5193 ,Success
2022-10-28,Falcon 9,Vandenberg AFB,LEO,260.0,Starlink-5194 ,Success
2022-10-20,Falcon 9,Cape Canaveral,LEO,260.0,Starlink-5195 ,Success
2023-01-19,Falcon 9,Vandenberg AFB,LEO,290.0,Starlink-5196                ,Success
2022-10-20,Falcon 9,Cape Canaveral,LEO,260.0,Starlink-5197 ,Success
2022-10-20,Falcon 9,Cape Canaveral,LEO,260.0,Starlink-5198 ,Success
2022-10-28,Falcon 9,Vandenberg AFB,LEO,260.0,Starlink-5199 ,Success
2022-10-20,Falcon 9,Cape Canaveral,LEO,260.0,Starlink-5200 ,Success
2022-10-20,Falcon 9,Cape Canaveral,LEO,260.0,Starlink-5201 ,Success
2022-12-17,Falcon 9,Cape Canaveral,LEO,260.0,Starlink-5202 ,Success
2022-10-20,Falcon 9,Cape Canaveral,LEO,260.0,Starlink-5203 ,Success
2022-10-20,Falcon 9,Cape Canaveral,LEO,260.0,Starlink-5204 ,Success
2022-10-28,Falcon 9,Vandenberg AFB,LEO,260.0,Starlink-5205 ,Success
2022-10-20,Falcon 9,Cape Canaveral,LEO,260.0,Starlink-5209 ,Success
2022-10-20,Falcon 9,Cape Canaveral,LEO,260.0,Starlink-5210 ,Success
2022-10-20,Falcon 9,Cape Canaveral,LEO,260.0,Starlink-5211 ,Success
2022-10-20,Falcon 9,Cape Canaveral,LEO,260.0,Starlink-5212 ,Success
2022-10-20,Falcon 9,Cape Canaveral,LEO,260.0,Starlink-5213 ,Success
2022-12-17,Falcon 9,Cape Canaveral,LEO,260.0,Starlink-5214 ,Failure
2022-12-17,Falcon 9,Cape Canaveral,LEO,260.0,Starlink-5215 ,Success
2022-10-20,Falcon 9,Cape Canaveral,LEO,260.0,Starlink-5217 ,Success
2023-02-17,Falcon 9,Vandenberg AFB,LEO,290.0,Starlink-5218                ,Success
2022-10-20,Falcon 9,Cape Canaveral,LEO,260.0,Starlink-5219 ,Success
2022-12-17,Falcon 9,Cape Canaveral,LEO,260.0,Starlink-5220 ,Success
2022-10-20,Falcon 9,Cape Canaveral,LEO,260.0,Starlink-5221 ,Success
2022-10-20,Falcon 9,Cape Canaveral,LEO,260.0,Starlink-5222 ,Success
2022-10-20,Falcon 9,Cape Canaveral,LEO,260.0,Starlink-5223 ,Success
2023-01-31,Falcon 9,Vandenberg AFB,LEO,290.0,Starlink-5224                ,Success
2022-10-20,Falcon 9,Cape Canaveral,LEO,260.0,Starlink-5225 ,Success
2022-10-20,Falcon 9,Cape Canaveral,LEO,260.0,Starlink-5226 ,Success
2022-10-28,Falcon 9,Vandenberg AFB,LEO,260.0,Starlink-5227 ,Success
2022-10-28,Falcon 9,Vandenberg AFB,LEO,260.0,Starlink-5228 ,Success
2022-10-28,Falcon 9,Vandenberg AFB,LEO,260.0,Starlink-5229 ,Success
2023-01-31,Falcon 9,Vandenberg AFB,LEO,290.0,Starlink-5230                ,Failure
2022-10-28,Falcon 9,Vandenberg AFB,LEO,260.0,Starlink-5231 ,Success
2023-02-17,Falcon 9,Vandenberg AFB,LEO,290.0,Starlink-5232                ,Success
2022-10-28,Falcon 9,Vandenberg AFB,LEO,260.0,Starlink-5233 ,Success
2022-10-28,Falcon 9,Vandenberg AFB,LEO,260.0,Starlink-5234 ,Success
2022-10-28,Falcon 9,Vandenberg AFB,LEO,260.0,Starlink-5235 ,Success
2023-01-19,Falcon 9,Vandenberg AFB,LEO,290.0,Starlink-5236                ,Success
2022-10-28,Falcon 9,Vandenberg AFB,LEO,260.0,Starlink-5237 ,Success
2022-10-28,Falcon 9,Vandenberg AFB,LEO,260.0,Starlink-5238 ,Success
2022-10-28,Falcon 9,Vandenberg AFB,LEO,260.0,Starlink-5239 ,Failure
2022-10-28,Falcon 9,Vandenberg AFB,LEO,260.0,Starlink-5240 ,Success
2022-10-28,Falcon 9,Vandenberg AFB,LEO,260.0,Starlink-5241 ,Success
2022-10-28,Falcon 9,Vandenberg AFB,LEO,260.0,Starlink-5242 ,Success
2022-10-28,Falcon 9,Vandenberg AFB,LEO,260.0,Starlink-5243 ,Failure
2022-10-28,Falcon 9,Vandenberg AFB,LEO,260.0,Starlink-5244 ,Success
2022-10-28,Falcon 9,Vandenberg AFB,LEO,260.0,Starlink-5245 ,Success
2022-10-28,Falcon 9,Vandenberg AFB,LEO,260.0,Starlink-5246 ,Success
2022-10-28,Falcon 9,Vandenberg AFB,LEO,260.0,Starlink-5247 ,Success
2022-10-28,Falcon 9,Vandenberg AFB,LEO,260.0,Starlink-5248 ,Success
2022-10-28,Falcon 9,Vandenberg AFB,LEO,260.0,Starlink-5249 ,Success
2022-10-28,Falcon 9,Vandenberg AFB,LEO,260.0,Starlink-5250 ,Success
2022-10-28,Falcon 9,Vandenberg AFB,LEO,260.0,Starlink-5255 ,Failure
2022-10-28,Falcon 9,Vandenberg AFB,LEO,260.0,Starlink-5256 ,Success
2023-01-19,Falcon 9,Vandenberg AFB,LEO,290.0,Starlink-5257                ,Success
2022-10-28,Falcon 9,Vandenberg AFB,LEO,260.0,Starlink-5258 ,Failure
2022-10-28,Falcon 9,Vandenberg AFB,LEO,260.0,Starlink-5259 ,Success
2023-01-19,Falcon 9,Vandenberg AFB,LEO,290.0,Starlink-5260                ,Success
2023-01-19,Falcon 9,Vandenberg AFB,LEO,290.0,Starlink-5261                ,Success
2022-10-28,Falcon 9,Vandenberg AFB,LEO,260.0,Starlink-5262 ,Success
2022-10-28,Falcon 9,Vandenberg AFB,LEO,260.0,Starlink-5263 ,Success
2022-10-28,Falcon 9,Vandenberg AFB,LEO,260.0,Starlink-5264 ,Failure
2023-01-19,Falcon 9,Vandenberg AFB,LEO,290.0,Starlink-5265                ,Success
2023-01-19,Falcon 9,Vandenberg AFB,LEO,290.0,Starlink-5266                ,Success
2023-02-17,Falcon 9,Vandenberg AFB,LEO,290.0,Starlink-5267                ,Success
2022-10-28,Falcon 9,Vandenberg AFB,LEO,260.0,Starlink-5268 ,Success
2022-10-28,Falcon 9,Vandenberg AFB,LEO,260.0,Starlink-5269 ,Success
2023-01-19,Falcon 9,Vandenberg AFB,LEO,290.0,Starlink-5270                ,Success
2022-10-28,Falcon 9,Vandenberg AFB,LEO,260.0,Starlink-5271 ,Success
2023-01-19,Falcon 9,Vandenberg AFB,LEO,290.0,Starlink-5272,Success
2022-10-28,Falcon 9,Vandenberg AFB,LEO,260.0,Starlink-5273 ,Success
2023-01-31,Falcon 9,Vandenberg AFB,LEO,290.0,Starlink-5274                ,Success
2023-01-31,Falcon 9,Vandenberg AFB,LEO,290.0,Starlink-5275                ,Success
2023-01-31,Falcon 9,Vandenberg AFB,LEO,290.0,Starlink-5276                ,Failure
2023-01-19,Falcon 9,Vandenberg AFB,LEO,290.0,Starlink-5277,Failure
2022-10-28,Falcon 9,Vandenberg AFB,LEO,260.0,Starlink-5278 ,Success
2022-10-28,Falcon 9,Vandenberg AFB,LEO,260.0,Starlink-5279 ,Success
2022-10-28,Falcon 9,Vandenberg AFB,LEO,260.0,Starlink-5280 ,Success
2022-10-28,Falcon 9,Vandenberg AFB,LEO,260.0,Starlink-5281 ,Success
2022-10-28,Falcon 9,Vandenberg AFB,LEO,260.0,Starlink-5282 ,Success
2023-01-31,Falcon 9,Vandenberg AFB,LEO,290.0,Starlink-5283                ,Success
2023-01-19,Falcon 9,Vandenberg AFB,LEO,290.0,Starlink-5284                ,Success
2023-01-19,Falcon 9,Vandenberg AFB,LEO,290.0,Starlink-5285                ,Success
2023-01-19,Falcon 9,Vandenberg AFB,LEO,290.0,Starlink-5286                ,Success
2023-01-19,Falcon 9,Vandenberg AFB,LEO,290.0,Starlink-5287                ,Success
2022-07-07,Falcon 9,Cape Canaveral,LEO,260.0,Starlink-5288 ,Success
2023-01-19,Falcon 9,Vandenberg AFB,LEO,290.0,Starlink-5288                ,Success
2023-01-19,Falcon 9,Vandenberg AFB,LEO,290.0,Starlink-5289                ,Success
2022-10-28,Falcon 9,Vandenberg AFB,LEO,260.0,Starlink-5290 ,Success
2023-01-19,Falcon 9,Vandenberg AFB,LEO,290.0,Starlink-5291                ,Success
2023-01-19,Falcon 9,Vandenberg AFB,LEO,290.0,Starlink-5292                ,Success
2023-01-19,Falcon 9,Vandenberg AFB,LEO,290.0,Starlink-5293                ,Success
2022-10-28,Falcon 9,Vandenberg AFB,LEO,260.0,Starlink-5294 ,Success
2023-01-19,Falcon 9,Vandenberg AFB,LEO,290.0,Starlink-5295                ,Success
2023-01-19,Falcon 9,Vandenberg AFB,LEO,290.0,Starlink-5296                ,Success
2022-10-28,Falcon 9,Vandenberg AFB,LEO,260.0,Starlink-5297 ,Success
2023-01-19,Falcon 9,Vandenberg AFB,LEO,290.0,Starlink-5298                ,Success
2023-01-19,Falcon 9,Vandenberg AFB,LEO,290.0,Starlink-5299                ,Success
2023-02-17,Falcon 9,Vandenberg AFB,LEO,290.0,Starlink-5300                ,Failure
2023-01-19,Falcon 9,Vandenberg AFB,LEO,290.0,Starlink-5301,Success
2023-02-17,Falcon 9,Vandenberg AFB,LEO,290.0,Starlink-5303                ,Success
2022-12-28,Falcon 9,Cape Canaveral,LEO,260.0,Starlink-5304 ,Failure
2023-01-19,Falcon 9,Vandenberg AFB,LEO,290.0,Starlink-5305                ,Success
2023-01-19,Falcon 9,Vandenberg AFB,LEO,290.0,Starlink-5306                ,Success
2023-02-17,Falcon 9,Vandenberg AFB,LEO,290.0,Starlink-5307                ,Success
2023-01-19,Falcon 9,Vandenberg AFB,LEO,290.0,Starlink-5308                ,Success
2023-01-19,Falcon 9,Vandenberg AFB,LEO,290.0,Starlink-5309                ,Success
2023-01-19,Falcon 9,Vandenberg AFB,LEO,290.0,Starlink-5310                ,Success
2023-01-19,Falcon 9,Vandenberg AFB,LEO,290.0,Starlink-5311                ,Success
2023-01-19,Falcon 9,Vandenberg AFB,LEO,290.0,Starlink-5312                ,Success
2023-01-19,Falcon 9,Vandenberg AFB,LEO,290.0,Starlink-5313                ,Success
2023-02-17,Falcon 9,Vandenberg AFB,LEO,290.0,Starlink-5314                ,Success
2023-01-19,Falcon 9,Vandenberg AFB,LEO,290.0,Starlink-5315                ,Success
2023-01-19,Falcon 9,Vandenberg AFB,LEO,290.0,Starlink-5316                ,Success
2023-01-19,Falcon 9,Vandenberg AFB,LEO,290.0,Starlink-5317                ,Failure
2023-01-19,Falcon 9,Vandenberg AFB,LEO,290.0,Starlink-5318                ,Failure
2023-01-19,Falcon 9,Vandenberg AFB,LEO,290.0,Starlink-5320                ,Success
2023-01-19,Falcon 9,Vandenberg AFB,LEO,290.0,Starlink-5321                ,Success
2023-01-19,Falcon 9,Vandenberg AFB,LEO,290.0,Starlink-5322                ,Success
2023-01-19,Falcon 9,Vandenberg AFB,LEO,290.0,Starlink-5323                ,Success
2023-02-17,Falcon 9,Vandenberg AFB,LEO,290.0,Starlink-5324                ,Success
2023-01-19,Falcon 9,Vandenberg AFB,LEO,290.0,Starlink-5325                ,Success
2023-02-17,Falcon 9,Vandenberg AFB,LEO,290.0,Starlink-5326                ,Success
2023-01-19,Falcon 9,Vandenberg AFB,LEO,290.0,Starlink-5327                ,Success
2023-02-17,Falcon 9,Vandenberg AFB,LEO,290.0,Starlink-5328                ,Success
2023-01-19,Falcon 9,Vandenberg AFB,LEO,290.0,Starlink-5330                ,Success
2023-01-19,Falcon 9,Vandenberg AFB,LEO,290.0,Starlink-5331                ,Success
2023-01-19,Falcon 9,Vandenberg AFB,LEO,290.0,Starlink-5332                ,Success
2023-01-19,Falcon 9,Vandenberg AFB,LEO,290.0,Starlink-5337                ,Success
2023-01-19,Falcon 9,Vandenberg AFB,LEO,290.0,Starlink-5338                ,Success
2023-01-19,Falcon 9,Vandenberg AFB,LEO,290.0,Starlink-5341                ,Success
2023-02-02,Falcon 9,Cape Canaveral,LEO,290.0,Starlink-5344                ,Success
2022-12-28,Falcon 9,Cape Canaveral,LEO,260.0,Starlink-5359 ,Success
2022-12-28,Falcon 9,Cape Canaveral,LEO,260.0,Starlink-5360 ,Success
2023-02-02,Falcon 9,Cape Canaveral,LEO,290.0,Starlink-5362                ,Success
2023-02-02,Falcon 9,Cape Canaveral,LEO,290.0,Starlink-5363                ,Success
2023-02-02,Falcon 9,Cape Canaveral,LEO,290.0,Starlink-5364                ,Success
2023-02-02,Falcon 9,Cape Canaveral,LEO,290.0,Starlink-5365                ,Success
2023-02-02,Falcon 9,Cape Canaveral,LEO,290.0,Starlink-5366                ,Success
2023-02-02,Falcon 9,Cape Canaveral,LEO,290.0,Starlink-5367,Success
2022-12-28,Falcon 9,Cape Canaveral,LEO,260.0,Starlink-5368 ,Success
2022-12-28,Falcon 9,Cape Canaveral,LEO,260.0,Starlink-5369 ,Success
2023-03-29,Falcon 9,Cape Canaveral,LEO,290.0,Starlink-5370                ,Success
2023-03-29,Falcon 9,Cape Canaveral,LEO,290.0,Starlink-5370                ,Success
2022-12-28,Falcon 9,Cape Canaveral,LEO,260.0,Starlink-5372 ,Success
2023-02-02,Falcon 9,Cape Canaveral,LEO,290.0,Starlink-5373                ,Success
2023-03-29,Falcon 9,Cape Canaveral,LEO,290.0,Starlink-5374                ,Success
2023-03-29,Falcon 9,Cape Canaveral,LEO,290.0,Starlink-5374                ,Failure
2023-03-29,Falcon 9,Cape Canaveral,LEO,290.0,Starlink-5375                ,Success
2023-03-29,Falcon 9,Cape Canaveral,LEO,290.0,Starlink-5376                ,Success
2023-03-29,Falcon 9,Cape Canaveral,LEO,290.0,Starlink-5376                ,Success
2023-03-29,Falcon 9,Cape Canaveral,LEO,290.0,Starlink-5377                ,Success
2023-03-29,Falcon 9,Cape Canaveral,LEO,290.0,Starlink-5378                ,Failure
2022-12-28,Falcon 9,Cape Canaveral,LEO,260.0,Starlink-5379 ,Success
2022-12-28,Falcon 9,Cape Canaveral,LEO,260.0,Starlink-5380 ,Success
2022-12-28,Falcon 9,Cape Canaveral,LEO,260.0,Starlink-5381 ,Success
2022-12-28,Falcon 9,Cape Canaveral,LEO,260.0,Starlink-5382 ,Failure
2022-12-28,Falcon 9,Cape Canaveral,LEO,260.0,Starlink-5383 ,Success
2022-12-28,Falcon 9,Cape Canaveral,LEO,260.0,Starlink-5384 ,Success
2022-12-28,Falcon 9,Cape Canaveral,LEO,260.0,Starlink-5385 ,Success
2022-12-28,Falcon 9,Cape Canaveral,LEO,260.0,Starlink-5386 ,Success
2022-12-28,Falcon 9,Cape Canaveral,LEO,260.0,Starlink-5387 ,Success
2022-12-28,Falcon 9,Cape Canaveral,LEO,260.0,Starlink-5388 ,Success
2022-12-28,Falcon 9,Cape Canaveral,LEO,260.0,Starlink-5389 ,Success
2022-12-28,Falcon 9,Cape Canaveral,LEO,260.0,Starlink-5390 ,Success
2022-12-28,Falcon 9,Cape Canaveral,LEO,260.0,Starlink-5391 ,Success
2022-12-17,Falcon 9,Cape Canaveral,LEO,260.0,Starlink-5392 ,Success
2022-12-28,Falcon 9,Cape Canaveral,LEO,260.0,Starlink-5393 ,Success
2022-12-28,Falcon 9,Cape Canaveral,LEO,260.0,Starlink-5394 ,Success
2022-12-28,Falcon 9,Cape Canaveral,LEO,260.0,Starlink-5395 ,Success
2022-12-28,Falcon 9,Cape Canaveral,LEO,260.0,Starlink-5396 ,Success
2022-12-28,Falcon 9,Cape Canaveral,LEO,260.0,Starlink-5397 ,Success
2022-12-28,Falcon 9,Cape Canaveral,LEO,260.0,Starlink-5398 ,Success
2022-12-17,Falcon 9,Cape Canaveral,LEO,260.0,Starlink-5399 ,Success
2022-12-28,Falcon 9,Cape Canaveral,LEO,260.0,Starlink-5400 ,Success
2022-12-28,Falcon 9,Cape Canaveral,LEO,260.0,Starlink-5401 ,Success
2022-12-28,Falcon 9,Cape Canaveral,LEO,260.0,Starlink-5402 ,Success
2022-12-28,Falcon 9,Cape Canaveral,LEO,260.0,Starlink-5403 ,Success
2022-12-17,Falcon 9,Cape Canaveral,LEO,260.0,Starlink-5404 ,Success
2022-12-28,Falcon 9,Cape Canaveral,LEO,260.0,Starlink-5405 ,Success
2022-12-28,Falcon 9,Cape Canaveral,LEO,260.0,Starlink-5406 ,Success
2022-12-28,Falcon 9,Cape Canaveral,LEO,260.0,Starlink-5407 ,Success
2022-12-17,Falcon 9,Cape Canaveral,LEO,260.0,Starlink-5408 ,Success
2022-12-28,Falcon 9,Cape Canaveral,LEO,260.0,Starlink-5409 ,Success
2022-12-17,Falcon 9,Cape Canaveral,LEO,260.0,Starlink-5410 ,Success
2022-12-28,Falcon 9,Cape Canaveral,LEO,260.0,Starlink-5411 ,Success
2022-12-17,Falcon 9,Cape Canaveral,LEO,260.0,Starlink-5412 ,Success
2022-12-17,Falcon 9,Cape Canaveral,LEO,260.0,Starlink-5413 ,Failure
2022-12-17,Falcon 9,Cape Canaveral,LEO,260.0,Starlink-5414 ,Failure
2022-12-17,Falcon 9,Cape Canaveral,LEO,260.0,Starlink-5415 ,Success
2022-12-28,Falcon 9,Cape Canaveral,LEO,260.0,Starlink-5416 ,Failure
2022-12-17,Falcon 9,Cape Canaveral,LEO,260.0,Starlink-5417 ,Success
2022-12-28,Falcon 9,Cape Canaveral,LEO,260.0,Starlink-5418 ,Failure
2022-12-28,Falcon 9,Cape Canaveral,LEO,260.0,Starlink-5419 ,Success
2022-12-17,Falcon 9,Cape Canaveral,LEO,260.0,Starlink-5420 ,Success
2022-12-17,Falcon 9,Cape Canaveral,LEO,260.0,Starlink-5421 ,Success
2022-12-17,Falcon 9,Cape Canaveral,LEO,260.0,Starlink-5422 ,Failure
2023-02-17,Falcon 9,Vandenberg AFB,LEO,290.0,Starlink-5423                ,Failure
2022-12-17,Falcon 9,Cape Canaveral,LEO,260.0,Starlink-5424 ,Success
2022-12-17,Falcon 9,Cape Canaveral,LEO,260.0,Starlink-5425 ,Success
2022-12-17,Falcon 9,Cape Canaveral,LEO,260.0,Starlink-5426 ,Success
2022-12-28,Falcon 9,Cape Canaveral,LEO,260.0,Starlink-5427 ,Success
2022-12-17,Falcon 9,Cape Canaveral,LEO,260.0,Starlink-5428 ,Success
2022-12-17,Falcon 9,Cape Canaveral,LEO,260.0,Starlink-5429 ,Failure
2022-12-17,Falcon 9,Cape Canaveral,LEO,260.0,Starlink-5430 ,Success
2022-12-17,Falcon 9,Cape Canaveral,LEO,260.0,Starlink-5431 ,Success
2022-12-28,Falcon 9,Cape Canaveral,LEO,260.0,Starlink-5432 ,Success
2022-12-17,Falcon 9,Cape Canaveral,LEO,260.0,Starlink-5433 ,Success
2022-12-28,Falcon 9,Cape Canaveral,LEO,260.0,Starlink-5434 ,Success
2022-12-17,Falcon 9,Cape Canaveral,LEO,260.0,Starlink-5435 ,Success
2022-12-17,Falcon 9,Cape Canaveral,LEO,260.0,Starlink-5436 ,Success
2022-12-17,Falcon 9,Cape Canaveral,LEO,260.0,Starlink-5437 ,Success
2022-12-17,Falcon 9,Cape Canaveral,LEO,260.0,Starlink-5438 ,Success
2022-12-17,Falcon 9,Cape Canaveral,LEO,260.0,Starlink-5439 ,Success
2022-12-17,Falcon 9,Cape Canaveral,LEO,260.0,Starlink-5440 ,Success
2022-12-17,Falcon 9,Cape Canaveral,LEO,260.0,Starlink-5441 ,Success
2022-12-17,Falcon 9,Cape Canaveral,LEO,260.0,Starlink-5442 ,Failure
2022-12-17,Falcon 9,Cape Canaveral,LEO,260.0,Starlink-5443 ,Success
2022-12-17,Falcon 9,Cape Canaveral,LEO,260.0,Starlink-5444 ,Success
2022-12-17,Falcon 9,Cape Canaveral,LEO,260.0,Starlink-5445 ,Success
2022-12-17,Falcon 9,Cape Canaveral,LEO,260.0,Starlink-5446 ,Success
2022-12-17,Falcon 9,Cape Canaveral,LEO,260.0,Starlink-5447 ,Success
2022-12-17,Falcon 9,Cape Canaveral,LEO,260.0,Starlink-5448 ,Success
2022-12-17,Falcon 9,Cape Canaveral,LEO,260.0,Starlink-5449 ,Success
2022-12-17,Falcon 9,Cape Canaveral,LEO,260.0,Starlink-5450 ,Success
2022-12-17,Falcon 9,Cape Canaveral,LEO,260.0,Starlink-5451 ,Failure
2022-12-17,Falcon 9,Cape Canaveral,LEO,260.0,Starlink-5452 ,Success
2022-12-17,Falcon 9,Cape Canaveral,LEO,260.0,Starlink-5453 ,Success
2022-12-17,Falcon 9,Cape Canaveral,LEO,260.0,Starlink-5454 ,Failure
2023-02-17,Falcon 9,Vandenberg AFB,LEO,290.0,Starlink-5455                ,Success
2023-02-17,Falcon 9,Vandenberg AFB,LEO,290.0,Starlink-5456                ,Success
2022-12-17,Falcon 9,Cape Canaveral,LEO,260.0,Starlink-5458 ,Success
2023-02-17,Falcon 9,Vandenberg AFB,LEO,290.0,Starlink-5459                ,Success
2023-02-17,Falcon 9,Vandenberg AFB,LEO,290.0,Starlink-5460                ,Success
2023-02-17,Falcon 9,Vandenberg AFB,LEO,290.0,Starlink-5461                ,Failure
2023-02-17,Falcon 9,Vandenberg AFB,LEO,290.0,Starlink-5462                ,Success
2022-08-19,Falcon 9,Cape Canaveral,LEO,260.0,Starlink-5463,Success
2023-02-17,Falcon 9,Vandenberg AFB,LEO,290.0,Starlink-5463                ,Success
2022-12-17,Falcon 9,Cape Canaveral,LEO,260.0,Starlink-5464,Success
2022-12-17,Falcon 9,Cape Canaveral,LEO,260.0,Starlink-5465 ,Success
2022-12-17,Falcon 9,Cape Canaveral,LEO,260.0,Starlink-5466 ,Success
2023-02-17,Falcon 9,Vandenberg AFB,LEO,290.0,Starlink-5467                ,Failure
2022-12-17,Falcon 9,Cape Canaveral,LEO,260.0,Starlink-5468 ,Success
2023-02-17,Falcon 9,Vandenberg AFB,LEO,290.0,Starlink-5469                ,Success
2022-12-17,Falcon 9,Cape Canaveral,LEO,260.0,Starlink-5470 ,Success
2022-12-17,Falcon 9,Cape Canaveral,LEO,260.0,Starlink-5471 ,Success
2022-12-17,Falcon 9,Cape Canaveral,LEO,260.0,Starlink-5472 ,Success
2022-12-17,Falcon 9,Cape Canaveral,LEO,260.0,Starlink-5472 ,Failure
2023-02-17,Falcon 9,Vandenberg AFB,LEO,290.0,Starlink-5473                ,Success
2023-02-17,Falcon 9,Vandenberg AFB,LEO,290.0,Starlink-5474                ,Success
2023-02-17,Falcon 9,Vandenberg AFB,LEO,290.0,Starlink-5475                ,Success
2023-02-17,Falcon 9,Vandenberg AFB,LEO,290.0,Starlink-5477                ,Failure
2023-02-17,Falcon 9,Vandenberg AFB,LEO,290.0,Starlink-5478                ,Success
2023-02-17,Falcon 9,Vandenberg AFB,LEO,290.0,Starlink-5479                ,Success
2023-02-17,Falcon 9,Vandenberg AFB,LEO,290.0,Starlink-5480                ,Success
2023-04-27,Falcon 9,Cape Canaveral,LEO,300.0,Starlink-5482,Success
2023-02-17,Falcon 9,Vandenberg AFB,LEO,290.0,Starlink-5483                ,Success
2023-02-17,Falcon 9,Vandenberg AFB,LEO,290.0,Starlink-5484                ,Failure
2023-02-17,Falcon 9,Vandenberg AFB,LEO,290.0,Starlink-5487                ,Failure
2023-03-29,Falcon 9,Cape Canaveral,LEO,290.0,Starlink-5489                ,Success
2023-01-26,Falcon 9,Cape Canaveral,LEO,290.0,Starlink-5491                ,Success
2023-01-26,Falcon 9,Cape Canaveral,LEO,290.0,Starlink-5492                ,Failure
2023-01-26,Falcon 9,Cape Canaveral,LEO,290.0,Starlink-5493                ,Success
2023-02-17,Falcon 9,Vandenberg AFB,LEO,290.0,Starlink-5494                ,Success
2023-02-17,Falcon 9,Vandenberg AFB,LEO,290.0,Starlink-5495                ,Success
2023-02-17,Falcon 9,Vandenberg AFB,LEO,290.0,Starlink-5497                ,Success
2023-02-17,Falcon 9,Vandenberg AFB,LEO,290.0,Starlink-5498                ,Failure
2023-03-03,Falcon 9,Vandenberg AFB,LEO,290.0,Starlink-5499                ,Success
2023-02-17,Falcon 9,Vandenberg AFB,LEO,290.0,Starlink-5500                ,Success
2023-02-17,Falcon 9,Vandenberg AFB,LEO,290.0,Starlink-5501                ,Failure
2023-02-17,Falcon 9,Vandenberg AFB,LEO,290.0,Starlink-5502                ,Success
2023-02-17,Falcon 9,Vandenberg AFB,LEO,290.0,Starlink-5506                ,Success
2023-02-17,Falcon 9,Vandenberg AFB,LEO,290.0,Starlink-5507                ,Success
2023-02-17,Falcon 9,Vandenberg AFB,LEO,290.0,Starlink-5508                ,Success
2023-02-17,Falcon 9,Vandenberg AFB,LEO,290.0,Starlink-5510                ,Success
2023-01-26,Falcon 9,Cape Canaveral,LEO,290.0,Starlink-5531                ,Success
2023-03-03,Falcon 9,Vandenberg AFB,LEO,290.0,Starlink-5532                ,Success
2023-04-27,Falcon 9,Cape Canaveral,LEO,300.0,Starlink-5533,Success
2023-04-27,Falcon 9,Cape Canaveral,LEO,300.0,Starlink-5535,Success
2023-04-27,Falcon 9,Cape Canaveral,LEO,300.0,Starlink-5538,Success
2023-03-03,Falcon 9,Vandenberg AFB,LEO,290.0,Starlink-5539                ,Failure
2023-04-27,Falcon 9,Cape Canaveral,LEO,300.0,Starlink-5540,Success
2023-04-27,Falcon 9,Cape Canaveral,LEO,300.0,Starlink-5543,Success
2023-03-03,Falcon 9,Vandenberg AFB,LEO,290.0,Starlink-5544                ,Success
2023-02-17,Falcon 9,Vandenberg AFB,LEO,290.0,Starlink-5546                ,Success
2023-01-26,Falcon 9,Cape Canaveral,LEO,290.0,Starlink-5547                ,Success
2023-04-27,Falcon 9,Cape Canaveral,LEO,300.0,Starlink-5548,Success
2023-04-27,Falcon 9,Cape Canaveral,LEO,300.0,Starlink-5549,Success
2023-04-27,Falcon 9,Cape Canaveral,LEO,300.0,Starlink-5550,Success
2023-04-27,Falcon 9,Cape Canaveral,LEO,300.0,Starlink-5551,Success
2023-04-27,Falcon 9,Cape Canaveral,LEO,300.0,Starlink-5552,Success
2023-04-27,Falcon 9,Cape Canaveral,LEO,300.0,Starlink-5553,Success
2023-04-27,Falcon 9,Cape Canaveral,LEO,300.0,Starlink-5554,Success
2023-01-26,Falcon 9,Cape Canaveral,LEO,290.0,Starlink-5555                ,Success
2023-01-26,Falcon 9,Cape Canaveral,LEO,290.0,Starlink-5556                ,Success
2023-03-03,Falcon 9,Vandenberg AFB,LEO,290.0,Starlink-5557                ,Success
2023-02-17,Falcon 9,Vandenberg AFB,LEO,290.0,Starlink-5558                ,Success
2023-04-27,Falcon 9,Cape Canaveral,LEO,300.0,Starlink-5559,Success
2023-03-03,Falcon 9,Vandenberg AFB,LEO,290.0,Starlink-5560                ,Success
2023-04-27,Falcon 9,Cape Canaveral,LEO,300.0,Starlink-5561,Success
2023-04-27,Falcon 9,Cape Canaveral,LEO,300.0,Starlink-5562,Success
2023-03-29,Falcon 9,Cape Canaveral,LEO,290.0,Starlink-5563                ,Success
2023-03-29,Falcon 9,Cape Canaveral,LEO,290.0,Starlink-5564                ,Success
2023-03-03,Falcon 9,Vandenberg AFB,LEO,290.0,Starlink-5565,Success
2023-03-29,Falcon 9,Cape Canaveral,LEO,290.0,Starlink-5566                ,Success
2023-01-26,Falcon 9,Cape Canaveral,LEO,290.0,Starlink-5567                ,Success
2023-01-26,Falcon 9,Cape Canaveral,LEO,290.0,Starlink-5568                ,Success
2023-01-26,Falcon 9,Cape Canaveral,LEO,290.0,Starlink-5569                ,Success
2023-01-31,Falcon 9,Vandenberg AFB,LEO,290.0,Starlink-5570                ,Success
2023-01-26,Falcon 9,Cape Canaveral,LEO,290.0,Starlink-5571                ,Success
2023-01-26,Falcon 9,Cape Canaveral,LEO,290.0,Starlink-5572                ,Success
2023-03-03,Falcon 9,Vandenberg AFB,LEO,290.0,Starlink-5573                ,Success
2023-01-26,Falcon 9,Cape Canaveral,LEO,290.0,Starlink-5574                ,Success
2023-01-26,Falcon 9,Cape Canaveral,LEO,290.0,Starlink-5575                ,Success
2023-01-26,Falcon 9,Cape Canaveral,LEO,290.0,Starlink-5576                ,Success
2023-03-03,Falcon 9,Vandenberg AFB,LEO,290.0,Starlink-5577                ,Success
2023-01-26,Falcon 9,Cape Canaveral,LEO,290.0,Starlink-5578                ,Success
2023-03-03,Falcon 9,Vandenberg AFB,LEO,290.0,Starlink-5579                ,Success
2023-03-03,Falcon 9,Vandenberg AFB,LEO,290.0,Starlink-5580                ,Success
2023-01-26,Falcon 9,Cape Canaveral,LEO,290.0,Starlink-5581                ,Success
2023-03-03,Falcon 9,Vandenberg AFB,LEO,290.0,Starlink-5583                ,Success
2023-03-03,Falcon 9,Vandenberg AFB,LEO,290.0,Starlink-5584                ,Success
2023-01-26,Falcon 9,Cape Canaveral,LEO,290.0,Starlink-5586                ,Success
2023-01-26,Falcon 9,Cape Canaveral,LEO,290.0,Starlink-5588                ,Success
2023-01-26,Falcon 9,Cape Canaveral,LEO,290.0,Starlink-5590                ,Failure
2023-03-03,Falcon 9,Vandenberg AFB,LEO,290.0,Starlink-5591                ,Success
2023-03-03,Falcon 9,Vandenberg AFB,LEO,290.0,Starlink-5592,Success
2023-03-03,Falcon 9,Vandenberg AFB,LEO,290.0,Starlink-5593                ,Success
2023-03-03,Falcon 9,Vandenberg AFB,LEO,290.0,Starlink-5594,Failure
2023-03-03,Falcon 9,Vandenberg AFB,LEO,290.0,Starlink-5595                ,Success
2023-02-02,Falcon 9,Cape Canaveral,LEO,290.0,Starlink-5596                ,Success
2023-01-31,Falcon 9,Vandenberg AFB,LEO,290.0,Starlink-5597                ,Success
2023-01-31,Falcon 9,Vandenberg AFB,LEO,290.0,Starlink-5598                ,Success
2023-03-03,Falcon 9,Vandenberg AFB,LEO,290.0,Starlink-5599                ,Success
2023-03-03,Falcon 9,Vandenberg AFB,LEO,290.0,Starlink-5601                ,Success
2023-03-03,Falcon 9,Vandenberg AFB,LEO,290.0,Starlink-5602                ,Success
2023-03-03,Falcon 9,Vandenberg AFB,LEO,290.0,Starlink-5603                ,Failure
2023-01-31,Falcon 9,Vandenberg AFB,LEO,290.0,Starlink-5604                ,Success
2023-01-31,Falcon 9,Vandenberg AFB,LEO,290.0,Starlink-5605                ,Success
2023-03-03,Falcon 9,Vandenberg AFB,LEO,290.0,Starlink-5606                ,Failure
2023-01-31,Falcon 9,Vandenberg AFB,LEO,290.0,Starlink-5607                ,Success
2023-01-26,Falcon 9,Cape Canaveral,LEO,290.0,Starlink-5608                ,Success
2023-01-26,Falcon 9,Cape Canaveral,LEO,290.0,Starlink-5609                ,Success
2023-03-03,Falcon 9,Vandenberg AFB,LEO,290.0,Starlink-5611                ,Success
2023-03-03,Falcon 9,Vandenberg AFB,LEO,290.0,Starlink-5612                ,Success
2023-03-03,Falcon 9,Vandenberg AFB,LEO,290.0,Starlink-5613                ,Success
2023-03-03,Falcon 9,Vandenberg AFB,LEO,290.0,Starlink-5614                ,Success
2023-01-31,Falcon 9,Vandenberg AFB,LEO,290.0,Starlink-5615                ,Success
2023-01-31,Falcon 9,Vandenberg AFB,LEO,290.0,Starlink-5616                ,Failure
2023-03-03,Falcon 9,Vandenberg AFB,LEO,290.0,Starlink-5617                ,Success
2023-01-31,Falcon 9,Vandenberg AFB,LEO,290.0,Starlink-5618                ,Success
2023-03-03,Falcon 9,Vandenberg AFB,LEO,290.0,Starlink-5619                ,Success
2023-01-31,Falcon 9,Vandenberg AFB,LEO,290.0,Starlink-5620                ,Success
2023-01-31,Falcon 9,Vandenberg AFB,LEO,290.0,Starlink-5621                ,Success
2023-01-26,Falcon 9,Cape Canaveral,LEO,290.0,Starlink-5622                ,Success
2023-01-31,Falcon 9,Vandenberg AFB,LEO,290.0,Starlink-5623                ,Success
2023-01-31,Falcon 9,Vandenberg AFB,LEO,290.0,Starlink-5624                ,Failure
2023-01-26,Falcon 9,Cape Canaveral,LEO,290.0,Starlink-5625                ,Failure
2023-01-31,Falcon 9,Vandenberg AFB,LEO,290.0,Starlink-5626                ,Success
2023-01-26,Falcon 9,Cape Canaveral,LEO,290.0,Starlink-5627                ,Success
2023-02-02,Falcon 9,Cape Canaveral,LEO,290.0,Starlink-5628                ,Success
2023-01-31,Falcon 9,Vandenberg AFB,LEO,290.0,Starlink-5629                ,Success
2023-01-31,Falcon 9,Vandenberg AFB,LEO,290.0,Starlink-5630                ,Success
2023-01-26,Falcon 9,Cape Canaveral,LEO,290.0,Starlink-5631                ,Success
2023-01-31,Falcon 9,Vandenberg AFB,LEO,290.0,Starlink-5632                ,Success
2023-01-31,Falcon 9,Vandenberg AFB,LEO,290.0,Starlink-5633                ,Success
2023-01-31,Falcon 9,Vandenberg AFB,LEO,290.0,Starlink-5634                ,Failure
2023-01-26,Falcon 9,Cape Canaveral,LEO,290.0,Starlink-5635                ,Success
2023-02-02,Falcon 9,Cape Canaveral,LEO,290.0,Starlink-5636                ,Success
2023-01-31,Falcon 9,Vandenberg AFB,LEO,290.0,Starlink-5637                ,Success
2023-01-31,Falcon 9,Vandenberg AFB,LEO,290.0,Starlink-5638                ,Success
2023-01-26,Falcon 9,Cape Canaveral,LEO,290.0,Starlink-5639                ,Success
2023-01-31,Falcon 9,Vandenberg AFB,LEO,290.0,Starlink-5640                ,Success
2023-01-26,Falcon 9,Cape Canaveral,LEO,290.0,Starlink-5641                ,Success
2023-01-31,Falcon 9,Vandenberg AFB,LEO,290.0,Starlink-5642                ,Success
2023-01-31,Falcon 9,Vandenberg AFB,LEO,290.0,Starlink-5643                ,Success
2023-01-26,Falcon 9,Cape Canaveral,LEO,290.0,Starlink-5644                ,Success
2023-01-31,Falcon 9,Vandenberg AFB,LEO,290.0,Starlink-5645                ,Success
2023-02-02,Falcon 9,Cape Canaveral,LEO,290.0,Starlink-5646                ,Success
2023-01-26,Falcon 9,Cape Canaveral,LEO,290.0,Starlink-5647                ,Success
2023-01-26,Falcon 9,Cape Canaveral,LEO,290.0,Starlink-5648                ,Success
2023-01-26,Falcon 9,Cape Canaveral,LEO,290.0,Starlink-5649                ,Failure
2023-02-02,Falcon 9,Cape Canaveral,LEO,290.0,Starlink-5650                ,Success
2023-01-26,Falcon 9,Cape Canaveral,LEO,290.0,Starlink-5651                ,Success
2023-01-26,Falcon 9,Cape Canaveral,LEO,290.0,Starlink-5652                ,Success
2023-01-26,Falcon 9,Cape Canaveral,LEO,290.0,Starlink-5653                ,Success
2023-01-26,Falcon 9,Cape Canaveral,LEO,290.0,Starlink-5654                ,Success
2023-01-26,Falcon 9,Cape Canaveral,LEO,290.0,Starlink-5655                ,Success
2023-02-02,Falcon 9,Cape Canaveral,LEO,290.0,Starlink-5656                ,Failure
2023-01-26,Falcon 9,Cape Canaveral,LEO,290.0,Starlink-5657                ,Success
2023-01-26,Falcon 9,Cape Canaveral,LEO,290.0,Starlink-5658                ,Failure
2023-01-26,Falcon 9,Cape Canaveral,LEO,290.0,Starlink-5659                ,Success
2023-01-26,Falcon 9,Cape Canaveral,LEO,290.0,Starlink-5660                ,Success
2023-01-26,Falcon 9,Cape Canaveral,LEO,290.0,Starlink-5661                ,Success
2023-01-26,Falcon 9,Cape Canaveral,LEO,290.0,Starlink-5662                ,Success
2023-01-26,Falcon 9,Cape Canaveral,LEO,290.0,Starlink-5663                ,Success
2023-01-26,Falcon 9,Cape Canaveral,LEO,290.0,Starlink-5664                ,Success
2023-01-26,Falcon 9,Cape Canaveral,LEO,290.0,Starlink-5665                ,Success
2023-01-26,Falcon 9,Cape Canaveral,LEO,290.0,Starlink-5666                ,Success
2023-01-26,Falcon 9,Cape Canaveral,LEO,290.0,Starlink-5667                ,Success
2023-01-26,Falcon 9,Cape Canaveral,LEO,290.0,Starlink-5668                ,Success
2023-02-02,Falcon 9,Cape Canaveral,LEO,290.0,Starlink-5669                ,Success
2023-01-26,Falcon 9,Cape Canaveral,LEO,290.0,Starlink-5670                ,Success
2023-01-26,Falcon 9,Cape Canaveral,LEO,290.0,Starlink-5671                ,Success
2023-02-02,Falcon 9,Cape Canaveral,LEO,290.0,Starlink-5672                ,Success
2023-02-02,Falcon 9,Cape Canaveral,LEO,290.0,Starlink-5673                ,Success
2023-02-02,Falcon 9,Cape Canaveral,LEO,290.0,Starlink-5674                ,Success
2023-01-26,Falcon 9,Cape Canaveral,LEO,290.0,Starlink-5675                ,Success
2023-02-02,Falcon 9,Cape Canaveral,LEO,290.0,Starlink-5676                ,Success
2023-02-02,Falcon 9,Cape Canaveral,LEO,290.0,Starlink-5677                ,Success
2023-02-02,Falcon 9,Cape Canaveral,LEO,290.0,Starlink-5679                ,Failure
2023-02-02,Falcon 9,Cape Canaveral,LEO,290.0,Starlink-5680                ,Success
2023-02-02,Falcon 9,Cape Canaveral,LEO,290.0,Starlink-5681                ,Success
2023-02-02,Falcon 9,Cape Canaveral,LEO,290.0,Starlink-5682                ,Failure
2023-02-02,Falcon 9,Cape Canaveral,LEO,290.0,Starlink-5683                ,Success
2023-02-02,Falcon 9,Cape Canaveral,LEO,290.0,Starlink-5684                ,Success
2023-02-02,Falcon 9,Cape Canaveral,LEO,290.0,Starlink-5685                ,Success
2023-02-02,Falcon 9,Cape Canaveral,LEO,290.0,Starlink-5686                ,Success
2023-02-02,Falcon 9,Cape Canaveral,LEO,290.0,Starlink-5687                ,Success
2023-02-02,Falcon 9,Cape Canaveral,LEO,290.0,Starlink-5688                ,Success
2023-02-02,Falcon 9,Cape Canaveral,LEO,290.0,Starlink-5689                ,Success
2023-02-02,Falcon 9,Cape Canaveral,LEO,290.0,Starlink-5690                ,Success
2023-02-02,Falcon 9,Cape Canaveral,LEO,290.0,Starlink-5691                ,Failure
2023-02-02,Falcon 9,Cape Canaveral,LEO,290.0,Starlink-5692                ,Success
2023-02-02,Falcon 9,Cape Canaveral,LEO,290.0,Starlink-5693                ,Success
2023-02-02,Falcon 9,Cape Canaveral,LEO,290.0,Starlink-5694                ,Success
2023-02-02,Falcon 9,Cape Canaveral,LEO,290.0,Starlink-5695                ,Success
2023-02-02,Falcon 9,Cape Canaveral,LEO,290.0,Starlink-5696                ,Success
2023-02-12,Falcon 9,Cape Canaveral,LEO,290.0,Starlink-5697                ,Success
2023-02-12,Falcon 9,Cape Canaveral,LEO,290.0,Starlink-5698                 ,Success
2023-02-02,Falcon 9,Cape Canaveral,LEO,290.0,Starlink-5699                ,Success
2023-02-12,Falcon 9,Cape Canaveral,LEO,290.0,Starlink-5700                ,Success
2023-02-02,Falcon 9,Cape Canaveral,LEO,290.0,Starlink-5701                ,Success
2023-02-12,Falcon 9,Cape Canaveral,LEO,290.0,Starlink-5702                ,Success
2023-02-12,Falcon 9,Cape Canaveral,LEO,290.0,Starlink-5703                ,Success
2023-02-02,Falcon 9,Cape Canaveral,LEO,290.0,Starlink-5704                ,Failure
2023-02-02,Falcon 9,Cape Canaveral,LEO,290.0,Starlink-5705                ,Success
2023-02-02,Falcon 9,Cape Canaveral,LEO,290.0,Starlink-5706                ,Success
2023-02-02,Falcon 9,Cape Canaveral,LEO,290.0,Starlink-5708                ,Success
2023-02-12,Falcon 9,Cape Canaveral,LEO,290.0,Starlink-5709                ,Success
2023-02-12,Falcon 9,Cape Canaveral,LEO,290.0,Starlink-5710                ,Success
2023-02-02,Falcon 9,Cape Canaveral,LEO,290.0,Starlink-5711                ,Success
2023-02-12,Falcon 9,Cape Canaveral,LEO,290.0,Starlink-5712                ,Success
2023-02-12,Falcon 9,Cape Canaveral,LEO,290.0,Starlink-5713                ,Success
2023-02-12,Falcon 9,Cape Canaveral,LEO,290.0,Starlink-5714                ,Success
2023-02-12,Falcon 9,Cape Canaveral,LEO,290.0,Starlink-5715                ,Success
2023-02-12,Falcon 9,Cape Canaveral,LEO,290.0,Starlink-5717                ,Success
2023-02-12,Falcon 9,Cape Canaveral,LEO,290.0,Starlink-5718                ,Success
2023-02-12,Falcon 9,Cape Canaveral,LEO,290.0,Starlink-5719                ,Success
2023-02-12,Falcon 9,Cape Canaveral,LEO,290.0,Starlink-5720                ,Success
2023-02-12,Falcon 9,Cape Canaveral,LEO,290.0,Starlink-5721                ,Success
2023-02-12,Falcon 9,Cape Canaveral,LEO,290.0,Starlink-5722                ,Success
2023-02-12,Falcon 9,Cape Canaveral,LEO,290.0,Starlink-5725                ,Success
2023-02-12,Falcon 9,Cape Canaveral,LEO,290.0,Starlink-5726                ,Success
2023-02-12,Falcon 9,Cape Canaveral,LEO,290.0,Starlink-5727                ,Success
2023-02-12,Falcon 9,Cape Canaveral,LEO,290.0,Starlink-5728                ,Success
2023-02-12,Falcon 9,Cape Canaveral,LEO,290.0,Starlink-5729                ,Success
2023-02-12,Falcon 9,Cape Canaveral,LEO,290.0,Starlink-5730                ,Success
2023-02-12,Falcon 9,Cape Canaveral,LEO,290.0,Starlink-5732                ,Success
2023-02-12,Falcon 9,Cape Canaveral,LEO,290.0,Starlink-5734                ,Success
2023-02-12,Falcon 9,Cape Canaveral,LEO,290.0,Starlink-5735                ,Success
2023-02-12,Falcon 9,Cape Canaveral,LEO,290.0,Starlink-5736                ,Success
2023-02-12,Falcon 9,Cape Canaveral,LEO,290.0,Starlink-5737                ,Failure
2023-02-12,Falcon 9,Cape Canaveral,LEO,290.0,Starlink-5738                ,Success
2023-02-12,Falcon 9,Cape Canaveral,LEO,290.0,Starlink-5739                ,Success
2023-02-12,Falcon 9,Cape Canaveral,LEO,290.0,Starlink-5740                ,Success
2023-02-12,Falcon 9,Cape Canaveral,LEO,290.0,Starlink-5741                ,Success
2023-02-12,Falcon 9,Cape Canaveral,LEO,290.0,Starlink-5742                ,Failure
2023-02-12,Falcon 9,Cape Canaveral,LEO,290.0,Starlink-5743                ,Success
2023-02-12,Falcon 9,Cape Canaveral,LEO,290.0,Starlink-5744                ,Success
2023-02-12,Falcon 9,Cape Canaveral,LEO,290.0,Starlink-5745                ,Success
2023-02-12,Falcon 9,Cape Canaveral,LEO,290.0,Starlink-5747                ,Success
2023-02-12,Falcon 9,Cape Canaveral,LEO,290.0,Starlink-5748                ,Failure
2023-02-12,Falcon 9,Cape Canaveral,LEO,290.0,Starlink-5749                                      ,Success
2023-02-12,Falcon 9,Cape Canaveral,LEO,290.0,Starlink-5750                ,Success
2023-02-12,Falcon 9,Cape Canaveral,LEO,290.0,Starlink-5751                ,Success
2023-02-12,Falcon 9,Cape Canaveral,LEO,290.0,Starlink-5752                ,Success
2023-02-12,Falcon 9,Cape Canaveral,LEO,290.0,Starlink-5753                ,Success
2023-02-12,Falcon 9,Cape Canaveral,LEO,290.0,Starlink-5754                ,Success
2023-02-12,Falcon 9,Cape Canaveral,LEO,290.0,Starlink-5755                ,Success
2023-02-12,Falcon 9,Cape Canaveral,LEO,290.0,Starlink-5756                ,Success
2023-02-12,Falcon 9,Cape Canaveral,LEO,290.0,Starlink-5757                ,Success
2023-03-24,Falcon 9,Cape Canaveral,LEO,290.0,Starlink-5758                ,Failure
2023-02-12,Falcon 9,Cape Canaveral,LEO,290.0,Starlink-5759                ,Success
2023-02-12,Falcon 9,Cape Canaveral,LEO,290.0,Starlink-5760                ,Success
2023-02-12,Falcon 9,Cape Canaveral,LEO,290.0,Starlink-5761                ,Failure
2023-02-12,Falcon 9,Cape Canaveral,LEO,290.0,Starlink-5762                ,Success
2023-02-12,Falcon 9,Cape Canaveral,LEO,290.0,Starlink-5764                ,Success
2023-03-24,Falcon 9,Cape Canaveral,LEO,290.0,Starlink-5766                ,Success
2023-02-12,Falcon 9,Cape Canaveral,LEO,290.0,Starlink-5767                ,Success
2023-02-12,Falcon 9,Cape Canaveral,LEO,290.0,Starlink-5769                ,Success
2023-03-24,Falcon 9,Cape Canaveral,LEO,290.0,Starlink-5770                ,Failure
2023-03-24,Falcon 9,Cape Canaveral,LEO,290.0,Starlink-5771                ,Success
2023-03-24,Falcon 9,Cape Canaveral,LEO,290.0,Starlink-5772                ,Failure
2023-03-24,Falcon 9,Cape Canaveral,LEO,290.0,Starlink-5774                ,Success
2023-03-24,Falcon 9,Cape Canaveral,LEO,290.0,Starlink-5777                ,Success
2023-03-24,Falcon 9,Cape Canaveral,LEO,290.0,Starlink-5779                ,Success
2023-03-24,Falcon 9,Cape Canaveral,LEO,290.0,Starlink-5781                ,Failure
2023-03-24,Falcon 9,Cape Canaveral,LEO,290.0,Starlink-5782                ,Success
2023-03-24,Falcon 9,Cape Canaveral,LEO,290.0,Starlink-5783                ,Failure
2023-03-24,Falcon 9,Cape Canaveral,LEO,290.0,Starlink-5784                ,Success
2023-03-24,Falcon 9,Cape Canaveral,LEO,290.0,Starlink-5785                ,Success
2023-03-24,Falcon 9,Cape Canaveral,LEO,290.0,Starlink-5786                ,Success
2023-03-24,Falcon 9,Cape Canaveral,LEO,290.0,Starlink-5787                ,Success
2023-03-24,Falcon 9,Cape Canaveral,LEO,290.0,Starlink-5789                ,Success
2023-03-24,Falcon 9,Cape Canaveral,LEO,290.0,Starlink-5790                ,Failure
2023-03-24,Falcon 9,Cape Canaveral,LEO,290.0,Starlink-5792                ,Success
2023-03-24,Falcon 9,Cape Canaveral,LEO,290.0,Starlink-5793                ,Success
2023-03-24,Falcon 9,Cape Canaveral,LEO,290.0,Starlink-5794                ,Success
2023-03-24,Falcon 9,Cape Canaveral,LEO,290.0,Starlink-5795                ,Failure
2023-03-17,Falcon 9,Vandenberg AFB,LEO,290.0,Starlink-5796                ,Success
2023-03-03,Falcon 9,Vandenberg AFB,LEO,290.0,Starlink-5797                ,Failure
2023-03-24,Falcon 9,Cape Canaveral,LEO,290.0,Starlink-5798                ,Success
2023-03-24,Falcon 9,Cape Canaveral,LEO,290.0,Starlink-5799                ,Success
2023-03-24,Falcon 9,Cape Canaveral,LEO,290.0,Starlink-5800                ,Success
2023-03-24,Falcon 9,Cape Canaveral,LEO,290.0,Starlink-5801                ,Success
2023-03-24,Falcon 9,Cape Canaveral,LEO,290.0,Starlink-5803                ,Success
2023-03-03,Falcon 9,Vandenberg AFB,LEO,290.0,Starlink-5804                ,Success
2023-03-24,Falcon 9,Cape Canaveral,LEO,290.0,Starlink-5806                ,Success
2023-03-03,Falcon 9,Vandenberg AFB,LEO,290.0,Starlink-5807                ,Failure
2023-03-03,Falcon 9,Vandenberg AFB,LEO,290.0,Starlink-5809                ,Success
2023-03-03,Falcon 9,Vandenberg AFB,LEO,290.0,Starlink-5810                ,Success
2023-03-03,Falcon 9,Vandenberg AFB,LEO,290.0,Starlink-5811                ,Success
2023-03-03,Falcon 9,Vandenberg AFB,LEO,290.0,Starlink-5812                ,Success
2023-03-03,Falcon 9,Vandenberg AFB,LEO,290.0,Starlink-5813                ,Success
2023-03-03,Falcon 9,Vandenberg AFB,LEO,290.0,Starlink-5814                ,Success
2023-03-03,Falcon 9,Vandenberg AFB,LEO,290.0,Starlink-5815                ,Success
2023-03-03,Falcon 9,Vandenberg AFB,LEO,290.0,Starlink-5816                ,Success
2023-03-03,Falcon 9,Vandenberg AFB,LEO,290.0,Starlink-5817                ,Failure
2023-03-03,Falcon 9,Vandenberg AFB,LEO,290.0,Starlink-5818                ,Success
2023-03-03,Falcon 9,Vandenberg AFB,LEO,290.0,Starlink-5819                ,Success
2023-03-03,Falcon 9,Vandenberg AFB,LEO,290.0,Starlink-5820                ,Success
2023-03-03,Falcon 9,Vandenberg AFB,LEO,290.0,Starlink-5823                ,Success
2023-03-03,Falcon 9,Vandenberg AFB,LEO,290.0,Starlink-5825                ,Success
2023-03-03,Falcon 9,Vandenberg AFB,LEO,290.0,Starlink-5826                ,Success
2023-04-27,Falcon 9,Cape Canaveral,LEO,300.0,Starlink-5829,Success
2023-03-03,Falcon 9,Vandenberg AFB,LEO,290.0,Starlink-5833                ,Success
2023-03-03,Falcon 9,Vandenberg AFB,LEO,290.0,Starlink-5835                ,Success
2023-04-27,Falcon 9,Cape Canaveral,LEO,300.0,Starlink-5837,Success
2023-03-17,Falcon 9,Vandenberg AFB,LEO,290.0,Starlink-5848                ,Failure
2023-03-17,Falcon 9,Vandenberg AFB,LEO,290.0,Starlink-5849                ,Success
2023-03-17,Falcon 9,Vandenberg AFB,LEO,290.0,Starlink-5851                ,Success
2023-03-17,Falcon 9,Vandenberg AFB,LEO,290.0,Starlink-5852                ,Success
2023-03-17,Falcon 9,Vandenberg AFB,LEO,290.0,Starlink-5854                ,Success
2023-03-17,Falcon 9,Vandenberg AFB,LEO,290.0,Starlink-5855                ,Success
2023-03-17,Falcon 9,Vandenberg AFB,LEO,290.0,Starlink-5856                ,Success
2023-03-17,Falcon 9,Vandenberg AFB,LEO,290.0,Starlink-5857                ,Success
2023-03-17,Falcon 9,Vandenberg AFB,LEO,290.0,Starlink-5859                ,Success
2023-03-17,Falcon 9,Vandenberg AFB,LEO,290.0,Starlink-5861                ,Success
2023-03-17,Falcon 9,Vandenberg AFB,LEO,290.0,Starlink-5862                ,Success
2023-03-17,Falcon 9,Vandenberg AFB,LEO,290.0,Starlink-5863                ,Failure
2023-03-17,Falcon 9,Vandenberg AFB,LEO,290.0,Starlink-5864                ,Success
2023-03-17,Falcon 9,Vandenberg AFB,LEO,290.0,Starlink-5867                ,Success
2023-03-17,Falcon 9,Vandenberg AFB,LEO,290.0,Starlink-5871                ,Success
2023-04-27,Falcon 9,Cape Canaveral,LEO,300.0,Starlink-5874,Success
2023-04-27,Falcon 9,Cape Canaveral,LEO,300.0,Starlink-5876,Success
2023-04-27,Falcon 9,Cape Canaveral,LEO,300.0,Starlink-5877,Success
2023-03-17,Falcon 9,Vandenberg AFB,LEO,290.0,Starlink-5878                ,Success
2023-03-17,Falcon 9,Vandenberg AFB,LEO,290.0,Starlink-5882                ,Success
2023-03-17,Falcon 9,Vandenberg AFB,LEO,290.0,Starlink-5883                ,Success
2023-03-17,Falcon 9,Vandenberg AFB,LEO,290.0,Starlink-5884                ,Success
2023-04-27,Falcon 9,Cape Canaveral,LEO,300.0,Starlink-5885,Success
2023-04-27,Falcon 9,Cape Canaveral,LEO,300.0,Starlink-5886,Failure
2023-04-27,Falcon 9,Cape Canaveral,LEO,300.0,Starlink-5887,Success
2023-04-27,Falcon 9,Cape Canaveral,LEO,300.0,Starlink-5888,Success
2023-03-17,Falcon 9,Vandenberg AFB,LEO,290.0,Starlink-5889                ,Success
2023-04-27,Falcon 9,Cape Canaveral,LEO,300.0,Starlink-5891,Success
2023-03-17,Falcon 9,Vandenberg AFB,LEO,290.0,Starlink-5892                ,Success
2023-03-17,Falcon 9,Vandenberg AFB,LEO,290.0,Starlink-5893                ,Success
2023-03-17,Falcon 9,Vandenberg AFB,LEO,290.0,Starlink-5894               ,Success
2023-03-17,Falcon 9,Vandenberg AFB,LEO,290.0,Starlink-5895,Success
2023-03-17,Falcon 9,Vandenberg AFB,LEO,290.0,Starlink-5896                ,Success
2023-03-17,Falcon 9,Vandenberg AFB,LEO,290.0,Starlink-5897                ,Success
2023-03-17,Falcon 9,Vandenberg AFB,LEO,290.0,Starlink-5898                ,Success
2023-03-17,Falcon 9,Vandenberg AFB,LEO,290.0,Starlink-5899                ,Success
2023-03-17,Falcon 9,Vandenberg AFB,LEO,290.0,Starlink-5900                ,Success
2023-03-24,Falcon 9,Cape Canaveral,LEO,290.0,Starlink-5901                ,Success
2023-03-24,Falcon 9,Cape Canaveral,LEO,290.0,Starlink-5902                ,Success
2023-03-24,Falcon 9,Cape Canaveral,LEO,290.0,Starlink-5903                ,Success
2023-03-24,Falcon 9,Cape Canaveral,LEO,290.0,Starlink-5904                ,Success
2023-03-24,Falcon 9,Cape Canaveral,LEO,290.0,Starlink-5905                ,Failure
2023-03-17,Falcon 9,Vandenberg AFB,LEO,290.0,Starlink-5906                ,Success
2023-03-24,Falcon 9,Cape Canaveral,LEO,290.0,Starlink-5907                ,Success
2023-03-17,Falcon 9,Vandenberg AFB,LEO,290.0,Starlink-5908                ,Success
2023-03-17,Falcon 9,Vandenberg AFB,LEO,290.0,Starlink-5909                ,Success
2023-03-24,Falcon 9,Cape Canaveral,LEO,290.0,Starlink-5910                ,Success
2023-03-17,Falcon 9,Vandenberg AFB,LEO,290.0,Starlink-5911                ,Success
2023-03-24,Falcon 9,Cape Canaveral,LEO,290.0,Starlink-5912                ,Success
2023-03-17,Falcon 9,Vandenberg AFB,LEO,290.0,Starlink-5913                ,Success
2023-03-17,Falcon 9,Vandenberg AFB,LEO,290.0,Starlink-5914                ,Success
2023-03-24,Falcon 9,Cape Canaveral,LEO,290.0,Starlink-5915                ,Success
2023-03-24,Falcon 9,Cape Canaveral,LEO,290.0,Starlink-5916                ,Success
2023-03-17,Falcon 9,Vandenberg AFB,LEO,290.0,Starlink-5917                ,Failure
2023-03-17,Falcon 9,Vandenberg AFB,LEO,290.0,Starlink-5918                ,Success
2023-03-17,Falcon 9,Vandenberg AFB,LEO,290.0,Starlink-5919                ,Success
2023-03-17,Falcon 9,Vandenberg AFB,LEO,290.0,Starlink-5920                ,Failure
2023-03-17,Falcon 9,Vandenberg AFB,LEO,290.0,Starlink-5921                ,Success
2023-03-17,Falcon 9,Vandenberg AFB,LEO,290.0,Starlink-5922                ,Success
2023-03-17,Falcon 9,Vandenberg AFB,LEO,290.0,Starlink-5924                ,Success
2023-03-17,Falcon 9,Vandenberg AFB,LEO,290.0,Starlink-5925                ,Success
2023-03-17,Falcon 9,Vandenberg AFB,LEO,290.0,Starlink-5926                ,Success
2023-03-17,Falcon 9,Vandenberg AFB,LEO,290.0,Starlink-5927                ,Success
2023-03-17,Falcon 9,Vandenberg AFB,LEO,290.0,Starlink-5928                ,Success
2023-03-17,Falcon 9,Vandenberg AFB,LEO,290.0,Starlink-5929                ,Success
2023-03-17,Falcon 9,Vandenberg AFB,LEO,290.0,Starlink-5930                ,Success
2023-03-17,Falcon 9,Vandenberg AFB,LEO,290.0,Starlink-5932                ,Success
2023-03-17,Falcon 9,Vandenberg AFB,LEO,290.0,Starlink-5933                ,Success
2023-03-24,Falcon 9,Cape Canaveral,LEO,290.0,Starlink-5934                ,Success
2023-03-24,Falcon 9,Cape Canaveral,LEO,290.0,Starlink-5936                ,Success
2023-03-17,Falcon 9,Vandenberg AFB,LEO,290.0,Starlink-5938                ,Success
2023-03-24,Falcon 9,Cape Canaveral,LEO,290.0,Starlink-5939,Success
2023-03-24,Falcon 9,Cape Canaveral,LEO,290.0,Starlink-5940                ,Success
2023-03-24,Falcon 9,Cape Canaveral,LEO,290.0,Starlink-5941,Success
2023-03-24,Falcon 9,Cape Canaveral,LEO,290.0,Starlink-5942                ,Success
2023-03-24,Falcon 9,Cape Canaveral,LEO,290.0,Starlink-5943                ,Failure
2023-03-24,Falcon 9,Cape Canaveral,LEO,290.0,Starlink-5944                ,Success
2023-03-24,Falcon 9,Cape Canaveral,LEO,290.0,Starlink-5945                ,Failure
2023-03-24,Falcon 9,Cape Canaveral,LEO,290.0,Starlink-5946                ,Success
2023-03-24,Falcon 9,Cape Canaveral,LEO,290.0,Starlink-5947                ,Failure
2023-03-24,Falcon 9,Cape Canaveral,LEO,290.0,Starlink-5948                ,Success
2023-03-24,Falcon 9,Cape Canaveral,LEO,290.0,Starlink-5949                ,Success
2023-04-27,Falcon 9,Cape Canaveral,LEO,300.0,Starlink-5955,Success
2023-03-24,Falcon 9,Cape Canaveral,LEO,290.0,Starlink-5956                ,Success
2023-03-24,Falcon 9,Cape Canaveral,LEO,290.0,Starlink-5957                ,Success
2023-03-24,Falcon 9,Cape Canaveral,LEO,290.0,Starlink-5962                ,Success
2023-04-27,Falcon 9,Cape Canaveral,LEO,300.0,Starlink-5964,Success
2023-03-24,Falcon 9,Cape Canaveral,LEO,290.0,Starlink-5964                ,Success
2023-04-27,Falcon 9,Cape Canaveral,LEO,300.0,Starlink-5967,Success
2023-03-24,Falcon 9,Cape Canaveral,LEO,290.0,Starlink-5968                ,Success
2023-03-24,Falcon 9,Cape Canaveral,LEO,290.0,Starlink-5969                ,Success
2023-04-27,Falcon 9,Cape Canaveral,LEO,300.0,Starlink-5972,Failure
2023-04-27,Falcon 9,Cape Canaveral,LEO,300.0,Starlink-5974,Success
2023-04-27,Falcon 9,Cape Canaveral,LEO,300.0,Starlink-5976,Success
2023-04-27,Falcon 9,Cape Canaveral,LEO,300.0,Starlink-5979,Failure
2023-04-27,Falcon 9,Cape Canaveral,LEO,300.0,Starlink-5980,Success
2023-04-27,Falcon 9,Cape Canaveral,LEO,300.0,Starlink-5981,Success
2023-04-27,Falcon 9,Cape Canaveral,LEO,300.0,Starlink-5984,Success
2023-04-27,Falcon 9,Cape Canaveral,LEO,300.0,Starlink-5988,Success
2023-04-27,Falcon 9,Cape Canaveral,LEO,300.0,Starlink-5991,Success
2023-04-27,Falcon 9,Cape Canaveral,LEO,300.0,Starlink-5992,Success
2023-04-27,Falcon 9,Cape Canaveral,LEO,300.0,Starlink-5997,Success
2023-03-29,Falcon 9,Cape Canaveral,LEO,290.0,Starlink-6030                ,Success
2023-04-27,Falcon 9,Cape Canaveral,LEO,300.0,Starlink-6033,Success
2023-04-27,Falcon 9,Cape Canaveral,LEO,300.0,Starlink-6034,Success
2023-04-27,Falcon 9,Cape Canaveral,LEO,300.0,Starlink-6035,Success
2023-04-27,Falcon 9,Cape Canaveral,LEO,300.0,Starlink-6038,Success
2023-04-27,Falcon 9,Cape Canaveral,LEO,300.0,Starlink-6039,Success
2023-03-29,Falcon 9,Cape Canaveral,LEO,290.0,Starlink-6062                ,Failure
2023-03-29,Falcon 9,Cape Canaveral,LEO,290.0,Starlink-6066                ,Success
2023-03-29,Falcon 9,Cape Canaveral,LEO,290.0,Starlink-6071                ,Success
2023-03-29,Falcon 9,Cape Canaveral,LEO,290.0,Starlink-6075                ,Success
2023-03-29,Falcon 9,Cape Canaveral,LEO,290.0,Starlink-6076                ,Success
2023-03-29,Falcon 9,Cape Canaveral,LEO,290.0,Starlink-6077                ,Failure
2023-03-29,Falcon 9,Cape Canaveral,LEO,290.0,Starlink-6078                ,Success
2023-03-29,Falcon 9,Cape Canaveral,LEO,290.0,Starlink-6079                ,Success
2023-03-29,Falcon 9,Cape Canaveral,LEO,290.0,Starlink-6080                ,Success
2023-03-29,Falcon 9,Cape Canaveral,LEO,290.0,Starlink-6081                ,Success
2023-03-29,Falcon 9,Cape Canaveral,LEO,290.0,Starlink-6082                ,Success
2023-03-29,Falcon 9,Cape Canaveral,LEO,290.0,Starlink-6083                ,Failure
2023-03-29,Falcon 9,Cape Canaveral,LEO,290.0,Starlink-6084                ,Success
2023-03-29,Falcon 9,Cape Canaveral,LEO,290.0,Starlink-6088                ,Failure
2023-03-29,Falcon 9,Cape Canaveral,LEO,290.0,Starlink-6089                ,Success
2023-03-29,Falcon 9,Cape Canaveral,LEO,290.0,Starlink-6090                ,Success
2023-03-29,Falcon 9,Cape Canaveral,LEO,290.0,Starlink-6091                ,Failure
2023-03-29,Falcon 9,Cape Canaveral,LEO,290.0,Starlink-6092                ,Success
2023-03-29,Falcon 9,Cape Canaveral,LEO,290.0,Starlink-6093                ,Success
2023-03-29,Falcon 9,Cape Canaveral,LEO,290.0,Starlink-6094                ,Success
2023-03-29,Falcon 9,Cape Canaveral,LEO,290.0,Starlink-6095                ,Success
2023-03-29,Falcon 9,Cape Canaveral,LEO,290.0,Starlink-6096                ,Success
2023-03-29,Falcon 9,Cape Canaveral,LEO,290.0,Starlink-6101                ,Failure
2023-03-29,Falcon 9,Cape Canaveral,LEO,290.0,Starlink-6102,Success
2023-03-29,Falcon 9,Cape Canaveral,LEO,290.0,Starlink-6103                ,Success
2023-03-29,Falcon 9,Cape Canaveral,LEO,290.0,Starlink-6104                ,Success
2023-03-29,Falcon 9,Cape Canaveral,LEO,290.0,Starlink-6105                ,Success
2023-03-29,Falcon 9,Cape Canaveral,LEO,290.0,Starlink-6107                ,Failure
2023-03-29,Falcon 9,Cape Canaveral,LEO,290.0,Starlink-6109                ,Success
2023-03-29,Falcon 9,Cape Canaveral,LEO,290.0,Starlink-6113                ,Failure
2023-03-29,Falcon 9,Cape Canaveral,LEO,290.0,Starlink-6114                ,Success
2023-03-29,Falcon 9,Cape Canaveral,LEO,290.0,Starlink-6115                ,Success
2023-03-29,Falcon 9,Cape Canaveral,LEO,290.0,Starlink-6117,Success
2023-03-29,Falcon 9,Cape Canaveral,LEO,290.0,Starlink-6119                ,Success
2023-03-29,Falcon 9,Cape Canaveral,LEO,290.0,Starlink-6120                ,Success
2023-03-29,Falcon 9,Cape Canaveral,LEO,290.0,Starlink-6121                ,Success
2023-03-29,Falcon 9,Cape Canaveral,LEO,290.0,Starlink-6122                ,Success
2023-03-29,Falcon 9,Cape Canaveral,LEO,290.0,Starlink-6124                ,Success
2023-03-29,Falcon 9,Cape Canaveral,LEO,290.0,Starlink-6126                ,Success
2022-01-13,LauncherOne,Virgin Orbit,LEO,5.0,Steamsat-1,Success
2022-06-21,Nuri,Naro Space Center,LEO,10.0,STEP Cube Lab 2,Success
2023-01-03,Falcon 9,Cape Canaveral,LEO,10.0,Sternula-1,Success
2022-01-13,Falcon 9,Cape Canaveral,LEO,5.0,STORK-1,Success
2022-01-13,Falcon 9,Cape Canaveral,LEO,5.0,STORK-2,Success
2022-01-13,LauncherOne,Virgin Orbit,LEO,5.0,STORK-3,Success
2021-06-30,LauncherOne,Virgin Orbit,LEO,5.0,STORK-4,Success
2021-06-30,LauncherOne,Virgin Orbit,LEO,5.0,STORK-5,Success
2021-12-07,Atlas 5,Cape Canaveral,GEO,1000.0,STPSat-6,Success
2001-12-27,Tsyklon 3,Plesetsk Cosmodrome,LEO,225.0,Strela 3 (Cosmos 2385),Success
2001-12-27,Tsyklon 3,Plesetsk Cosmodrome,LEO,225.0,Strela 3 (Cosmos 2386),Failure
2002-07-08,Kosmos 3M,Plesetsk Cosmodrome,LEO,225.0,Strela 3 (Cosmos 2390),Failure
2002-07-08,Kosmos 3M,Plesetsk Cosmodrome,LEO,225.0,Strela 3 (Cosmos 2391),Failure
2003-08-19,Kosmos 3M,Plesetsk Cosmodrome,LEO,225.0,Strela 3 (Cosmos 2400),Success
2003-08-19,Kosmos 3M,Plesetsk Cosmodrome,LEO,225.0,Strela 3 (Cosmos 2401),Success
2004-09-23,Kosmos 3M,Plesetsk Cosmodrome,LEO,225.0,Strela 3 (Cosmos 2408),Success
2004-09-23,Kosmos 3M,Plesetsk Cosmodrome,LEO,225.0,Strela 3 (Cosmos 2409),Success
2022-02-28,Electron,Rocket Lab Launch Complex 1B,LEO,150.0,StriX β (StriX-Beta),Success
2022-09-15,Electron,Rocket Lab Launch Complex 1,LEO,150.0,StriX-1,Success
2020-12-15,Electron,Rocket Lab Launch Complex 1,LEO,150.0,StriX-α (StriX-Alpha),Failure
2013-01-30,Naro-1,Naro Space Center,LEO,93.0,STSat-2C,Success
2009-05-05,Delta 2,Vandenberg AFB,LEO,,"STSS ATRR (Space Tracking and Surveillance System Advanced Technology Risk Reduction Satellite,  205)",Success
2022-04-01,Falcon 9,Cape Canaveral,LEO,4.0,SUCHAI-2 (Satellite of University of Chile for Aerospace Investigation),Failure
2022-04-01,Falcon 9,Cape Canaveral,LEO,4.0,SUCHAI-3 (Satellite of University of Chile for Aerospace Investigation),Success
2021-08-17,Vega,Guiana Space Center,LEO,4.0,Sunstorm,Success
2018-12-03,Falcon 9,Vandenberg AFB,LEO,1.0,Suomi-100,Success
2008-08-14,Ariane 5 ECA,Guiana Space Center,GEO,5000.0,Superbird 7 (Superbird C2),Failure
2018-04-05,Ariane 5,Guiana Space Center,GEO,5348.0,Superbird 8/DSN-1 (Kirameki 1),Success
2016-12-28,Long March 2D,Taiyuan Launch Center,LEO,560.0,Superview 1-01 (GaoJing 1-01),Success
2016-12-28,Long March 2D,Taiyuan Launch Center,LEO,560.0,Superview 1-02 (GaoJing 1-02),Success
2018-01-08,Long March 2D,Taiyuan Launch Center,LEO,560.0,Superview 1-03 (GaoJing 1-03),Success
2018-01-08,Long March 2D,Taiyuan Launch Center,LEO,560.0,Superview 1-04 (GaoJing 1-04),Success
2013-11-22,Rokot,Plesetsk Cosmodrome,LEO,468.0,SWARM-A,Failure
2013-11-22,Rokot,Plesetsk Cosmodrome,LEO,468.0,SWARM-B,Success
2013-11-22,Rokot,Plesetsk Cosmodrome,LEO,468.0,SWARM-C,Success
2004-11-20,Delta 7320,Cape Canaveral,LEO,1463.0,Swift ,Success
2009-09-23,PSLV,Satish Dhawan Space Centre,LEO,1.0,SwissCube,Success
2005-10-13,Ariane 5,Guiana Space Center,GEO,3725.0,Syracuse 3A (Systeme de Radio Communications Utilisant un Satellite),Success
2006-08-11,Ariane 5,Guiana Space Center,GEO,3750.0,Syracuse 3B (Systeme de Radio Communications Utilisant un Satellite),Failure
2021-10-24,Ariane 5,Guiana Space Center,GEO,3852.0,Syracuse 4A (Systeme de Radio Communications Utilisant un Satellite),Failure
2011-09-27,Minotaur 4,Kodiak Launch Complex,Elliptical,450.0,TacSat 4,Success
2013-12-05,Atlas 5,Vandenberg AFB,LEO,,TacSat 6,Success
2023-04-15,Falcon 9,Vandenberg AFB,LEO,4.0,Taifa-1,Success
2021-04-27,Long March 6,Taiyuan Launch Center,LEO,70.0,Taijing 2-01,Success
2022-02-27,Long March 8,Wenchang Space Center,LEO,240.0,Taijing 3-01,Success
2022-02-27,Long March 8,Wenchang Space Center,LEO,350.0,Taijing 4-01,Success
2010-06-21,Dnepr,Baikonur Cosmodrome,LEO,1350.0,TanDEM-X (TerraSAR-X add-on for Digital Elevation Measurement),Success
2018-10-24,Long March 4B,Taiyuan Launch Center,LEO,25.0,Tangguo Guan (Candy Can),Success
2000-08-09,Soyuz,Baikonur Cosmodrome,Elliptical,1200.0,"Tango (part of Cluster quartet, Cluster 2 FM8)",Success
2021-06-30,Falcon 9,Cape Canaveral,LEO,35.0,Tanker-001 Tenzing,Success
2016-12-21,Long March 2D,Jiuquan Satellite Launch Center,LEO,620.0,"TanSat (Tan Weixing, Carbon Satellite)",Success
2023-01-03,Falcon 9,Cape Canaveral,LEO,4.0,TAUSat-2,Success
2019-08-08,Atlas 5,Cape Canaveral,Elliptical,20.0,TDO,Success
2002-12-04,Atlas 2A,Cape Canaveral,GEO,3180.0,"TDRS-10 (Tracking and Data Relay Satellite, TDRS-J)",Success
2013-01-31,Atlas 5,Cape Canaveral,GEO,3454.0,"TDRS-11 (Tracking and Data Relay Satellite, TDRS K)",Success
2014-01-23,Atlas 5,Cape Canaveral,GEO,3454.0,"TDRS-12 (Tracking and Data Relay Satellite, TDRS L)",Failure
2017-08-18,Atlas 5,Cape Canaveral,GEO,3452.0,"TDRS-13 (Tracking and Data Relay Satellite, TDRS M)",Success
1988-09-29,Space Shuttle (STS 26),Cape Canaveral,GEO,3180.0,"TDRS-3 (Tracking and Data Relay Satellite, TDRS-C) ",Failure
1991-08-02,Space Shuttle (STS 43),Cape Canaveral,GEO,3180.0,"TDRS-5 (Tracking and Data Relay Satellite, TDRS-E)",Success
1993-01-13,Space Shuttle (STS 54),Cape Canaveral,GEO,3180.0,"TDRS-6 (Tracking and Data Relay Satellite, TDRS-F)",Success
1995-07-13,Space Shuttle (STS 70),Cape Canaveral,GEO,3180.0,"TDRS-7 (Tracking and Data Relay Satellite, TDRS-G)",Success
2000-06-30,Atlas 2A,Cape Canaveral,GEO,3180.0,"TDRS-8 (Tracking and Data Relay Satellite, TDRS-H)",Success
2002-03-08,Atlas 2A,Cape Canaveral,GEO,3180.0,"TDRS-9 (Tracking and Data Relay Satellite, TDRS-I)",Failure
2022-01-13,LauncherOne,Virgin Orbit,LEO,4.0,TechEdSat-13,Failure
2017-07-14,Soyuz-2.1a,Baikonur Cosmodrome,LEO,18.0,Technosat,Success
2008-01-21,PSLV C10,Satish Dhawan Space Centre,LEO,300.0,"TecSAR (Ofeq 8, Polaris)",Success
2021-11-08,H2A,Uchinoura Space Center,LEO,52.0,TeikyoSat 4 (Oruri),Success
2015-12-16,PSLV C29,Satish Dhawan Space Centre,LEO,400.0,TeLEOS 1,Success
2017-02-14,Ariane 5 ECA,Guiana Space Center,GEO,3550.0,Telkom 3S,Success
2009-02-26,Zenit 3SLB,Sea Launch Odyssey,GEO,4010.0,Telstar 11N,Success
2015-11-24,H2A,Tanegashima Space Center,GEO,4900.0,Telstar 12V (Telstar 12 Vantage),Success
2011-05-20,Proton,Baikonur Cosmodrome,GEO,4970.0,Telstar 14R (Estrela do Sul 2),Failure
2018-09-10,Falcon 9,Cape Canaveral,GEO,7060.0,Telstar 18 VANTAGE (Apstar 5C),Success
2018-07-22,Falcon 9,Cape Canaveral,GEO,7075.0,Telstar 19 Vantage,Failure
2018-07-13,Nanorack Deployer,International Space Station,LEO,10.0,TEMPEST-D,Success
2018-10-29,H2A,Tanegashima Space Center,LEO,23.0,Ten-Koh,Success
2007-06-15,Dnepr,Baikonur Cosmodrome,LEO,1230.0,TerraSAR-X 1 (Terra Synthetic Aperture Radar X-Band),Success
2009-07-01,Ariane 5 ECA,Guiana Space Center,GEO,6910.0,TerraStar 1,Success
2018-04-18,Falcon 9,Cape Canaveral,Elliptical,362.0,TESS (Transiting Exoplanet Survey Satellite),Success
2012-07-22,Soyuz-Fregat,Baikonur Cosmodrome,LEO,120.0,"TET-1 (Technologieerprobungsträger 1, Technology Experiment Carrier)",Success
2022-11-01,Falcon Heavy,Cape Canaveral,GEO,100.0,TETRA-1 (USA 340),Success
2022-01-13,Falcon 9,Cape Canaveral,LEO,1.0,Tevel-1,Success
2022-01-13,Falcon 9,Cape Canaveral,LEO,1.0,Tevel-2,Failure
2022-01-13,Falcon 9,Cape Canaveral,LEO,1.0,Tevel-3,Success
2022-01-13,Falcon 9,Cape Canaveral,LEO,1.0,Tevel-4,Success
2022-01-13,Falcon 9,Cape Canaveral,LEO,1.0,Tevel-5,Success
2022-01-13,Falcon 9,Cape Canaveral,LEO,1.0,Tevel-6,Success
2022-01-13,Falcon 9,Cape Canaveral,LEO,1.0,Tevel-7,Success
2022-01-13,Falcon 9,Cape Canaveral,LEO,1.0,Tevel-8,Success
2005-08-11,Ariane 5G,Guiana Space Center,GEO,6505.0,"Thaicom-4 (Ipstar 1, Measat 5)",Success
2014-01-06,Falcon 9,Cape Canaveral,GEO,3325.0,Thaicom-6,Success
2016-05-27,Falcon 9,Cape Canaveral,GEO,3025.0,Thaicom-8,Success
2018-12-03,Falcon 9,Vandenberg AFB,LEO,4.0,THEA ,Success
2007-02-17,Delta 2,Cape Canaveral,Elliptical,126.0,THEMIS A (Time History of Events and Macroscale Interactions during Substorms) ,Success
2007-02-17,Delta 2,Cape Canaveral,Elliptical,126.0,THEMIS D (Time History of Events and Macroscale Interactions during Substorms) ,Success
2007-02-17,Delta 2,Cape Canaveral,Elliptical,126.0,THEMIS E (Time History of Events and Macroscale Interactions during Substorms) ,Success
2008-10-01,Dnepr,Dombarovsky Air Base,LEO,750.0,THEOS (Thailand Earth Observation System),Success
2008-02-11,Proton M,Baikonur Cosmodrome,GEO,2024.0,Thor-5 (Thor 2R),Failure
2009-10-29,Ariane 5,Guiana Space Center,GEO,3050.0,Thor-6,Success
2015-04-26,Ariane 5,Guiana Space Center,GEO,4600.0,Thor-7,Success
2003-06-10,Zenit 3SL,Sea Launch Odyssey,GEO,5250.0,Thuraya 2 ,Success
2008-01-15,Zenit 3SL,Sea Launch Odyssey,GEO,5180.0,Thuraya 3,Success
2021-04-29,Long March 5B,Wenchang Space Center,LEO,22500.0,Tianhe ,Success
2010-08-24,Long March 2D,Jiuquan Satellite Launch Center,LEO,2500.0,Tianhui 1-01,Success
2012-05-06,Long March 2D,Jiuquan Satellite Launch Center,LEO,2500.0,Tianhui 1-02,Success
2015-10-26,Long March 2D,Jiuquan Satellite Launch Center,LEO,2500.0,Tianhui 1-03,Success
2021-07-29,Long March 2D,Jiuquan Satellite Launch Center,LEO,2500.0,Tianhui 1-04,Success
2019-04-29,Long March 4B,Taiyuan Launch Center,LEO,2500.0,Tianhui 2-01,Success
2019-04-29,Long March 4B,Taiyuan Launch Center,LEO,2500.0,Tianhui 2-02,Failure
2021-08-18,Long March 4B,Taiyuan Launch Center,LEO,1000.0,Tianhui-2 02-01,Failure
2021-08-18,Long March 4B,Taiyuan Launch Center,LEO,1000.0,Tianhui-2 02-02,Success
2023-03-09,Long March 4C,Taiyuan Launch Center,LEO,1000.0,Tianhui-6 01,Success
2023-03-09,Long March 4C,Taiyuan Launch Center,LEO,1000.0,Tianhui-6 02,Success
2021-12-06,Ceres-1,Jiuquan Satellite Launch Center,LEO,230.0,Tianjin Daxue 1,Success
2022-03-29,Long March 6A,Taiyuan Launch Center,LEO,90.0,Tiankun 2,Success
2017-03-02,KT-2,Jiuquan Satellite Launch Center,LEO,,Tiankun-1,Success
2008-04-25,Long March 3C,Xichang Satellite Launch Center,GEO,3750.0,"TianLian 1 (TL-1-01, CTDRS)",Success
2011-07-11,Long March 3C,Xichang Satellite Launch Center,GEO,2250.0,"TianLian 2 (TL-1-02, CTDRS)",Success
2019-03-31,Long March 3B,Xichang Satellite Launch Center,GEO,,"TianLian 2-01 (TL-2-01, CTDRS)",Failure
2021-12-13,Long March 3B,Xichang Satellite Launch Center,GEO,5000.0,"TianLian 2-02 (TL-2-02, CTDRS)",Success
2022-07-12,Long March 3B/E,Xichang Satellite Launch Center,GEO,5000.0,"TianLian 2-03 (TL-2-03, CTDRS)",Success
2012-07-25,Long March 3C,Xichang Satellite Launch Center,GEO,2200.0,"TianLian 3 (TL-1-03, CTDRS)",Success
2016-11-22,Long March 3C,Xichang Satellite Launch Center,GEO,2200.0,"TianLian 4 (TL-1-04, CTDRS)",Success
2021-07-04,Long March 3C,Xichang Satellite Launch Center,GEO,2200.0,"TianLian 5 (TL-1-05, CTDRS)",Success
2023-01-09,Ceres,Jiuquan Satellite Launch Center,LEO,50.0,Tianmu-1 02,Success
2023-03-22,Kuaizhou 1A,Jiuquan Satellite Launch Center,LEO,50.0,Tianmu-1 03,Success
2023-03-22,Kuaizhou 1A,Jiuquan Satellite Launch Center,LEO,50.0,Tianmu-1 04,Success
2023-03-22,Kuaizhou 1A,Jiuquan Satellite Launch Center,LEO,50.0,Tianmu-1 05,Success
2023-03-22,Kuaizhou 1A,Jiuquan Satellite Launch Center,LEO,50.0,Tianmu-1 06,Success
2018-10-29,Long March 2C,Jiuquan Satellite Launch Center,LEO,8.0,Tianqi-1,Success
2020-07-25,Long March 4B,Taiyuan Launch Center,LEO,9.0,Tianqi-10,Success
2020-11-07,Ceres-1,Taiyuan Launch Center,LEO,50.0,Tianqi-11 (Scorpio 1),Success
2021-05-06,Long March 2C,Xichang Satellite Launch Center,LEO,50.0,Tianqi-12,Success
2023-01-09,Ceres-1,Jiuquan Satellite Launch Center,LEO,40.0,Tianqi-13,Success
2021-06-18,Long March 2C,Xichang Satellite Launch Center,LEO,50.0,Tianqi-14,Success
2021-07-19,Long March 2C,Xichang Satellite Launch Center,LEO,50.0,Tianqi-15,Success
2022-02-27,Long March 8,Wenchang Space Center,LEO,39.0,Tianqi-19,Success
2019-08-17,Jielong 1,Jiuquan Satellite Launch Center,LEO,8.0,Tianqi-2,Success
2019-06-05,Long March 11,Yellow Sea Launch Platform,LEO,8.0,Tianqi-3 ,Success
2019-12-07,Kuaizhou 1A,Taiyuan Launch Center,LEO,9.0,Tianqi-4A,Success
2019-12-07,Kuaizhou 1A,Taiyuan Launch Center,LEO,9.0,Tianqi-4B,Success
2020-01-15,Long March 2D,Taiyuan Launch Center,LEO,9.0,Tianqi-5,Success
2020-10-26,Long March 2C,Xichang Satellite Launch Center,LEO,9.0,Tianqi-6,Success
2020-12-22,Long March 8,Wenchang Space Center,LEO,9.0,Tianqi-8,Success
2021-04-27,Long March 6,Taiyuan Launch Center,LEO,9.0,Tianqi-9,Failure
2019-12-21,Long March 4B,Taiyuan Launch Center,LEO,40.0,Tianqin-1,Failure
2019-12-21,Long March 4B,Taiyuan Launch Center,LEO,,Tianqin-1 ,Failure
2021-10-14,Long March 2D,Taiyuan Launch Center,LEO,50.0,Tianshu 1 (TS-1) ,Success
2016-08-05,Long March 3B,Xichang Satellite Launch Center,GEO,,Tiantong-1-01,Success
2020-11-12,Long March 3B,Xichang Satellite Launch Center,GEO,,Tiantong-1-02,Success
2021-01-19,Long March 3B,Xichang Satellite Launch Center,GEO,4600.0,Tiantong-1-03,Success
2014-09-08,Long March 4B,Taiyuan Launch Center,LEO,67.0,Tiantuo-2,Success
2015-09-19,Long March 6,Taiyuan Launch Center,LEO,20.0,Tiantuo-3 (Luliang 1),Success
2020-08-23,Long March 2D,Jiuquan Satellite Launch Center,LEO,78.5,Tiantuo-5,Success
2019-06-05,Long March 11,Yellow Sea Launch Platform,LEO,,Tianxiang-1,Success
2019-06-05,Long March 11,Yellow Sea Launch Platform,LEO,,Tianxiang-2,Failure
2022-06-22,Kuaizhou-1A ,Jiuquan Satellite Launch Center,LEO,200.0,Tianxing 1,Success
2019-01-21,Long March 11,Jiuquan Satellite Launch Center,LEO,3.0,TianYi-1 (Xiaoxiang-1) ,Success
2019-11-03,Long March 4B,Taiyuan Launch Center,LEO,9.0,"TianYi-15 (Xiaoxiang 1-08, Dianfeng)",Success
2019-12-07,Kuaizhou 1A,Taiyuan Launch Center,LEO,9.0,TianYi-16,Failure
2019-12-07,Kuaizhou 1A,Taiyuan Launch Center,LEO,9.0,TianYi-17,Success
2018-01-18,Long March 11,Jiuquan Satellite Launch Center,LEO,8.0,TianYi-2 (Xiaoxiang 2),Success
2018-01-18,Long March 11,Jiuquan Satellite Launch Center,LEO,8.0,TianYi-6 (Quantutong 1),Success
2021-10-14,Long March 2D,Taiyuan Launch Center,LEO,10.0,Tianyuan 1,Success
2018-11-19,Long March 2D,Jiuquan Satellite Launch Center,LEO,27.0,Tianzhi-1,Success
2023-01-15,Long March 2D,Taiyuan Launch Center,LEO,19.0,Tianzhi-2D,Failure
2019-11-26,Ariane 5 ECA,Guiana Space Center,GEO,5600.0,TIBA-1,Success
2014-06-19,Dnepr,Dombarovsky Air Base,LEO,1.0,TIGRISat,Success
2001-12-07,Delta 2,Vandenberg AFB,LEO,587.0,TIMED (Thermosphere • Ionosphere • Mesosphere • Energetics and Dynamics),Success
2015-09-12,Long March 3B,Xichang Satellite Launch Center,GEO,,TJS-1 (Tongxin Jishu Shiyan 1),Success
2017-01-05,Long March 3B,Xichang Satellite Launch Center,GEO,,TJS-2 (Tongxin Jishu Shiyan 2),Success
2018-12-25,Long March 3C,Xichang Satellite Launch Center,GEO,,TJS-3 (Tongxin Jishu Shiyan 3),Success
2018-12-25,Long March 3C,Xichang Satellite Launch Center,GEO,,TJS-3 Subsatellite,Failure
2019-10-18,Long March 3B,Xichang Satellite Launch Center,GEO,,TJS-4 (Tongxin Jishu Shiyan 4),Success
2020-01-07,Long March 3B,Xichang Satellite Launch Center,GEO,,TJS-5 (Tongxin Jishu Shiyan 5),Success
2021-02-04,Long March 3B,Xichang Satellite Launch Center,GEO,,TJS-6 (Tongxin Jishu Shiyan 6),Success
2021-08-24,Long March 3B,Xichang Satellite Launch Center,GEO,,TJS-7 (Tongxin Jishu Shiyan 7),Success
2013-12-20,Long March 3B,Xichang Satellite Launch Center,GEO,5000.0,TKSat-1 (Túpac Katari Satellite 1),Failure
2023-04-15,Falcon 9,Vandenberg AFB,LEO,,Tomorrow-R1,Success
2020-09-02,Vega,Guiana Space Center,LEO,4.0,TRISAT ,Failure
2021-06-30,Falcon 9,Cape Canaveral,LEO,4.0,TROPICS Pathfinder (Time-Resolved Observations of Precipitation structure and storm Intensity with a Constellation of Smallsats),Success
2022-05-02,Electron,Rocket Lab Launch Complex 1,LEO,1.0,TRSI-2,Success
2022-05-02,Electron,Rocket Lab Launch Complex 1,LEO,1.0,TRSI-3,Success
1997-11-08,Titan IVA,Cape Canaveral,Elliptical,8000.0,"Trumpet 3 (NROL-4, National Reconnaissance Office Launch-4, USA 136)",Success
2007-06-29,Zenit 2M,Baikonur Cosmodrome,LEO,3200.0,Tselina-2 (Cosmos 2428),Success
2020-09-02,Vega,Guiana Space Center,LEO,4.0,TTU100 (Hämarik),Success
2021-06-30,Falcon 9,Cape Canaveral,LEO,20.0,TUBIN (Technische Universität Berlin) ,Success
2013-02-25,PSLV,Satish Dhawan Space Centre,LEO,14.0,"TUGSat-1  (Technische Universität Graz Satellit, CanX-3b, BRITE-Austria)",Success
2015-04-27,Falcon 9,Cape Canaveral,GEO,4700.0,Turkmen Alem 52E/MonacoSAT,Success
2008-06-12,Ariane 5 ECA,Guiana Space Center,GEO,3100.0,Turksat 3A,Success
2014-02-14,Proton,Baikonur Cosmodrome,GEO,4869.0,Turksat 4A,Failure
2015-10-16,Proton,Baikonur Cosmodrome,GEO,5000.0,Turksat 4B,Success
2021-01-08,Falcon 9,Cape Canaveral,GEO,3500.0,Turksat 5A,Success
2021-12-19,Falcon 9,Cape Canaveral,GEO,4500.0,Turksat 5B,Success
2020-09-02,Vega,Guiana Space Center,LEO,,Tyvak 0088,Success
2019-12-11,PSLV,Satish Dhawan Space Centre,LEO,5.0,"Tyvak 0092 (Commtrail, NANOVA)",Success
2019-12-11,PSLV,Satish Dhawan Space Centre,LEO,5.0,Tyvak 0129 ,Success
2021-05-15,Falcon 9,Cape Canaveral,LEO,9.0,Tyvak 0130,Success
2021-03-22,Electron,Rocket Lab Launch Complex 1,LEO,9.0,Tyvak 0152,Success
2020-09-02,Vega,Guiana Space Center,LEO,,Tyvak 0171,Success
2020-08-30,Falcon 9,Cape Canaveral,LEO,10.0,Tyvak 0172,Success
2021-06-30,Falcon 9,Cape Canaveral,LEO,12.0,Tyvak 0173 ,Success
2021-03-22,Electron,Rocket Lab Launch Complex 1,LEO,9.0,Tyvak 0210,Success
2021-06-30,Falcon 9,Cape Canaveral,LEO,6.0,Tyvak 0211,Success
2021-04-29,Vega W18,Guiana Space Center,LEO,10.0,Tyvak 182A (ELO Alpha),Success
2017-06-23,PSLV,Satish Dhawan Space Centre,LEO,4.5,Tyvak 53b,Success
2018-01-11,PSLV,Satish Dhawan Space Centre,LEO,10.0,Tyvak 61c,Success
1999-11-24,Atlas 2,Cape Canaveral,GEO,3200.0,"UFO-10 (USA 146, UHF F/O F10) ""UHF Follow-On""",Success
2003-12-18,Atlas 3,Cape Canaveral,GEO,3200.0,"UFO-11 (USA 174) ""UHF Follow-On""",Success
1993-09-03,Atlas 2,Cape Canaveral,GEO,3200.0,"UFO-2 (USA 95) ""UHF Follow-On""",Success
1995-01-29,Atlas 2,Cape Canaveral,GEO,3200.0,"UFO-4 (USA 108, UFO F4 EHF) ""UHF Follow-On""",Success
1998-03-16,Atlas 2,Cape Canaveral,GEO,3206.0,"UFO-8 (USA 138, UHF F/O F8) ""UHF Follow-On""",Success
2009-07-29,Dnepr,Baikonur Cosmodrome,LEO,96.5,"UK-DMC-2 (BNSCSat-2, British National Science Center Satellite 2)",Failure
2022-01-13,Falcon 9,Cape Canaveral,LEO,65.0,Umbra-02,Success
2023-01-03,Falcon 9,Cape Canaveral,LEO,65.0,Umbra-04,Success
2023-01-03,Falcon 9,Cape Canaveral,LEO,65.0,Umbra-05,Success
2023-04-15,Falcon 9,Vandenberg AFB,LEO,65.0,Umbra-06,Success
2021-06-30,Falcon 9,Cape Canaveral,LEO,65.0,Umbra-SAR 2001,Success
2022-01-13,Falcon 9,Cape Canaveral,LEO,0.5,Unicorn-1,Success
2022-01-13,Falcon 9,Cape Canaveral,LEO,0.5,Unicorn-2A,Failure
2022-01-13,Falcon 9,Cape Canaveral,LEO,0.5,Unicorn-2D,Success
2022-01-13,Falcon 9,Cape Canaveral,LEO,0.5,Unicorn-2TA1,Success
2014-05-24,H2A,Tanegashima Space Center,LEO,50.0,UNIFORM 1  (UNiversity International FORmation Mission 1),Success
2020-09-02,Vega,Guiana Space Center,LEO,60.0,UPMSat-2,Success
2020-11-13,Atlas 5,Cape Canaveral,MEO,,"USA 310 (NROL101, USA 310)",Success
2020-12-19,Falcon 9,Cape Canaveral,LEO,,USA 312 (NROL 108),Success
2020-12-19,Falcon 9,Cape Canaveral,LEO,,USA 313 (NROL USA 108),Success
2022-01-13,Falcon 9,Cape Canaveral,LEO,,USA 313 (Smallsat USA 13),Success
2021-06-15,Minotaur 1,Wallops Island Flight Facility,LEO,,USA 316 (NROL 111 USA 316),Failure
2021-06-15,Minotaur 1,Wallops Island Flight Facility,LEO,,USA 317 (NROL USA 317),Success
2021-06-15,Minotaur 1,Wallops Island Flight Facility,LEO,,USA 318 (NROL USA 18),Success
2022-01-13,Falcon 9,Cape Canaveral,LEO,,USA 320 (Smallsat USA 320),Success
2022-06-19,Falcon 9,Cape Canaveral,LEO,,USA 328,Success
2022-06-19,Falcon 9,Cape Canaveral,LEO,,USA 329,Success
2022-06-19,Falcon 9,Cape Canaveral,LEO,,USA 330,Success
2022-06-19,Falcon 9,Cape Canaveral,LEO,,USA 331,Success
2022-07-01,Atlas 5,Cape Canaveral,GEO,500.0,USSF 12 Ring,Success
2021-01-24,Falcon 9,Cape Canaveral,LEO,1.0,UVSQ-Sat,Success
2018-12-27,Soyuz-2.1a,Vostochny Cosmodrome,LEO,2.0,UWE-4 (University of Würzburg Experimental Satellite 4),Success
2021-01-24,Falcon 9,Cape Canaveral,LEO,1.0,V-R3X 1,Success
2021-01-24,Falcon 9,Cape Canaveral,LEO,1.0,V-R3X 2,Failure
2021-01-24,Falcon 9,Cape Canaveral,LEO,1.0,V-R3X 3,Success
2012-08-30,Atlas 5,Cape Canaveral,Elliptical,647.6,"Van Allen Probe A (RBSP-A, Radiation Belt Storm Probes)",Success
2012-08-30,Atlas 5,Cape Canaveral,Elliptical,666.0,"Van Allen Probe B (RBSP-B, Radiation Belt Storm Probes)",Success
2023-04-15,Falcon 9,Vandenberg AFB,LEO,10.0,VCUB-1,Success
2019-07-05,Soyuz-2.1b,Vostochny Cosmodrome,LEO,4.0,VDNH-80,Failure
2021-03-22,Electron,Rocket Lab Launch Complex 1,LEO,1.0,Veery Hatchling v.0.2 ,Success
2015-12-16,PSLV-C29,Satish Dhawan Space Centre,LEO,13.0,Velox 2,Success
2015-12-16,PSLV-C29,Satish Dhawan Space Centre,LEO,123.0,Velox C1,Success
2017-08-01,Vega,Guiana Space Center,LEO,264.0,Venµs,Success
2011-10-19,Proton M,Baikonur Cosmodrome,GEO,6740.0,ViaSat-1,Failure
2017-06-01,Ariane 5,Guiana Space Center,GEO,6418.0,ViaSat-2,Success
2023-01-03,Falcon 9,Cape Canaveral,LEO,363.0,Vigoride AZ (Vigoride 5),Success
2023-04-15,Falcon 9,Vandenberg AFB,LEO,363.0,Vigoride VR-6,Success
2008-04-18,Ariane 5 ECA,Guiana Space Center,GEO,2600.0,Vinasat 1,Success
2012-05-15,Ariane 5 ECA,Guiana Space Center,GEO,2970.0,Vinasat 2,Success
2023-04-15,Falcon 9,Vandenberg AFB,LEO,95.0,VIREO,Success
2013-05-07,Vega,Guiana Space Center,LEO,115.0,VNREDSat 1A  (Vietnam Natural Resources Environment and Disaster monitoring small Satellite),Success
2012-09-28,Long March 2D,Jiuquan Satellite Launch Center,LEO,880.0,"VRSS-1 (Venezuelan Remote Sensing Satellite, Francisco Miranda)",Success
2017-10-09,Long March 2D,Jiuquan Satellite Launch Center,LEO,1000.0,VRSS-2 (Antonio Jose de Sucre),Success
2021-06-30,Falcon 9,Cape Canaveral,LEO,5.0,W-Cube,Success
2022-10-07,Long March 11H,Yellow Sea Launch Platform,LEO,97.0,Weili Kongjian 1-S5  (Centispace 1S5),Success
2022-10-07,Long March 11H,Yellow Sea Launch Platform,LEO,97.0,Weili Kongjian 1-S6 (Centispace 1S6)  ,Success
2018-01-25,Long March 2C,Xichang Satellite Launch Center,LEO,1.0,Weili-Kongjian 1-53 (Centispace 1-3S),Failure
2018-04-10,Long March 4C,Jiuquan Satellite Launch Center,LEO,5.0,Weili-Kongjian 1-54 (Centispace 1-4S),Success
2022-09-06,Kuaizhou-1A,Jiuquan Satellite Launch Center,LEO,97.0,Weina-1A,Success
2022-09-06,Kuaizhou-1A,Jiuquan Satellite Launch Center,LEO,97.0,Weina-1B,Success
2022-02-27,Long March 8,Wenchang Space Center,LEO,62.0,Wenchang-1 01,Success
2022-02-27,Long March 8,Wenchang Space Center,LEO,62.0,Wenchang-1 02,Failure
2022-07-01,Atlas 5,Cape Canaveral,LEO,3000.0,"WFOV Testbed (Wide Field of View Testbed, USSF 12)",Success
2007-10-11,Atlas 5,Cape Canaveral,GEO,5900.0,"Wideband Global Satcom 1 (WGS-1, USA 195)",Success
2019-03-16,Delta 4,Cape Canaveral,GEO,5990.0,"Wideband Global Satcom 10 (WGS-10, USA 291)",Success
2009-04-04,Atlas 5,Cape Canaveral,GEO,5987.0,"Wideband Global Satcom 2 (WGS-2, USA 204)",Success
2009-12-06,Delta 4,Cape Canaveral,GEO,5990.0,"Wideband Global Satcom 3 (WGS-3, USA 211)",Success
2012-01-20,Delta 4,Cape Canaveral,GEO,5990.0,"Wideband Global Satcom 4 (WGS-4, USA 233)",Success
2013-05-25,Delta 4,Cape Canaveral,GEO,5990.0,"Wideband Global Satcom 5 (WGS-5, USA 243)",Success
2013-08-08,Delta 4,Cape Canaveral,GEO,5990.0,"Wideband Global Satcom 6 (WGS-6, USA 244)",Success
2015-07-24,Delta 4,Cape Canaveral,GEO,5990.0,"Wideband Global Satcom 7 (WGS-7, USA 263)",Success
2016-12-07,Delta 4,Cape Canaveral,GEO,5990.0,"Wideband Global Satcom 8 (WGS-8, USA 272)",Success
2017-03-17,Delta 4,Cape Canaveral,GEO,5990.0,"Wideband Global Satcom 9 (WGS-9, USA 275)",Success
2006-12-08,Ariane 5,Guiana Space Center,GEO,4735.0,WildBlue 1,Success
2021-03-22,Soyuz-2.1a,Baikonur Cosmodrome,LEO,1.0,WildTrackCube-SIMBA (System for Improving Monitoring the Behaviour of Animals),Success
2013-11-21,Dnepr,Dombarovsky Air Base,LEO,10.0,WNISat-1 (Weather News Inc. Satellite 1),Success
2017-07-14,Soyuz-2.1a,Baikonur Cosmodrome,LEO,43.0,WNISat-1R (Weather News Inc. Satellite 1R),Success
2007-09-18,Delta 2,Vandenberg AFB,LEO,4500.0,Worldview 1,Success
2009-10-08,Delta 2,Vandenberg AFB,LEO,2800.0,Worldview 2,Success
2014-08-13,Atlas 5,Vandenberg AFB,LEO,2800.0,Worldview 3,Success
2011-04-20,PSLV C16,Satish Dhawan Space Centre,LEO,91.0,X-Sat,Success
2020-05-17,Atlas 5,Cape Canaveral,LEO,4990.0,"X37-B OTV-6 (AFSPC 7, USA 299)",Success
2023-01-09,Ceres 5,Wenchang Space Center,LEO,50.0,Xiamen Keji 1  ,Success
2019-06-05,Long March 11,Yellow Sea Launch Platform,LEO,8.0,Xiaoxiang 1-04 ,Failure
2019-08-30,Kuaizhou 1A,Jiuquan Satellite Launch Center,LEO,10.0,Xiaoxiang 1-07 ,Success
2022-02-27,Long March 8,Wenchang Space Center,LEO,88.0,Xidian 1,Success
2021-07-03,Long March 2D,Taiyuan Launch Center,LEO,10.0,Xingshidai 10,Success
2019-08-17,Jielong 1,Jiuquan Satellite Launch Center,LEO,10.0,Xingshidai 5,Success
2020-05-11,Kuaizhou 1A,Jiuquan Satellite Launch Center,LEO,93.0,Xingyun 2-01,Success
2020-05-11,Kuaizhou 1A,Jiuquan Satellite Launch Center,LEO,93.0,Xingyun 2-02,Success
2012-11-18,Long March 2C,Taiyuan Launch Center,LEO,,Xinyan 1 (XY-1),Success
2018-06-27,Long March 2C,Xichang Satellite Launch Center,LEO,,XJS-A (New Technology Test Satellite-A),Success
2018-06-27,Long March 2C,Xichang Satellite Launch Center,LEO,,XJS-B (New Technology Test Satellite-B),Success
2020-02-19,Long March 2D,Xichang Satellite Launch Center,LEO,,XJS-C (New Technology Test Satellite-C),Success
2020-02-19,Long March 2D,Xichang Satellite Launch Center,LEO,,XJS-D (New Technology Test Satellite-D),Success
2020-02-19,Long March 2D,Xichang Satellite Launch Center,LEO,,XJS-E (New Technology Test Satellite-E),Success
2020-02-19,Long March 2D,Xichang Satellite Launch Center,LEO,,XJS-F (New Technology Test Satellite-F),Success
2020-05-29,Long March 11,Xichang Satellite Launch Center,LEO,,XJS-G (New Technology Test Satellite-G),Success
2020-05-29,Long March 11,Xichang Satellite Launch Center,LEO,,XJS-H (New Technology Test Satellite H),Success
2020-12-22,Long March 8,Wenchang Space Center,LEO,,XJY-7 (Xinjishu Yanzheng 7),Success
1999-12-10,Ariane 5,Guiana Space Center,Elliptical,3764.0,XMM Newton (High Throughput X-ray Spectroscopy Mission),Success
2016-11-09,Long March 11,Jiuquan Satellite Launch Center,LEO,240.0,XPNav-1,Success
2005-02-12,Ariane 5 ECA,Guiana Space Center,GEO,3631.0,XTAR-EUR,Failure
2009-12-15,Long March 4C,Taiyuan Launch Center,LEO,60.0,"XW-1 (Hope Oscar 68, HO-68, Xi Wang 1, Hope-1, CAS-1)",Success
2015-09-19,Long March 6,Taiyuan Launch Center,LEO,25.0,XW-2A (CAS-3A),Success
2015-09-19,Long March 6,Taiyuan Launch Center,LEO,10.0,XW-2B (CAS-3B),Success
2015-09-19,Long March 6,Taiyuan Launch Center,LEO,10.0,XW-2C (CAS-3C),Success
2015-09-19,Long March 6,Taiyuan Launch Center,LEO,10.0,XW-2D (CAS-3D),Success
2015-09-19,Long March 6,Taiyuan Launch Center,LEO,2.0,XW-2F (CAS-3F),Success
2017-01-09,Kuaizhou,Jiuquan Satellite Launch Center,LEO,2.0,XY-S1 (Xingyun Shiyan-1),Success
2011-04-22,Ariane 5,Guiana Space Center,GEO,5953.0,Yahsat-1A (Y1A),Success
2012-04-23,Proton M,Baikonur Cosmodrome,GEO,6000.0,Yahsat-1B (Y1B),Success
2021-06-30,Falcon 9,Cape Canaveral,LEO,80.0,YAM-2 (Yet Another Mission),Success
2021-06-30,Falcon 9,Cape Canaveral,LEO,80.0,YAM-3 (Yet Another Mission),Success
2023-01-03,Falcon 9,Cape Canaveral,LEO,87.0,YAM-5 (Yet Another Mission),Success
2003-11-24,Proton K,Baikonur Cosmodrome,GEO,1320.0,Yamal-202 ,Success
2012-11-02,Proton M,Baikonur Cosmodrome,GEO,1640.0,Yamal-300K,Success
2014-12-15,Proton M,Baikonur Cosmodrome,GEO,2976.0,Yamal-401,Success
2012-12-08,Proton M,Baikonur Cosmodrome,GEO,4463.0,Yamal-402,Success
2019-05-30,Proton,Baikonur Cosmodrome,GEO,5400.0,Yamal-601,Failure
2021-06-11,Long March 2D,Taiyuan Launch Center,LEO,42.0,Yangwang-1,Success
2010-08-09,Long March 4C,Taiyuan Launch Center,LEO,,Yaogan 10 (Remote Sensing Satellite 10),Success
2010-09-22,Long March 2D,Jiuquan Satellite Launch Center,LEO,,Yaogan 11 (Remote Sensing Satellite 11),Success
2011-11-09,Long March 4B,Taiyuan Launch Center,LEO,,Yaogan 12 (Remote Sensing Satellite 12),Success
2011-11-29,Long March 2C,Taiyuan Launch Center,LEO,,Yaogan 13 (Remote Sensing Satellite 13),Success
2012-05-10,Long March 4B,Taiyuan Launch Center,LEO,,Yaogan 14 (Remote Sensing Satellite 14),Success
2012-05-29,Long March 4C,Taiyuan Launch Center,LEO,1040.0,Yaogan 15 (Remote Sensing Satellite 15),Success
2012-11-25,Long March 4C,Jiuquan Satellite Launch Center,LEO,,"Yaogan 16A (Remote Sensing Satellite 16A, Yaogan Weixing 16)",Success
2012-11-25,Long March 4C,Jiuquan Satellite Launch Center,LEO,,Yaogan 16B (Remote Sensing Satellite 16B),Success
2012-11-25,Long March 4C,Jiuquan Satellite Launch Center,LEO,,Yaogan 16C (Remote Sensing Satlelite 16C),Success
2013-09-01,Long March 4C,Jiuquan Satellite Launch Center,LEO,,"Yaogan 17A (Remote Sensing Satellite 17A, Yaogan Weixing 17)",Success
2013-09-01,Long March 4C,Jiuquan Satellite Launch Center,LEO,,Yaogan 17B (Remote Sensing Satellite 17B),Success
2013-09-01,Long March 4C,Jiuquan Satellite Launch Center,LEO,,Yaogan 17C (Remote Sensing Satellite 17C),Success
2013-11-20,Long March 4C,Taiyuan Launch Center,LEO,,Yaogan 19 (Remote Sensing Satellite 19),Success
2014-08-09,Long March 4C,Jiuquan Satellite Launch Center,LEO,,Yaogan 20A (Remote Sensing Satellite 20A),Success
2014-08-09,Long March 4C,Jiuquan Satellite Launch Center,LEO,,Yaogan 20B (Remote Sensing Satellite 20B),Success
2014-08-09,Long March 4C,Jiuquan Satellite Launch Center,LEO,,Yaogan 20C (Remote Sensing Satellite 20C),Success
2014-09-08,Long March 4B,Taiyuan Launch Center,LEO,,Yaogan 21 (Remote Sensing Satellite 21),Success
2014-10-20,Long March 4C,Taiyuan Launch Center,LEO,,Yaogan 22 (Remote Sensing Satellite 22),Success
2014-11-14,Long March 2C,Taiyuan Launch Center,LEO,,Yaogan 23 (Remote Sensing Satellite 23),Success
2014-11-20,Long March 2C,Jiuquan Satellite Launch Center,LEO,,Yaogan 24 (Remote Sensing Satellite 24),Success
2014-12-10,Long March 4C,Jiuquan Satellite Launch Center,LEO,,Yaogan 25A (Remote Sensing Satellite 25A),Success
2014-12-10,Long March 4C,Jiuquan Satellite Launch Center,LEO,,Yaogan 25B (Remote Sensing Satellite 25B),Success
2014-12-10,Long March 4C,Jiuquan Satellite Launch Center,LEO,,Yaogan 25C (Remote Sensing Satellite 25C),Success
2014-12-27,Long March 4B,Taiyuan Launch Center,LEO,,Yaogan 26 (Remote Sensing Satellite 26),Success
2015-08-27,Long March 4C,Taiyuan Launch Center,LEO,,Yaogan 27 (Remote Sensing Satellite 27),Success
2015-11-08,Long March 4B,Taiyuan Launch Center,LEO,1040.0,Yaogan 28 (Remote Sensing Satellite 28),Success
2015-11-26,Long March 4C,Taiyuan Launch Center,LEO,1040.0,Yaogan 29 (Remote Sensing Satellite 29),Success
2016-05-15,Long March 2D,Jiuquan Satellite Launch Center,LEO,2700.0,Yaogan 30 (Remote Sensing Satellite 30),Success
2017-09-29,Long March 2C,Xichang Satellite Launch Center,LEO,,Yaogan 30-1-1 (Remote Sensing Satellite 30-1-1),Success
2017-09-29,Long March 2C,Xichang Satellite Launch Center,LEO,,Yaogan 30-1-2 (Remote Sensing Satellite 30-1-2),Success
2017-09-29,Long March 2C,Xichang Satellite Launch Center,LEO,,Yaogan 30-1-3 (Remote Sensing Satellite 30-1-3),Success
2021-07-19,Long March 2C,Xichang Satellite Launch Center,LEO,500.0,Yaogan 30-10-1 (Remote Sensing Satellite 30-10-1),Success
2021-07-19,Long March 2C,Xichang Satellite Launch Center,LEO,500.0,Yaogan 30-10-2 (Remote Sensing Satellite 30-10-2),Success
2021-07-19,Long March 2C,Xichang Satellite Launch Center,LEO,500.0,Yaogan 30-10-3 (Remote Sensing Satellite 30-10-3),Success
2020-03-24,Long March 2C,Xichang Satellite Launch Center,LEO,,Yaogan 30-16 (Remote Sensing Satellite 30-16),Success
2020-03-24,Long March 2C,Xichang Satellite Launch Center,LEO,,Yaogan 30-17 (Remote Sensing Satellite 30-17),Success
2020-10-26,Long March 2C,Xichang Satellite Launch Center,LEO,,Yaogan 30-19 (Remote Sensing Satellite 30-19),Success
2017-11-26,Long March 2C,Xichang Satellite Launch Center,LEO,,Yaogan 30-2-1 (Remote Sensing Satellite 30-2-1),Success
2017-11-26,Long March 2C,Xichang Satellite Launch Center,LEO,,Yaogan 30-2-2 (Remote Sensing Satellite 30-2-2),Success
2017-11-26,Long March 2C,Xichang Satellite Launch Center,LEO,,Yaogan 30-2-3 (Remote Sensing Satellite 30-2-3),Success
2020-10-26,Long March 2C,Xichang Satellite Launch Center,LEO,,Yaogan 30-20 (Remote Sensing Satellite 30-20),Success
2020-10-26,Long March 2C,Xichang Satellite Launch Center,LEO,,Yaogan 30-21 (Remote Sensing Satellite 30-21),Success
2017-12-25,Long March 2C,Xichang Satellite Launch Center,LEO,,Yaogan 30-3-1 (Remote Sensing Satellite 30-3-1),Success
2017-12-25,Long March 2C,Xichang Satellite Launch Center,LEO,,Yaogan 30-3-2 (Remote Sensing Satellite 30-3-2),Success
2017-12-25,Long March 2C,Xichang Satellite Launch Center,LEO,,Yaogan 30-3-3 (Remote Sensing Satellite 30-3-3),Failure
2018-01-25,Long March 2C,Xichang Satellite Launch Center,LEO,,Yaogan 30-4-1 (Remote Sensing Satellite 30-4-1),Success
2018-01-25,Long March 2C,Xichang Satellite Launch Center,LEO,,Yaogan 30-4-2 (Remote Sensing Satellite 30-4-2),Success
2018-01-25,Long March 2C,Xichang Satellite Launch Center,LEO,,Yaogan 30-4-3 (Remote Sensing Satellite 30-4-3),Success
2019-07-26,Long March 2C,Xichang Satellite Launch Center,LEO,,Yaogan 30-5-1 (Remote Sensnig Satellite 30-5-1),Success
2019-07-26,Long March 2C,Xichang Satellite Launch Center,LEO,,Yaogan 30-5-2 (Remote Sensing Satellite 30-5-2),Success
2019-07-26,Long March 2C,Xichang Satellite Launch Center,LEO,,Yaogan 30-5-3 (Remote Sensing Satellite 30-5-3),Success
2021-05-06,Long March 2C,Xichang Satellite Launch Center,LEO,,Yaogan 30-8-1 (Remote Sensing Satellite 30-8-1),Success
2021-05-06,Long March 2C,Xichang Satellite Launch Center,LEO,,Yaogan 30-8-2 (Remote Sensing Satellite 30-8-2),Success
2021-05-06,Long March 2C,Xichang Satellite Launch Center,LEO,,Yaogan 30-8-3 (Remote Sensing Satellite 30-8-3),Success
2021-06-18,Long March 2C,Xichang Satellite Launch Center,LEO,,Yaogan 30-9-1 (Remote Sensing Satellite 30-9-1),Success
2021-06-18,Long March 2C,Xichang Satellite Launch Center,LEO,,Yaogan 30-9-2 (Remote Sensing Satellite 30-9-2),Success
2021-06-18,Long March 2C,Xichang Satellite Launch Center,LEO,,Yaogan 30-9-3 (Remote Sensing Satellite 30-9-3),Success
2020-03-24,Long March 2C,Xichang Satellite Launch Center,LEO,,Yaogan 30-T (Remote Sensing Satellite 30T),Success
2018-04-10,Long March 4C,Jiuquan Satellite Launch Center,LEO,,Yaogan 31-1-1 (Remote Sensing Satellite 31-1-1),Success
2018-04-10,Long March 4C,Jiuquan Satellite Launch Center,LEO,,Yaogan 31-1-2 (Remote Sensing Satellite 31-1-2),Success
2018-04-10,Long March 4C,Jiuquan Satellite Launch Center,LEO,,Yaogan 31-1-3 (Remote Sensing Satellite 31-1-3),Success
2021-02-27,Long March 4C,Jiuquan Satellite Launch Center,LEO,,Yaogan 31-3-1 (Remote Sensing Satellite 31-3-1),Success
2021-02-27,Long March 4C,Jiuquan Satellite Launch Center,LEO,,Yaogan 31-3-2 (Remote Sensing Satellite 31-3-2),Success
2021-02-27,Long March 4C,Jiuquan Satellite Launch Center,LEO,,Yaogan 31-3-3 (Remote Sensing Satellite 31-3-3),Success
2021-03-13,Long March 4C,Jiuquan Satellite Launch Center,LEO,500.0,Yaogan 31-4-1 (Remote Sensing Satellite 31-4-1),Success
2021-03-13,Long March 4C,Jiuquan Satellite Launch Center,LEO,500.0,Yaogan 31-4-2 (Remote Sensing Satellite 31-4-2),Failure
2021-03-13,Long March 4C,Jiuquan Satellite Launch Center,LEO,500.0,Yaogan 31-4-3 (Remote Sensing Satellite 31-4-3),Success
2018-10-08,Long March 2C,Jiuquan Satellite Launch Center,LEO,,Yaogan 32-1-1 (Remote Sensing Satellite 32-1-1),Success
2021-01-29,Long March 4C,Jiuquan Satellite Launch Center,LEO,,Yaogan 32-2-1 (Remote Sensing Satellite 32-2-1),Success
2021-01-29,Long March 4C,Jiuquan Satellite Launch Center,LEO,,Yaogan 32-2-2 (Remote Sensing Satellite 32-2-2),Success
2021-01-29,Long March 4C,Jiuquan Satellite Launch Center,LEO,,Yaogan 32-2-3 (Remote Sensing Satellite 32-2-3),Success
2021-11-03,Long March 2C,Jiuquan Satellite Launch Center,LEO,,Yaogan 32-2A (Remote Sensing Satellite 32-2A),Failure
2021-11-03,Long March 2C,Jiuquan Satellite Launch Center,LEO,,Yaogan 32-2B (Remote Sensing Satellite 32-2B),Success
2020-12-27,Long March 4C,Jiuquan Satellite Launch Center,LEO,,Yaogan 33 (Remote Sensing Satellite 33),Success
2022-03-23,Long March 4C,Jiuquan Satellite Launch Center,LEO,500.0,Yaogan 34 (Remote Sensing Satellite 34),Success
2022-09-02,Long March 4C,Jiuquan Satellite Launch Center,LEO,1040.0,Yaogan 34-02 (Remote Sensing Satellite 34-02),Success
2023-03-31,Long March 4C,Jiuquan Satellite Launch Center,LEO,500.0,Yaogan 34-04 (Remote Sensing Satellite 34-04),Success
2022-06-23,Long March 2D,Xichang Satellite Launch Center,LEO,300.0,Yaogan 35-02A ,Success
2022-06-23,Long March 2D,Xichang Satellite Launch Center,LEO,300.0,Yaogan 35-02B,Success
2022-06-23,Long March 2D,Xichang Satellite Launch Center,LEO,300.0,Yaogan 35-02C ,Success
2022-07-29,Long March 2D,Xichang Satellite Launch Center,LEO,300.0,Yaogan 35-03A,Success
2022-07-29,Long March 2D,Xichang Satellite Launch Center,LEO,300.0,Yaogan 35-03B,Success
2021-11-06,Long March 2D,Xichang Satellite Launch Center,LEO,300.0,Yaogan 35-5-1,Success
2021-11-06,Long March 2D,Xichang Satellite Launch Center,LEO,300.0,Yaogan 35-5-2,Success
2022-09-06,Long March 2D,Xichang Satellite Launch Center,LEO,300.0,Yaogan 35-5-3,Success
2022-09-06,Long March 2D,Xichang Satellite Launch Center,LEO,300.0,Yaogan 35A (Remote Sensing Satellite 35A),Success
2022-09-06,Long March 2D,Xichang Satellite Launch Center,LEO,300.0,Yaogan 35B (Remote Sensing Satellite 35B),Success
2021-11-06,Long March 2D,Xichang Satellite Launch Center,LEO,300.0,Yaogan 35C (Remote Sensing Satellite 35C),Failure
2022-09-26,Long March 2D,Taiyuan Launch Center,LEO,300.0,Yaogan 36-1-1,Success
2022-09-26,Long March 2D,Taiyuan Launch Center,LEO,300.0,Yaogan 36-1-2,Success
2022-09-26,Long March 2D,Taiyuan Launch Center,LEO,300.0,Yaogan 36-1-3,Success
2022-10-14,Long March 2D,Xichang Satellite Launch Center,LEO,300.0,Yaogan 36-2-1,Success
2022-10-14,Long March 2D,Xichang Satellite Launch Center,LEO,300.0,Yaogan 36-2-2,Success
2022-10-14,Long March 2D,Xichang Satellite Launch Center,LEO,300.0,Yaogan 36-2-3,Success
2023-01-13,Long March 2D,Jiuquan Satellite Launch Center,LEO,1000.0,Yaogan 37-1,Success
2008-12-01,Long March 2D,Xichang Satellite Launch Center,LEO,2700.0,Yaogan 4 (Remote Sensing Satellite 4),Success
2009-04-22,Long March 2C,Taiyuan Launch Center,LEO,1800.0,"Yaogan 6 (Remote Sensing Satellite 6, Jian Bing 7-A)",Success
2009-12-09,Long March 2D,Jiuquan Satellite Launch Center,LEO,2700.0,Yaogan 7 (Remote Sensing Satellite 7),Success
2009-12-15,Long March 4C,Taiyuan Launch Center,LEO,,Yaogan 8 (Remote Sensing Satellite 8),Success
2010-03-05,Long March 4C,Jiuquan Satellite Launch Center,LEO,,Yaogan 9A (Remote Sensing Satellite 9A),Success
2010-03-05,Long March 4C,Jiuquan Satellite Launch Center,LEO,,Yaogan 9B (Remote Sensing Satellite 9B),Success
2010-03-05,Long March 4C,Jiuquan Satellite Launch Center,LEO,,Yaogan 9C (Remote Sensing Satellite 9C),Success
2021-04-30,Long March 4C,Jiuquan Satellite Launch Center,LEO,500.0,Yaogan Weixing 33-2,Failure
2020-09-28,Soyuz-2.1b,Plesetsk Cosmodrome,LEO,,Yarilo-1,Success
2020-09-28,Soyuz-2.1b,Plesetsk Cosmodrome,LEO,,Yarilo-2,Success
2020-01-16,Kuaizhou 1A,Jiuquan Satellite Launch Center,LEO,227.0,"Yinhe 1 (Galaxy 1, GS-SparkSat-03) ",Success
2022-03-05,Long March 2C,Xichang Satellite Launch Center,LEO,190.0,Yinhe 2-01 ,Success
2022-03-05,Long March 2C,Xichang Satellite Launch Center,LEO,190.0,Yinhe 2-02,Success
2022-03-05,Long March 2C,Xichang Satellite Launch Center,LEO,190.0,Yinhe 2-03,Success
2022-03-05,Long March 2C,Xichang Satellite Launch Center,LEO,190.0,Yinhe 2-04,Success
2022-03-05,Long March 2C,Xichang Satellite Launch Center,LEO,190.0,Yinhe 2-05,Success
2022-03-05,Long March 2C,Xichang Satellite Launch Center,LEO,190.0,Yinhe 2-06,Success
2011-04-20,PSLV C16,Satish Dhawan Space Centre,LEO,92.0,Youthsat,Success
2020-12-22,Long March 8,Wenchang Space Center,LEO,20.0,Yuanguang ,Failure
2022-09-20,Long March 2D,Jiuquan Satellite Launch Center,LEO,800.0,Yunhai 1 3,Success
2016-11-11,Long March 2D,Jiuquan Satellite Launch Center,LEO,800.0,Yunhai-1,Success
2018-12-29,Long March 2D,Jiuquan Satellite Launch Center,LEO,,Yunhai-2 01,Success
2018-12-29,Long March 2D,Jiuquan Satellite Launch Center,LEO,,Yunhai-2 02,Success
2018-12-29,Long March 2D,Jiuquan Satellite Launch Center,LEO,,Yunhai-2 03,Success
2018-12-29,Long March 2D,Jiuquan Satellite Launch Center,LEO,,Yunhai-2 04,Success
2018-12-29,Long March 2D,Jiuquan Satellite Launch Center,LEO,,Yunhai-2 05,Success
2018-12-29,Long March 2D,Jiuquan Satellite Launch Center,LEO,,Yunhai-2 06,Success
2021-11-08,H2A,Uchinoura Space Center,LEO,46.0,Z-Sat,Success
2013-11-21,Dnepr,Dombarovsky Air Base,LEO,2.0,ZACUBE-1 (TshepisoSAT),Success
2018-11-27,Soyuz-2.1a,Vostochny Cosmodrome,LEO,4.0,ZACUBE-2,Failure
2023-01-03,Falcon 9,Cape Canaveral,LEO,4.0,Zeus-1,Success
2004-11-04,Long March 4B,Taiyuan Launch Center,LEO,,"Zhangguo Ziyuan 2C (ZY-2C, JB-3C)",Success
2018-02-02,Long March 2D,Jiuquan Satellite Launch Center,LEO,730.0,"Zhangheng 1 (CSES, China Seismo-Electromagnetic Satellite)",Success
2010-09-22,Long March 2D,Jiuquan Satellite Launch Center,LEO,3.5,"Zheda Pixing 1B (ZP-1B, Zhejiang University-1B)",Success
2010-09-22,Long March 2D,Jiuquan Satellite Launch Center,LEO,3.5,"Zheda Pixing 1C (ZP-1C, Zhejiang University-1B",Success
2015-09-19,Long March 6,Taiyuan Launch Center,LEO,12.0,"Zheda Pixing 2A (ZP-2A, ZDP-2A)",Success
2015-09-19,Long March 6,Taiyuan Launch Center,LEO,12.0,"Zheda Pixing 2B (ZP-2B, ZDP-2B)",Success
2020-06-17,Long March 2D,Jiuquan Satellite Launch Center,LEO,12.0,"Zheda Pixing 3A (ZP-3A, ZDP-3A)",Success
2020-08-06,Long March 2D,Jiuquan Satellite Launch Center,LEO,,Zhongli yu Daqi Kexue,Success
2011-06-20,Long March 3B,Xichang Satellite Launch Center,GEO,5000.0,"Zhongxing 10 (XZ-10, Chinasat 10)",Success
2013-05-01,Long March 3B,Xichang Satellite Launch Center,GEO,5100.0,Zhongxing 11 (ChinaSat 11),Success
2012-11-27,Long March 3B,Xichang Satellite Launch Center,GEO,5500.0,"Zhongxing 12 (Chinasat 12, SupremeSat-1, Apstar 7B, ZX-12)",Success
2011-09-18,Long March 3B,Xichang Satellite Launch Center,GEO,5200.0,"Zhongxing 1A (Chinasat 1A, Fenghuo 2)",Success
2015-12-09,Long March 3B,Xichang Satellite Launch Center,GEO,5200.0,Zhongxing 1C (ChinaSat 1C),Success
2021-11-26,Long March 3B,Xichang Satellite Launch Center,GEO,2500.0,Zhongxing 1D (ChinaSat 1D),Success
2022-09-13,Long March 7A,Wenchang Space Center,GEO,2500.0,Zhongxing 1E (ChinaSat 1E),Success
2010-11-24,Long March 3B,Xichang Satellite Launch Center,GEO,2300.0,Zhongxing 20A ,Success
2023-02-23,Long March 3B,Xichang Satellite Launch Center,GEO,5250.0,Zhongxing 26 (Chinasat 26),Success
2012-05-26,Long March 3B,Xichang Satellite Launch Center,GEO,5200.0,Zhongxing 2A (Chinasat 2A),Success
2015-11-03,Long March 3B,Xichang Satellite Launch Center,GEO,5200.0,Zhongxing 2C (ChinaSat 2C),Success
2019-01-10,Long March 3B,Xichang Satellite Launch Center,GEO,5200.0,Zhongxing 2D (Chinasat 2D),Success
2021-08-05,Long March 3B,Xichang Satellite Launch Center,GEO,5200.0,Zhongxing 2E (Chinasat 2E),Success
2007-07-06,Long March 3B,Xichang Satellite Launch Center,GEO,4600.0,Zhongxing 6B (ChinaSat 6B),Success
2019-03-11,Long March 3B,Xichang Satellite Launch Center,GEO,4600.0,Zhongxing 6C (ChinaSat 6C),Success
2022-04-15,Long March 3B,Xichang Satellite Launch Center,GEO,5250.0,Zhongxing 6D (ChinaSat 6D),Success
2008-06-09,Long March 3B,Xichang Satellite Launch Center,GEO,,"Zhongxing 9 (Chinasat 9, Chinastar 9)",Success
2021-09-09,Long March 3B,Xichang Satellite Launch Center,GEO,5500.0,Zhongxing 9B (Chinasat 9B),Success
2019-09-19,Long March 11,Jiuquan Satellite Launch Center,LEO,55.0,Zhuhai 1 (OHS 5),Success
2019-09-19,Long March 11,Jiuquan Satellite Launch Center,LEO,55.0,Zhuhai 1 (OHS 6),Success
2019-09-19,Long March 11,Jiuquan Satellite Launch Center,LEO,55.0,Zhuhai 1 (OHS 7),Success
2019-09-19,Long March 11,Jiuquan Satellite Launch Center,LEO,55.0,Zhuhai 1 (OHS 8),Success
2017-06-15,Long March 4B,Jiuquan Satellite Launch Center,LEO,55.0,Zhuhai 1-01 (OVS-1A),Success
2017-06-15,Long March 4B,Jiuquan Satellite Launch Center,LEO,55.0,Zhuhai 1-02 (OVS-1B),Success
2018-04-26,Long March 11,Jiuquan Satellite Launch Center,LEO,55.0,Zhuhai 1-03 (OVS-2A),Failure
2019-09-19,Long March 11,Jiuquan Satellite Launch Center,LEO,55.0,Zhuhai 1-03 (OVS-3),Success
2018-04-26,Long March 11,Jiuquan Satellite Launch Center,LEO,90.0,Zhuhai 1-04 (OHS-1),Success
2018-04-26,Long March 11,Jiuquan Satellite Launch Center,LEO,90.0,Zhuhai 1-05 (OHS-2),Success
2018-04-26,Long March 11,Jiuquan Satellite Launch Center,LEO,90.0,Zhuhai 1-06 (OHS-3),Success
2018-04-26,Long March 11,Jiuquan Satellite Launch Center,LEO,90.0,Zhuhai 1-07 (OHS-4),Success
2011-12-22,Long March 4B,Taiyuan Launch Center,LEO,1500.0,Ziyuan 1-02C,Success
2019-09-14,Long March 4B,Taiyuan Launch Center,LEO,2650.0,Ziyuan 1-2D,Success
2012-01-09,Long March 4B,Taiyuan Launch Center,LEO,2650.0,Ziyuan 3 (ZY-3),Failure
2016-05-29,Long March 4B,Taiyuan Launch Center,LEO,2630.0,Ziyuan 3-2,Success
2020-07-25,Long March 4B,Taiyuan Launch Center,LEO,2630.0,Ziyuan 3-3,Success
